-- phpMyAdmin SQL Dump
-- version 4.8.3
-- https://www.phpmyadmin.net/
--
-- Servidor: 127.0.0.1
-- Tiempo de generación: 01-02-2019 a las 18:13:34
-- Versión del servidor: 10.1.37-MariaDB
-- Versión de PHP: 7.2.12

SET SQL_MODE = "NO_AUTO_VALUE_ON_ZERO";
SET AUTOCOMMIT = 0;
START TRANSACTION;
SET time_zone = "+00:00";


/*!40101 SET @OLD_CHARACTER_SET_CLIENT=@@CHARACTER_SET_CLIENT */;
/*!40101 SET @OLD_CHARACTER_SET_RESULTS=@@CHARACTER_SET_RESULTS */;
/*!40101 SET @OLD_COLLATION_CONNECTION=@@COLLATION_CONNECTION */;
/*!40101 SET NAMES utf8mb4 */;

--
-- Base de datos: `gestor_censos`
--

-- --------------------------------------------------------

--
-- Estructura de tabla para la tabla `acciones`
--

CREATE TABLE `acciones` (
  `id` int(255) NOT NULL,
  `name` varchar(255) NOT NULL,
  `description` text NOT NULL
) ENGINE=InnoDB DEFAULT CHARSET=latin1 COMMENT='Hasta el id 20 reservadas para futuras acciones del sistema';

--
-- Volcado de datos para la tabla `acciones`
--

INSERT INTO `acciones` (`id`, `name`, `description`) VALUES
(1, 'Finalizado por Inscrito', 'Acción cuando el inscrito da por finalizado el envió de documentación'),
(2, 'VALIDADO', 'Este usuario ha sido validado por suficientes validadores'),
(3, 'Enviar Correo', 'Mediante esta acción se envía un correo al usuario. Se envia el texto que se indica en el campo  Acción');

-- --------------------------------------------------------

--
-- Estructura de tabla para la tabla `actividad`
--

CREATE TABLE `actividad` (
  `id` int(11) NOT NULL,
  `name` int(11) NOT NULL,
  `texto` text COLLATE utf8_unicode_ci NOT NULL
) ENGINE=InnoDB DEFAULT CHARSET=utf8 COLLATE=utf8_unicode_ci;

-- --------------------------------------------------------

--
-- Estructura de tabla para la tabla `actividad_user`
--

CREATE TABLE `actividad_user` (
  `id` int(11) NOT NULL,
  `users_id` int(11) DEFAULT NULL,
  `status` int(11) DEFAULT NULL,
  `actividad_id` int(11) NOT NULL,
  `actividad` text COLLATE utf8_unicode_ci NOT NULL
) ENGINE=InnoDB DEFAULT CHARSET=utf8 COLLATE=utf8_unicode_ci;

-- --------------------------------------------------------

--
-- Estructura de tabla para la tabla `categories`
--

CREATE TABLE `categories` (
  `id` int(11) NOT NULL,
  `name` varchar(255) COLLATE utf8_unicode_ci NOT NULL,
  `description` text COLLATE utf8_unicode_ci NOT NULL
) ENGINE=InnoDB DEFAULT CHARSET=utf8 COLLATE=utf8_unicode_ci;

--
-- Volcado de datos para la tabla `categories`
--

INSERT INTO `categories` (`id`, `name`, `description`) VALUES
(1, 'Inicio', 'Pagina de inicio'),
(2, 'Recupera', 'Pagina para recuperar enlace para incluir imágenes'),
(3, 'Registro inicial', 'Entradas correspondientes a la pagina del primer registro'),
(4, 'Registro, segunda pagina', 'Texto de la segunda pagina del registro'),
(5, 'Subir archivos', 'Textos de la pagina con el formulario para subir archivos'),
(6, 'Recupera segunda pagina', 'Segunda pagina de la recuperación del enlace para añadir el documentos'),
(8, 'Paginas', 'Paginas interiores que podemos crear si  necesitamos información adicional '),
(9, 'Slider', 'Slider de imágenes de la cabecera');

-- --------------------------------------------------------

--
-- Estructura de tabla para la tabla `ccaa`
--

CREATE TABLE `ccaa` (
  `ID` int(10) UNSIGNED NOT NULL,
  `ccaa` tinytext COLLATE utf8_unicode_ci NOT NULL,
  `especial` int(11) NOT NULL
) ENGINE=InnoDB DEFAULT CHARSET=utf8 COLLATE=utf8_unicode_ci;

--
-- Volcado de datos para la tabla `ccaa`
--

INSERT INTO `ccaa` (`ID`, `ccaa`, `especial`) VALUES
(1, 'Andalucía', 0),
(2, 'Aragón', 0),
(3, 'Asturias, Principado de', 0),
(4, 'Balears, Illes', 0),
(5, 'Canarias', 0),
(6, 'Cantabria', 0),
(7, 'Castilla y León', 0),
(8, 'Castilla - La Mancha', 0),
(9, 'Catalunya', 0),
(10, 'Comunitat Valenciana', 0),
(11, 'Extremadura', 0),
(12, 'Galicia', 0),
(13, 'Madrid, Comunidad de', 0),
(14, 'Murcia, Región de', 0),
(15, 'Navarra, Comunidad Foral de', 0),
(16, 'País Vasco', 0),
(17, 'Rioja, La', 0),
(18, 'Ceuta', 0),
(19, 'Melilla', 0);

-- --------------------------------------------------------

--
-- Estructura de tabla para la tabla `entries`
--

CREATE TABLE `entries` (
  `id` int(11) NOT NULL,
  `user_id` int(11) DEFAULT NULL,
  `category_id` int(11) DEFAULT NULL,
  `title` varchar(255) COLLATE utf8_unicode_ci NOT NULL,
  `content` text COLLATE utf8_unicode_ci,
  `status` varchar(60) COLLATE utf8_unicode_ci NOT NULL,
  `image` varchar(255) COLLATE utf8_unicode_ci DEFAULT NULL
) ENGINE=InnoDB DEFAULT CHARSET=utf8 COLLATE=utf8_unicode_ci COMMENT='Hasta el ID 100 reservados para entradas del sistema';

--
-- Volcado de datos para la tabla `entries`
--

INSERT INTO `entries` (`id`, `user_id`, `category_id`, `title`, `content`, `status`, `image`) VALUES
(1, 1, 1, 'INSCRIBETE EN NUESTRA BASE DE DATOS', '¿Quieres participar en las primarias para elegir a los candidatos de nuestra lista electoral? Estamos creando el censo de participación para poder realizar las votaciones con garantías, y para ello necesitamos tener un censo para tener la certeza de que cada persona solo vota una vez. Por ello te pediremos una imagen de algún documento que te identifique (DNI, Pasaporte, ect)', 'public', NULL),
(2, 1, 1, 'Proceso de creación de censos', 'Mediante esta aplicación vamos a proceder a crear los censos. El proceso tiene dos pasos, en el primero te pedimos que completes una serie de datos, entre ellos tu correo electrónico que deberás validar y en el segundo te pediremos una imagen de tu documento de identidad.', 'public', NULL),
(3, 1, 1, '¿Por qué todo esto?', 'Queremos que todo el mundo pueda participar, y esto en parte se consigue mediante herramientas online, pero también queremos tener unos censos fiables y que cada usuario solo pueda votar una vez y de esta manera tener unas votaciones limpias. Si lo prefieres, también puede inscribirte presencialmente en nuestra sede de 17 a 20h', 'public', NULL),
(4, 1, 1, 'Validación del censo', 'Una vez que hayas completado la inscripción, dos validadores comprobarán tu documentación y le darán el visto bueno. Si algún documento es incorrecto o no se ve suficientemente bien, se pondrán en contacto y te solicitarán que la envíes nuevamente', 'public', NULL),
(5, 1, 1, 'Zona final de la página', 'Contenido pie de página, haga público este contenido si quiere que sea visible', 'private', NULL),
(6, 1, 3, 'Texto comienzo pagina', 'Contenido inicio de página, haga público este contenido si quiere que sea visible', 'private', NULL),
(7, 1, 3, 'REGISTRATE!!!', 'Completa los campos del formulario para completar la primera fase del registro', 'public', NULL),
(8, 1, 3, 'Condiciones legales', 'CONDICIONES GENERALES DE INSCRIPCIÓN Y POLÍTICA DE PRIVACIDAD\r\n\r\nCondiciones legales de la inscripción en ELPARTIDO Partido PolíticoAl cumplimentar y enviar el formulario de inscripción pasarás a ser miembro de ELPARTIDO partido político con CIF a$$$$$$$$$ y serás titular de los derechos y obligaciones reconocidos por la legislación española a todas las personas afiliadas a partidos políticos.Al marcar las casillas de aceptación del formulario de inscripción manifiestas haber leído los documentos que puedes descargar en los enlaces que se indican en el formulario y manifiestas tu voluntad afirmativa, libre, específica, informada e inequívoca de ser miembro de ELPARTIDO, de aceptar el cumplimiento de las condiciones generales de uso de la web, de las condiciones particulares de este formulario de registro, de los Estatutos, el Código Ético y los Documentos ELPARTIDO así como el empleo de cookies y la política de privacidad de la que te informamos a continuación.El acceso a la web ELPARTIDO.ES está reservado a las personas inscritas en el partido político ELPARTIDO que se registren en la misma conforme al procedimiento establecido en estas condiciones generales.El nombre de usuario y una contraseña es personal e intransferible.La persona inscrita declara y garantiza que los datos personales que ha indicado en el formulario de registro son verdaderos, exactos, completos y actualizados, y se hace responsable de los daños y perjuicios, ya sean directos o indirectos, que pudiera ocasionar a ELPARTIDO como consecuencia de la utilización de datos falsos.Es imprescindible facilitar los datos personales y cumplimentar la verificación que se solicite en cada nivel de registro, incluyendo la recepción de mensajes de correo electrónico. Los usuarios aceptan expresamente la recepción de mensajes y comunicaciones en su dirección de correo electrónico y facilitar el uso de los servicios y aplicaciones de la web.En el caso de no facilitar o verificar los datos personales requeridos en cada uno de los niveles de registro no se podrá completar la inscripción.\r\n\r\nCONDICIONES GENERALES DE INSCRIPCIÓN EN ELPARTIDO, ACCESO A LA WEB Y EMPLEO DE COOKIES\r\nPuedes consultar las Condiciones generales de inscripción, uso del portal y política de privacidad de ELPARTIDO en el enlace de la web ELPARTIDO.ES.\r\n\r\nINFORMACIÓN BÁSICA SOBRE PROTECCIÓN DE DATOS DE LAS PERSONAS INSCRITAS EN ELPARTIDO\r\n\r\n1.Responsable del tratamiento \r\nELPARTIDO PARTIDO POLÍTICO CIF A$$$$$$$$$$\r\n\r\n2. Finalidades del tratamiento de los datos\r\nGestionar el censo legal de las personas afiliadas al partido.\r\nInformar sobre las actividades del partido y promocionar la participación mediante comunicaciones electrónicas\r\nGestionar los derechos y obligaciones de las personas afiliadas\r\nGestionar las colaboraciones económicas y efectuar los cobros y pagos a través de entidades financieras\r\nGestionar la participación en elecciones de cargos internos, primarias y procesos electorales\r\nGestionar las votaciones en las consultas internas\r\nGestionar y controlar el acceso a las páginas web de ELPARTIDO\r\nGestionar la participación en las asambleas\r\nGestionar la colaboración personal de carácter voluntario\r\nNotificar las resoluciones dictadas por los órganos del partido\r\nGestionar la participación política, social y cultural en las diferentes actividades del partido.\r\n\r\n3. Legitimación del tratamiento (base jurídica)\r\nCumplimiento de una obligación legal\r\nEjecución de los derechos y obligaciones estatutariasConsentimiento de las personas inscritas en los casos de tratamientos que lo requieran\r\n\r\n4. Destinatarios de cesiones o transferencias de datos ELPARTIDO no cederá los datos a terceras personas salvo obligación legal y en los siguientes casos:Comunicaciones de datos económicos a las entidades bancarias para la gestión de las colaboraciones económicas Declaraciones tributarias a la Agencia Tributaria sobre las donaciones recibidas Información requerida por el Tribunal de Cuentas, en los casos previstos en la Ley Comunicaciones a la Junta Electoral en el caso de candidaturas en procesos electorales Requerimientos de las autoridades.\r\nEntidades de alojamiento seguro de servidores informáticos y telecomunicaciones, mediante encargo de tratamiento.\r\nNo se producirán transferencias a terceros países u organizaciones internacionales que no ofrezcan garantías adecuadas.\r\n\r\n5. Derechos de las personas interesadas\r\nAcceder a los datos personales relativos al interesado\r\nRectificación de los datos\r\nSupresión de los datos\r\nLimitación de su tratamiento (derecho al olvido)\r\nOposición al tratamiento\r\nPortabilidad de los datos\r\nRevocar el consentimiento otorgado para alguna finalidad específica\r\n\r\nPuedes solicitar modificaciones, recibir información sobre el tratamiento de tus datos personales y ejercitar tus derechos enviando personalmente una petición, detallando el derecho que quieres ejercitar, por correo electrónico a la dirección RECTIFICACION@ELPARTIDO.ES o por correo postal al domicilio social de ELPARTIDO, en la calle $$$$$$$$$$$ CP $$$$ MADRID.En ambos casos deberás acreditar tu identidad adjuntando una copia del documento legal de identificación que hayas utilizado para tu inscripción (DNI, NIE o pasaporte) o cualquier otro documento legal que permita acreditar de forma inequívoca tu identidad.\r\nSi tienes alguna duda sobre el tratamiento de tus datos personales o quieres formular alguna reclamación puedes ponerte en contacto con el Delegado de Protección de Datos de ELPARTIDO a través de la dirección de correo electrónico protecciondedatos@ELPARTIDO.ES\r\n\r\nSi no estás satisfecho con el ejercicio de tus derechos puedes presentar una reclamación ante la Agencia Española de Protección de Datos en la web www.agpd.es', 'public', NULL),
(9, 1, 3, 'Texto final de la pagina', 'Contenido pie de página, haga público este contenido si quiere que sea visible', 'private', NULL),
(10, 1, 4, 'Compruebe su correo electrónico para verificar su cuenta y seguir con el siguiente paso del proceso', 'Si no le ha llegado el correo, compruebe en la carpeta se spam o correo no deseado, si tampoco esta, solicite un nuevo correo', 'public', NULL),
(11, 1, 4, 'Texto final de la pagina', 'Contenido pie de página, haga público este contenido si quiere que sea visible', 'private', NULL),
(13, 1, 5, 'Enviar la documentación', 'Para terminar tu registros tienes que enviarnos la documentación necesaria para que podamos mirar que tu dni es real', 'public', NULL),
(14, 1, 5, 'Envía tu archivo', 'Envíanos una imagen en la que se te vea nitidamente  con el documento que vayas a aportar delante tuya. También necesitaremos una segunda imagen con el anverso del documento.\r\nRecuerda que solo se admiten imágenes (extensión png,jpg,gif)', 'public', NULL),
(15, 1, 5, 'Texto del final de la pagina', 'Contenido pie de página, haga público este contenido si quiere que sea visible', 'private', NULL),
(16, 1, 2, 'Texto al inicio de la pagina', 'Contenido inicio de página, haga público este contenido si quiere que sea visible', 'private', NULL),
(17, 1, 2, 'Terminar de enviar  documentos', 'Si tienes que enviar documentos, primero tenemos que comprobar tus datos', 'public', NULL),
(18, 1, 2, 'Texto del pie de pagina', 'Contenido pie de página, haga público este contenido si quiere que sea visible', 'private', NULL),
(19, 1, 6, 'Texto comienzo pagina', 'Contenido inicio de página, haga público este contenido si quiere que sea visible', 'private', NULL),
(20, 1, 6, 'Texto centro pagina', 'Contenido inicio de página, haga público este contenido si quiere que sea visible', 'private', NULL),
(21, 1, 6, 'Texto final pagina', 'Contenido final de página, haga público este contenido si quiere que sea visible', 'private', NULL),
(101, 1, 9, 'Participa en nuestro proceso  de primarias', 'Participa en nuestro proceso  de primarias', 'public', '1504888588.jpeg'),
(102, 1, 9, 'Generamos censos confiables, para una participación sin trampa ni cartón', NULL, 'public', '1504888683.jpeg'),
(103, 1, 9, 'Un espacio de participación para todas en igualdad de condiciones', NULL, 'public', '1504543367.jpeg');

-- --------------------------------------------------------

--
-- Estructura de tabla para la tabla `inscritos`
--

CREATE TABLE `inscritos` (
  `ID` int(10) UNSIGNED NOT NULL,
  `nombre_usuario` tinytext COLLATE utf8_unicode_ci NOT NULL,
  `apellido_usuario` tinytext COLLATE utf8_unicode_ci NOT NULL,
  `telefono` tinytext COLLATE utf8_unicode_ci NOT NULL,
  `correo_usuario` tinytext COLLATE utf8_unicode_ci NOT NULL,
  `validadoCorreo` char(2) COLLATE utf8_unicode_ci NOT NULL DEFAULT 'NO',
  `tipoDocumento` tinytext COLLATE utf8_unicode_ci NOT NULL,
  `documento` tinytext COLLATE utf8_unicode_ci NOT NULL,
  `fechaNacimiento` date NOT NULL,
  `pais` varchar(3) COLLATE utf8_unicode_ci NOT NULL,
  `provinciaOtros` tinytext COLLATE utf8_unicode_ci,
  `municipioOtros` tinytext COLLATE utf8_unicode_ci,
  `codigoPostal` tinytext COLLATE utf8_unicode_ci NOT NULL,
  `direccion` tinytext COLLATE utf8_unicode_ci NOT NULL,
  `lugarParticipacion` tinytext COLLATE utf8_unicode_ci,
  `fechaInscritpcion` datetime NOT NULL,
  `ipInscripcion` tinytext COLLATE utf8_unicode_ci NOT NULL,
  `cadenaSeg` char(10) COLLATE utf8_unicode_ci NOT NULL,
  `bloqueo` char(2) COLLATE utf8_unicode_ci NOT NULL DEFAULT 'no',
  `razon_bloqueo` tinytext COLLATE utf8_unicode_ci NOT NULL,
  `perfil` text COLLATE utf8_unicode_ci,
  `fecha_control` date DEFAULT NULL,
  `id_municipio` smallint(6) DEFAULT NULL,
  `id_provincia` int(11) DEFAULT NULL,
  `id_ccaa` varchar(45) COLLATE utf8_unicode_ci DEFAULT NULL
) ENGINE=InnoDB DEFAULT CHARSET=utf8 COLLATE=utf8_unicode_ci;

-- --------------------------------------------------------

--
-- Estructura de tabla para la tabla `inscritos_acciones`
--

CREATE TABLE `inscritos_acciones` (
  `id` int(10) UNSIGNED NOT NULL,
  `status` int(2) NOT NULL COMMENT 'identificador del id de la tabla de acciones',
  `accion` tinytext COLLATE utf8_unicode_ci,
  `datos` text COLLATE utf8_unicode_ci,
  `fecha` datetime DEFAULT NULL,
  `inscritos_ID` int(10) UNSIGNED NOT NULL
) ENGINE=InnoDB DEFAULT CHARSET=utf8 COLLATE=utf8_unicode_ci;

-- --------------------------------------------------------

--
-- Estructura de tabla para la tabla `inscritos_images`
--

CREATE TABLE `inscritos_images` (
  `id` int(10) UNSIGNED NOT NULL,
  `id_inscrito` tinytext COLLATE utf8_unicode_ci,
  `images` tinytext COLLATE utf8_unicode_ci NOT NULL,
  `fecha` datetime DEFAULT NULL,
  `inscritos_ID` int(10) UNSIGNED DEFAULT NULL
) ENGINE=InnoDB DEFAULT CHARSET=utf8 COLLATE=utf8_unicode_ci;

-- --------------------------------------------------------

--
-- Estructura de tabla para la tabla `municipios`
--

CREATE TABLE `municipios` (
  `id_municipio` smallint(5) UNSIGNED NOT NULL,
  `id_provincia` int(10) UNSIGNED DEFAULT NULL,
  `cod_municipio` int(11) NOT NULL COMMENT 'Código de muncipio DENTRO de la provincia, campo no único',
  `DC` int(11) NOT NULL COMMENT 'Digito Control. El INE no revela cómo se calcula, secreto nuclear.',
  `nombre` varchar(100) COLLATE utf8_unicode_ci NOT NULL DEFAULT ''
) ENGINE=InnoDB DEFAULT CHARSET=utf8 COLLATE=utf8_unicode_ci;

--
-- Volcado de datos para la tabla `municipios`
--

INSERT INTO `municipios` (`id_municipio`, `id_provincia`, `cod_municipio`, `DC`, `nombre`) VALUES
(1, 1, 1, 4, 'Alegría-Dulantzi'),
(2, 2, 1, 9, 'Abengibre'),
(3, 3, 1, 5, 'Adsubia'),
(4, 4, 1, 0, 'Abla'),
(5, 5, 1, 3, 'Adanero'),
(6, 6, 1, 6, 'Acedera'),
(7, 7, 1, 2, 'Alaró'),
(8, 8, 1, 8, 'Abrera'),
(9, 9, 1, 1, 'Abajas'),
(10, 10, 1, 5, 'Abadía'),
(11, 11, 1, 2, 'Alcalá de los Gazules'),
(12, 12, 1, 7, 'Atzeneta del Maestrat'),
(13, 13, 1, 3, 'Abenójar'),
(14, 14, 1, 8, 'Adamuz'),
(15, 15, 1, 1, 'Abegondo'),
(16, 16, 1, 4, 'Abia de la Obispalía'),
(17, 17, 1, 0, 'Agullana'),
(18, 18, 1, 6, 'Agrón'),
(19, 19, 1, 9, 'Abánades'),
(20, 20, 1, 3, 'Abaltzisketa'),
(21, 21, 1, 0, 'Alájar'),
(22, 22, 1, 5, 'Abiego'),
(23, 23, 1, 1, 'Albanchez de Mágina'),
(24, 24, 1, 6, 'Acebedo'),
(25, 25, 1, 9, 'Abella de la Conca'),
(26, 26, 1, 2, 'Ábalos'),
(27, 27, 1, 8, 'Abadín'),
(28, 28, 1, 4, 'Acebeda, La'),
(29, 29, 1, 7, 'Alameda'),
(30, 30, 1, 1, 'Abanilla'),
(31, 31, 1, 8, 'Abáigar'),
(32, 32, 1, 3, 'Allariz'),
(33, 33, 1, 9, 'Allande'),
(34, 34, 1, 4, 'Abarca de Campos'),
(35, 35, 1, 7, 'Agaete'),
(36, 36, 1, 0, 'Arbo'),
(37, 37, 1, 6, 'Abusejo'),
(38, 38, 1, 2, 'Adeje'),
(39, 39, 1, 5, 'Alfoz de Lloredo'),
(40, 40, 1, 9, 'Abades'),
(41, 41, 1, 6, 'Aguadulce'),
(42, 42, 1, 1, 'Abejar'),
(43, 43, 1, 7, 'Aiguamúrcia'),
(44, 44, 1, 2, 'Ababuj'),
(45, 45, 1, 5, 'Ajofrín'),
(46, 46, 1, 8, 'Ademuz'),
(47, 47, 1, 4, 'Adalia'),
(48, 48, 1, 0, 'Abadiño'),
(49, 50, 1, 6, 'Abanto'),
(50, 51, 1, 3, 'Ceuta'),
(51, 52, 1, 8, 'Melilla'),
(52, 1, 2, 9, 'Amurrio'),
(53, 2, 2, 4, 'Alatoz'),
(54, 3, 2, 0, 'Agost'),
(55, 4, 2, 5, 'Abrucena'),
(56, 5, 2, 8, 'Adrada, La'),
(57, 6, 2, 1, 'Aceuchal'),
(58, 7, 2, 7, 'Alaior'),
(59, 8, 2, 3, 'Aguilar de Segarra'),
(60, 10, 2, 0, 'Abertura'),
(61, 11, 2, 7, 'Alcalá del Valle'),
(62, 12, 2, 2, 'Aín'),
(63, 13, 2, 8, 'Agudo'),
(64, 14, 2, 3, 'Aguilar de la Frontera'),
(65, 15, 2, 6, 'Ames'),
(66, 16, 2, 9, 'Acebrón, El'),
(67, 17, 2, 5, 'Aiguaviva'),
(68, 18, 2, 1, 'Alamedilla'),
(69, 19, 2, 4, 'Ablanque'),
(70, 20, 2, 8, 'Aduna'),
(71, 21, 2, 5, 'Aljaraque'),
(72, 22, 2, 0, 'Abizanda'),
(73, 23, 2, 6, 'Alcalá la Real'),
(74, 24, 2, 1, 'Algadefe'),
(75, 25, 2, 4, 'Àger'),
(76, 26, 2, 7, 'Agoncillo'),
(77, 27, 2, 3, 'Alfoz'),
(78, 28, 2, 9, 'Ajalvir'),
(79, 29, 2, 2, 'Alcaucín'),
(80, 30, 2, 6, 'Abarán'),
(81, 31, 2, 3, 'Abárzuza/Abartzuza'),
(82, 32, 2, 8, 'Amoeiro'),
(83, 33, 2, 4, 'Aller'),
(84, 35, 2, 2, 'Agüimes'),
(85, 36, 2, 5, 'Barro'),
(86, 37, 2, 1, 'Agallas'),
(87, 38, 2, 7, 'Agulo'),
(88, 39, 2, 0, 'Ampuero'),
(89, 40, 2, 4, 'Adrada de Pirón'),
(90, 41, 2, 1, 'Alanís'),
(91, 43, 2, 2, 'Albinyana'),
(92, 44, 2, 7, 'Abejuela'),
(93, 45, 2, 0, 'Alameda de la Sagra'),
(94, 46, 2, 3, 'Ador'),
(95, 47, 2, 9, 'Aguasal'),
(96, 48, 2, 5, 'Abanto y Ciérvana-Abanto Zierbena'),
(97, 49, 2, 8, 'Abezames'),
(98, 50, 2, 1, 'Acered'),
(99, 1, 3, 5, 'Aramaio'),
(100, 2, 3, 0, 'Albacete'),
(101, 3, 3, 6, 'Agres'),
(102, 4, 3, 1, 'Adra'),
(103, 6, 3, 7, 'Ahillones'),
(104, 7, 3, 3, 'Alcúdia'),
(105, 8, 3, 9, 'Alella'),
(106, 9, 3, 2, 'Adrada de Haza'),
(107, 10, 3, 6, 'Acebo'),
(108, 11, 3, 3, 'Algar'),
(109, 12, 3, 8, 'Albocàsser'),
(110, 13, 3, 4, 'Alamillo'),
(111, 14, 3, 9, 'Alcaracejos'),
(112, 15, 3, 2, 'Aranga'),
(113, 16, 3, 5, 'Alarcón'),
(114, 17, 3, 1, 'Albanyà'),
(115, 18, 3, 7, 'Albolote'),
(116, 19, 3, 0, 'Adobes'),
(117, 20, 3, 4, 'Aizarnazabal'),
(118, 21, 3, 1, 'Almendro, El'),
(119, 22, 3, 6, 'Adahuesca'),
(120, 23, 3, 2, 'Alcaudete'),
(121, 24, 3, 7, 'Alija del Infantado'),
(122, 25, 3, 0, 'Agramunt'),
(123, 26, 3, 3, 'Aguilar del Río Alhama'),
(124, 27, 3, 9, 'Antas de Ulla'),
(125, 28, 3, 5, 'Alameda del Valle'),
(126, 29, 3, 8, 'Alfarnate'),
(127, 30, 3, 2, 'Águilas'),
(128, 31, 3, 9, 'Abaurregaina/Abaurrea Alta'),
(129, 32, 3, 4, 'Arnoia, A'),
(130, 33, 3, 0, 'Amieva'),
(131, 34, 3, 5, 'Abia de las Torres'),
(132, 35, 3, 8, 'Antigua'),
(133, 36, 3, 1, 'Baiona'),
(134, 37, 3, 7, 'Ahigal de los Aceiteros'),
(135, 38, 3, 3, 'Alajeró'),
(136, 39, 3, 6, 'Anievas'),
(137, 40, 3, 0, 'Adrados'),
(138, 41, 3, 7, 'Albaida del Aljarafe'),
(139, 42, 3, 2, 'Adradas'),
(140, 43, 3, 8, 'Albiol, L\''),
(141, 44, 3, 3, 'Aguatón'),
(142, 45, 3, 6, 'Albarreal de Tajo'),
(143, 46, 3, 9, 'Atzeneta d\'Albaida'),
(144, 47, 3, 5, 'Aguilar de Campos'),
(145, 48, 3, 1, 'Amorebieta-Etxano'),
(146, 49, 3, 4, 'Alcañices'),
(147, 50, 3, 7, 'Agón'),
(148, 1, 4, 0, 'Artziniega'),
(149, 2, 4, 5, 'Albatana'),
(150, 3, 4, 1, 'Aigües'),
(151, 4, 4, 6, 'Albánchez'),
(152, 6, 4, 2, 'Alange'),
(153, 7, 4, 8, 'Algaida'),
(154, 8, 4, 4, 'Alpens'),
(155, 10, 4, 1, 'Acehúche'),
(156, 11, 4, 8, 'Algeciras'),
(157, 12, 4, 3, 'Alcalà de Xivert'),
(158, 13, 4, 9, 'Albaladejo'),
(159, 14, 4, 4, 'Almedinilla'),
(160, 15, 4, 7, 'Ares'),
(161, 16, 4, 0, 'Albaladejo del Cuende'),
(162, 17, 4, 6, 'Albons'),
(163, 18, 4, 2, 'Albondón'),
(164, 19, 4, 5, 'Alaminos'),
(165, 20, 4, 9, 'Albiztur'),
(166, 21, 4, 6, 'Almonaster la Real'),
(167, 22, 4, 1, 'Agüero'),
(168, 23, 4, 7, 'Aldeaquemada'),
(169, 24, 4, 2, 'Almanza'),
(170, 25, 4, 5, 'Alamús, Els'),
(171, 26, 4, 8, 'Ajamil de Cameros'),
(172, 27, 4, 4, 'Baleira'),
(173, 28, 4, 0, 'Álamo, El'),
(174, 29, 4, 3, 'Alfarnatejo'),
(175, 30, 4, 7, 'Albudeite'),
(176, 31, 4, 4, 'Abaurrepea/Abaurrea Baja'),
(177, 32, 4, 9, 'Avión'),
(178, 33, 4, 5, 'Avilés'),
(179, 34, 4, 0, 'Aguilar de Campoo'),
(180, 35, 4, 3, 'Arrecife'),
(181, 36, 4, 6, 'Bueu'),
(182, 37, 4, 2, 'Ahigal de Villarino'),
(183, 38, 4, 8, 'Arafo'),
(184, 39, 4, 1, 'Arenas de Iguña'),
(185, 40, 4, 5, 'Aguilafuente'),
(186, 41, 4, 2, 'Alcalá de Guadaíra'),
(187, 42, 4, 7, 'Ágreda'),
(188, 43, 4, 3, 'Alcanar'),
(189, 44, 4, 8, 'Aguaviva'),
(190, 45, 4, 1, 'Alcabón'),
(191, 46, 4, 4, 'Agullent'),
(192, 47, 4, 0, 'Alaejos'),
(193, 48, 4, 6, 'Amoroto'),
(194, 49, 4, 9, 'Alcubilla de Nogales'),
(195, 50, 4, 2, 'Aguarón'),
(196, 2, 5, 8, 'Alborea'),
(197, 3, 5, 4, 'Albatera'),
(198, 4, 5, 9, 'Alboloduy'),
(199, 5, 5, 2, 'Albornos'),
(200, 6, 5, 5, 'Albuera, La'),
(201, 7, 5, 1, 'Andratx'),
(202, 8, 5, 7, 'Ametlla del Vallès, L\''),
(203, 10, 5, 4, 'Aceituna'),
(204, 11, 5, 1, 'Algodonales'),
(205, 12, 5, 6, 'Alcora, l\''),
(206, 13, 5, 2, 'Alcázar de San Juan'),
(207, 14, 5, 7, 'Almodóvar del Río'),
(208, 15, 5, 0, 'Arteixo'),
(209, 16, 5, 3, 'Albalate de las Nogueras'),
(210, 17, 5, 9, 'Far d\'Empordà, El'),
(211, 18, 5, 5, 'Albuñán'),
(212, 19, 5, 8, 'Alarilla'),
(213, 20, 5, 2, 'Alegia'),
(214, 21, 5, 9, 'Almonte'),
(215, 23, 5, 0, 'Andújar'),
(216, 24, 5, 5, 'Antigua, La'),
(217, 25, 5, 8, 'Alàs i Cerc'),
(218, 26, 5, 1, 'Albelda de Iregua'),
(219, 27, 5, 7, 'Barreiros'),
(220, 28, 5, 3, 'Alcalá de Henares'),
(221, 29, 5, 6, 'Algarrobo'),
(222, 30, 5, 0, 'Alcantarilla'),
(223, 31, 5, 7, 'Aberin'),
(224, 32, 5, 2, 'Baltar'),
(225, 33, 5, 8, 'Belmonte de Miranda'),
(226, 34, 5, 3, 'Alar del Rey'),
(227, 35, 5, 6, 'Artenara'),
(228, 36, 5, 9, 'Caldas de Reis'),
(229, 37, 5, 5, 'Alameda de Gardón, La'),
(230, 38, 5, 1, 'Arico'),
(231, 39, 5, 4, 'Argoños'),
(232, 40, 5, 8, 'Alconada de Maderuelo'),
(233, 41, 5, 5, 'Alcalá del Río'),
(234, 43, 5, 6, 'Alcover'),
(235, 44, 5, 1, 'Aguilar del Alfambra'),
(236, 45, 5, 4, 'Alcañizo'),
(237, 46, 5, 7, 'Alaquàs'),
(238, 47, 5, 3, 'Alcazarén'),
(239, 48, 5, 9, 'Arakaldo'),
(240, 49, 5, 2, 'Alfaraz de Sayago'),
(241, 50, 5, 5, 'Aguilón'),
(242, 1, 6, 6, 'Armiñón'),
(243, 2, 6, 1, 'Alcadozo'),
(244, 3, 6, 7, 'Alcalalí'),
(245, 4, 6, 2, 'Albox'),
(246, 6, 6, 8, 'Alburquerque'),
(247, 7, 6, 4, 'Artà'),
(248, 8, 6, 0, 'Arenys de Mar'),
(249, 9, 6, 3, 'Aguas Cándidas'),
(250, 10, 6, 7, 'Ahigal'),
(251, 11, 6, 4, 'Arcos de la Frontera'),
(252, 12, 6, 9, 'Alcudia de Veo'),
(253, 13, 6, 5, 'Alcoba'),
(254, 14, 6, 0, 'Añora'),
(255, 15, 6, 3, 'Arzúa'),
(256, 16, 6, 6, 'Albendea'),
(257, 17, 6, 2, 'Alp'),
(258, 18, 6, 8, 'Albuñol'),
(259, 19, 6, 1, 'Albalate de Zorita'),
(260, 20, 6, 5, 'Alkiza'),
(261, 21, 6, 2, 'Alosno'),
(262, 22, 6, 7, 'Aisa'),
(263, 23, 6, 3, 'Arjona'),
(264, 24, 6, 8, 'Ardón'),
(265, 25, 6, 1, 'Albagés, L\''),
(266, 26, 6, 4, 'Alberite'),
(267, 27, 6, 0, 'Becerreá'),
(268, 28, 6, 6, 'Alcobendas'),
(269, 29, 6, 9, 'Algatocín'),
(270, 30, 6, 3, 'Aledo'),
(271, 31, 6, 0, 'Ablitas'),
(272, 32, 6, 5, 'Bande'),
(273, 33, 6, 1, 'Bimenes'),
(274, 34, 6, 6, 'Alba de Cerrato'),
(275, 35, 6, 9, 'Arucas'),
(276, 36, 6, 2, 'Cambados'),
(277, 37, 6, 8, 'Alamedilla, La'),
(278, 38, 6, 4, 'Arona'),
(279, 39, 6, 7, 'Arnuero'),
(280, 40, 6, 1, 'Aldealcorvo'),
(281, 41, 6, 8, 'Alcolea del Río'),
(282, 42, 6, 3, 'Alconaba'),
(283, 43, 6, 9, 'Aldover'),
(284, 44, 6, 4, 'Alacón'),
(285, 45, 6, 7, 'Alcaudete de la Jara'),
(286, 46, 6, 0, 'Albaida'),
(287, 47, 6, 6, 'Aldea de San Miguel'),
(288, 48, 6, 2, 'Arantzazu'),
(289, 49, 6, 5, 'Algodre'),
(290, 50, 6, 8, 'Ainzón'),
(291, 2, 7, 7, 'Alcalá del Júcar'),
(292, 3, 7, 3, 'Alcocer de Planes'),
(293, 4, 7, 8, 'Alcolea'),
(294, 5, 7, 1, 'Aldeanueva de Santa Cruz'),
(295, 6, 7, 4, 'Alconchel'),
(296, 7, 7, 0, 'Banyalbufar'),
(297, 8, 7, 6, 'Arenys de Munt'),
(298, 9, 7, 9, 'Aguilar de Bureba'),
(299, 10, 7, 3, 'Albalá'),
(300, 11, 7, 0, 'Barbate'),
(301, 12, 7, 5, 'Alfondeguilla'),
(302, 13, 7, 1, 'Alcolea de Calatrava'),
(303, 14, 7, 6, 'Baena'),
(304, 15, 7, 9, 'Baña, A'),
(305, 16, 7, 2, 'Alberca de Záncara, La'),
(306, 17, 7, 8, 'Amer'),
(307, 18, 7, 4, 'Albuñuelas'),
(308, 19, 7, 7, 'Albares'),
(309, 20, 7, 1, 'Altzo'),
(310, 21, 7, 8, 'Aracena'),
(311, 22, 7, 3, 'Albalate de Cinca'),
(312, 23, 7, 9, 'Arjonilla'),
(313, 24, 7, 4, 'Arganza'),
(314, 25, 7, 7, 'Albatàrrec'),
(315, 26, 7, 0, 'Alcanadre'),
(316, 27, 7, 6, 'Begonte'),
(317, 28, 7, 2, 'Alcorcón'),
(318, 29, 7, 5, 'Alhaurín de la Torre'),
(319, 30, 7, 9, 'Alguazas'),
(320, 31, 7, 6, 'Adiós'),
(321, 32, 7, 1, 'Baños de Molgas'),
(322, 33, 7, 7, 'Boal'),
(323, 35, 7, 5, 'Betancuria'),
(324, 36, 7, 8, 'Campo Lameiro'),
(325, 37, 7, 4, 'Alaraz'),
(326, 38, 7, 0, 'Barlovento'),
(327, 39, 7, 3, 'Arredondo'),
(328, 40, 7, 7, 'Aldealengua de Pedraza'),
(329, 41, 7, 4, 'Algaba, La'),
(330, 42, 7, 9, 'Alcubilla de Avellaneda'),
(331, 43, 7, 5, 'Aleixar, L\''),
(332, 44, 7, 0, 'Alba'),
(333, 45, 7, 3, 'Alcolea de Tajo'),
(334, 46, 7, 6, 'Albal'),
(335, 47, 7, 2, 'Aldeamayor de San Martín'),
(336, 48, 7, 8, 'Munitibar-Arbatzegi Gerrikaitz'),
(337, 49, 7, 1, 'Almaraz de Duero'),
(338, 50, 7, 4, 'Aladrén'),
(339, 1, 8, 8, 'Arrazua-Ubarrundia'),
(340, 2, 8, 3, 'Alcaraz'),
(341, 3, 8, 9, 'Alcoleja'),
(342, 4, 8, 4, 'Alcóntar'),
(343, 5, 8, 7, 'Aldeaseca'),
(344, 6, 8, 0, 'Alconera'),
(345, 7, 8, 6, 'Binissalem'),
(346, 8, 8, 2, 'Argençola'),
(347, 10, 8, 9, 'Alcántara'),
(348, 11, 8, 6, 'Barrios, Los'),
(349, 12, 8, 1, 'Algimia de Almonacid'),
(350, 13, 8, 7, 'Alcubillas'),
(351, 14, 8, 2, 'Belalcázar'),
(352, 15, 8, 5, 'Bergondo'),
(353, 16, 8, 8, 'Alcalá de la Vega'),
(354, 17, 8, 4, 'Anglès'),
(355, 19, 8, 3, 'Albendiego'),
(356, 20, 8, 7, 'Amezketa'),
(357, 21, 8, 4, 'Aroche'),
(358, 22, 8, 9, 'Albalatillo'),
(359, 23, 8, 5, 'Arquillos'),
(360, 24, 8, 0, 'Astorga'),
(361, 25, 8, 3, 'Albesa'),
(362, 26, 8, 6, 'Aldeanueva de Ebro'),
(363, 27, 8, 2, 'Bóveda'),
(364, 28, 8, 8, 'Aldea del Fresno'),
(365, 29, 8, 1, 'Alhaurín el Grande'),
(366, 30, 8, 5, 'Alhama de Murcia'),
(367, 31, 8, 2, 'Aguilar de Codés'),
(368, 32, 8, 7, 'Barbadás'),
(369, 33, 8, 3, 'Cabrales'),
(370, 35, 8, 1, 'Firgas'),
(371, 36, 8, 4, 'Cangas'),
(372, 37, 8, 0, 'Alba de Tormes'),
(373, 38, 8, 6, 'Breña Alta'),
(374, 39, 8, 9, 'Astillero, El'),
(375, 40, 8, 3, 'Aldealengua de Santa María'),
(376, 41, 8, 0, 'Algámitas'),
(377, 42, 8, 5, 'Alcubilla de las Peñas'),
(378, 43, 8, 1, 'Alfara de Carles'),
(379, 44, 8, 6, 'Albalate del Arzobispo'),
(380, 45, 8, 9, 'Aldea en Cabo'),
(381, 46, 8, 2, 'Albalat de la Ribera'),
(382, 47, 8, 8, 'Almenara de Adaja'),
(383, 48, 8, 4, 'Artzentales'),
(384, 49, 8, 7, 'Almeida de Sayago'),
(385, 50, 8, 0, 'Alagón'),
(386, 1, 9, 1, 'Asparrena'),
(387, 2, 9, 6, 'Almansa'),
(388, 3, 9, 2, 'Alcoy/Alcoi'),
(389, 4, 9, 7, 'Alcudia de Monteagud'),
(390, 6, 9, 3, 'Aljucén'),
(391, 7, 9, 9, 'Búger'),
(392, 8, 9, 5, 'Argentona'),
(393, 9, 9, 8, 'Albillos'),
(394, 10, 9, 2, 'Alcollarín'),
(395, 11, 9, 9, 'Benaocaz'),
(396, 12, 9, 4, 'Almazora/Almassora'),
(397, 13, 9, 0, 'Aldea del Rey'),
(398, 14, 9, 5, 'Belmez'),
(399, 15, 9, 8, 'Betanzos'),
(400, 16, 9, 1, 'Alcantud'),
(401, 17, 9, 7, 'Arbúcies'),
(402, 19, 9, 6, 'Alcocer'),
(403, 20, 9, 0, 'Andoain'),
(404, 21, 9, 7, 'Arroyomolinos de León'),
(405, 22, 9, 2, 'Albelda'),
(406, 23, 9, 8, 'Baeza'),
(407, 24, 9, 3, 'Balboa'),
(408, 25, 9, 6, 'Albi, L\''),
(409, 26, 9, 9, 'Alesanco'),
(410, 27, 9, 5, 'Carballedo'),
(411, 28, 9, 1, 'Algete'),
(412, 29, 9, 4, 'Almáchar'),
(413, 30, 9, 8, 'Archena'),
(414, 31, 9, 5, 'Aibar/Oibar'),
(415, 32, 9, 0, 'Barco de Valdeorras, O'),
(416, 33, 9, 6, 'Cabranes'),
(417, 34, 9, 1, 'Amayuelas de Arriba'),
(418, 35, 9, 4, 'Gáldar'),
(419, 36, 9, 7, 'Cañiza, A'),
(420, 37, 9, 3, 'Alba de Yeltes'),
(421, 38, 9, 9, 'Breña Baja'),
(422, 39, 9, 2, 'Bárcena de Cicero'),
(423, 40, 9, 6, 'Aldeanueva de la Serrezuela'),
(424, 41, 9, 3, 'Almadén de la Plata'),
(425, 42, 9, 8, 'Aldealafuente'),
(426, 43, 9, 4, 'Alforja'),
(427, 44, 9, 9, 'Albarracín'),
(428, 45, 9, 2, 'Aldeanueva de Barbarroya'),
(429, 46, 9, 5, 'Albalat dels Sorells'),
(430, 47, 9, 1, 'Amusquillo'),
(431, 48, 9, 7, 'Arrankudiaga'),
(432, 49, 9, 0, 'Andavías'),
(433, 50, 9, 3, 'Alarba'),
(434, 1, 10, 5, 'Ayala/Aiara'),
(435, 2, 10, 0, 'Alpera'),
(436, 3, 10, 6, 'Alfafara'),
(437, 4, 10, 1, 'Alhabia'),
(438, 5, 10, 4, 'Aldehuela, La'),
(439, 6, 10, 7, 'Almendral'),
(440, 7, 10, 3, 'Bunyola'),
(441, 8, 10, 9, 'Artés'),
(442, 9, 10, 2, 'Alcocero de Mola'),
(443, 10, 10, 6, 'Alcuéscar'),
(444, 11, 10, 3, 'Bornos'),
(445, 12, 10, 8, 'Almedíjar'),
(446, 13, 10, 4, 'Alhambra'),
(447, 14, 10, 9, 'Benamejí'),
(448, 15, 10, 2, 'Boimorto'),
(449, 16, 10, 5, 'Alcázar del Rey'),
(450, 17, 10, 1, 'Argelaguer'),
(451, 18, 10, 7, 'Aldeire'),
(452, 19, 10, 0, 'Alcolea de las Peñas'),
(453, 20, 10, 4, 'Anoeta'),
(454, 21, 10, 1, 'Ayamonte'),
(455, 23, 10, 2, 'Bailén'),
(456, 24, 10, 7, 'Bañeza, La'),
(457, 25, 10, 0, 'Alcanó'),
(458, 26, 10, 3, 'Alesón'),
(459, 27, 10, 9, 'Castro de Rei'),
(460, 28, 10, 5, 'Alpedrete'),
(461, 29, 10, 8, 'Almargen'),
(462, 30, 10, 2, 'Beniel'),
(463, 31, 10, 9, 'Altsasu/Alsasua'),
(464, 32, 10, 4, 'Beade'),
(465, 33, 10, 0, 'Candamo'),
(466, 34, 10, 5, 'Ampudia'),
(467, 35, 10, 8, 'Haría'),
(468, 36, 10, 1, 'Catoira'),
(469, 37, 10, 7, 'Alberca, La'),
(470, 38, 10, 3, 'Buenavista del Norte'),
(471, 39, 10, 6, 'Bárcena de Pie de Concha'),
(472, 40, 10, 0, 'Aldeanueva del Codonal'),
(473, 41, 10, 7, 'Almensilla'),
(474, 42, 10, 2, 'Aldealices'),
(475, 43, 10, 8, 'Alió'),
(476, 44, 10, 3, 'Albentosa'),
(477, 45, 10, 6, 'Aldeanueva de San Bartolomé'),
(478, 46, 10, 9, 'Albalat dels Tarongers'),
(479, 47, 10, 5, 'Arroyo de la Encomienda'),
(480, 48, 10, 1, 'Arrieta'),
(481, 49, 10, 4, 'Arcenillas'),
(482, 50, 10, 7, 'Alberite de San Juan'),
(483, 1, 11, 2, 'Baños de Ebro/Mañueta'),
(484, 2, 11, 7, 'Ayna'),
(485, 3, 11, 3, 'Alfàs del Pi, l\''),
(486, 4, 11, 8, 'Alhama de Almería'),
(487, 6, 11, 4, 'Almendralejo'),
(488, 7, 11, 0, 'Calvià'),
(489, 8, 11, 6, 'Avià'),
(490, 9, 11, 9, 'Alfoz de Bricia'),
(491, 10, 11, 3, 'Aldeacentenera'),
(492, 11, 11, 0, 'Bosque, El'),
(493, 12, 11, 5, 'Almenara'),
(494, 13, 11, 1, 'Almadén'),
(495, 14, 11, 6, 'Blázquez, Los'),
(496, 15, 11, 9, 'Boiro'),
(497, 16, 11, 2, 'Alcohujate'),
(498, 17, 11, 8, 'Armentera, L\''),
(499, 18, 11, 4, 'Alfacar'),
(500, 19, 11, 7, 'Alcolea del Pinar'),
(501, 20, 11, 1, 'Antzuola'),
(502, 21, 11, 8, 'Beas'),
(503, 22, 11, 3, 'Albero Alto'),
(504, 23, 11, 9, 'Baños de la Encina'),
(505, 24, 11, 4, 'Barjas'),
(506, 25, 11, 7, 'Alcarràs'),
(507, 26, 11, 0, 'Alfaro'),
(508, 27, 11, 6, 'Castroverde'),
(509, 28, 11, 2, 'Ambite'),
(510, 29, 11, 5, 'Almogía'),
(511, 30, 11, 9, 'Blanca'),
(512, 31, 11, 6, 'Allín/Allin'),
(513, 32, 11, 1, 'Beariz'),
(514, 33, 11, 7, 'Cangas del Narcea'),
(515, 34, 11, 2, 'Amusco'),
(516, 35, 11, 5, 'Ingenio'),
(517, 36, 11, 8, 'Cerdedo'),
(518, 37, 11, 4, 'Alberguería de Argañán, La'),
(519, 38, 11, 0, 'Candelaria'),
(520, 39, 11, 3, 'Bareyo'),
(521, 41, 11, 4, 'Arahal'),
(522, 42, 11, 9, 'Aldealpozo'),
(523, 43, 11, 5, 'Almoster'),
(524, 44, 11, 0, 'Alcaine'),
(525, 45, 11, 3, 'Almendral de la Cañada'),
(526, 46, 11, 6, 'Alberic'),
(527, 47, 11, 2, 'Ataquines'),
(528, 48, 11, 8, 'Arrigorriaga'),
(529, 49, 11, 1, 'Arcos de la Polvorosa'),
(530, 50, 11, 4, 'Albeta'),
(531, 2, 12, 2, 'Balazote'),
(532, 3, 12, 8, 'Algorfa'),
(533, 4, 12, 3, 'Alicún'),
(534, 5, 12, 6, 'Amavida'),
(535, 6, 12, 9, 'Arroyo de San Serván'),
(536, 7, 12, 5, 'Campanet'),
(537, 8, 12, 1, 'Avinyó'),
(538, 9, 12, 4, 'Alfoz de Santa Gadea'),
(539, 10, 12, 8, 'Aldea del Cano'),
(540, 11, 12, 5, 'Cádiz'),
(541, 12, 12, 0, 'Altura'),
(542, 13, 12, 6, 'Almadenejos'),
(543, 14, 12, 1, 'Bujalance'),
(544, 15, 12, 4, 'Boqueixón'),
(545, 16, 12, 7, 'Alconchel de la Estrella'),
(546, 17, 12, 3, 'Avinyonet de Puigventós'),
(547, 18, 12, 9, 'Algarinejo'),
(548, 20, 12, 6, 'Arama'),
(549, 21, 12, 3, 'Berrocal'),
(550, 22, 12, 8, 'Albero Bajo'),
(551, 23, 12, 4, 'Beas de Segura'),
(552, 24, 12, 9, 'Barrios de Luna, Los'),
(553, 25, 12, 2, 'Alcoletge'),
(554, 26, 12, 5, 'Almarza de Cameros'),
(555, 27, 12, 1, 'Cervantes'),
(556, 28, 12, 7, 'Anchuelo'),
(557, 29, 12, 0, 'Álora'),
(558, 30, 12, 4, 'Bullas'),
(559, 31, 12, 1, 'Allo'),
(560, 32, 12, 6, 'Blancos, Os'),
(561, 33, 12, 2, 'Cangas de Onís'),
(562, 34, 12, 7, 'Antigüedad'),
(563, 35, 12, 0, 'Mogán'),
(564, 36, 12, 3, 'Cotobade'),
(565, 37, 12, 9, 'Alconada'),
(566, 38, 12, 5, 'Fasnia'),
(567, 39, 12, 8, 'Cabezón de la Sal'),
(568, 40, 12, 2, 'Aldea Real'),
(569, 41, 12, 9, 'Aznalcázar'),
(570, 42, 12, 4, 'Aldealseñor'),
(571, 43, 12, 0, 'Altafulla'),
(572, 44, 12, 5, 'Alcalá de la Selva'),
(573, 45, 12, 8, 'Almonacid de Toledo'),
(574, 46, 12, 1, 'Alborache'),
(575, 47, 12, 7, 'Bahabón'),
(576, 48, 12, 3, 'Bakio'),
(577, 49, 12, 6, 'Argañín'),
(578, 50, 12, 9, 'Alborge'),
(579, 1, 13, 3, 'Barrundia'),
(580, 2, 13, 8, 'Balsa de Ves'),
(581, 3, 13, 4, 'Algueña'),
(582, 4, 13, 9, 'Almería'),
(583, 5, 13, 2, 'Arenal, El'),
(584, 6, 13, 5, 'Atalaya'),
(585, 7, 13, 1, 'Campos'),
(586, 8, 13, 7, 'Avinyonet del Penedès'),
(587, 9, 13, 0, 'Altable'),
(588, 10, 13, 4, 'Aldea del Obispo, La'),
(589, 11, 13, 1, 'Castellar de la Frontera'),
(590, 12, 13, 6, 'Arañuel'),
(591, 13, 13, 2, 'Almagro'),
(592, 14, 13, 7, 'Cabra'),
(593, 15, 13, 0, 'Brión'),
(594, 16, 13, 3, 'Algarra'),
(595, 17, 13, 9, 'Begur'),
(596, 18, 13, 5, 'Alhama de Granada'),
(597, 19, 13, 8, 'Alcoroches'),
(598, 20, 13, 2, 'Aretxabaleta'),
(599, 21, 13, 9, 'Bollullos Par del Condado'),
(600, 22, 13, 4, 'Alberuela de Tubo'),
(601, 25, 13, 8, 'Alfarràs'),
(602, 26, 13, 1, 'Anguciana'),
(603, 27, 13, 7, 'Cervo'),
(604, 28, 13, 3, 'Aranjuez'),
(605, 29, 13, 6, 'Alozaina'),
(606, 30, 13, 0, 'Calasparra'),
(607, 31, 13, 7, 'Améscoa Baja'),
(608, 32, 13, 2, 'Boborás'),
(609, 33, 13, 8, 'Caravia'),
(610, 35, 13, 6, 'Moya'),
(611, 36, 13, 9, 'Covelo'),
(612, 37, 13, 5, 'Aldeacipreste'),
(613, 38, 13, 1, 'Frontera'),
(614, 39, 13, 4, 'Cabezón de Liébana'),
(615, 40, 13, 8, 'Aldeasoña'),
(616, 41, 13, 5, 'Aznalcóllar'),
(617, 42, 13, 0, 'Aldehuela de Periáñez'),
(618, 43, 13, 6, 'Ametlla de Mar, L\''),
(619, 44, 13, 1, 'Alcañiz'),
(620, 45, 13, 4, 'Almorox'),
(621, 46, 13, 7, 'Alboraya'),
(622, 47, 13, 3, 'Barcial de la Loma'),
(623, 48, 13, 9, 'Barakaldo'),
(624, 49, 13, 2, 'Argujillo'),
(625, 50, 13, 5, 'Alcalá de Ebro'),
(626, 1, 14, 8, 'Berantevilla'),
(627, 2, 14, 3, 'Ballestero, El'),
(628, 3, 14, 9, 'Alicante/Alacant'),
(629, 4, 14, 4, 'Almócita'),
(630, 5, 14, 7, 'Arenas de San Pedro'),
(631, 6, 14, 0, 'Azuaga'),
(632, 7, 14, 6, 'Capdepera'),
(633, 8, 14, 2, 'Aiguafreda'),
(634, 9, 14, 5, 'Altos, Los'),
(635, 10, 14, 9, 'Aldeanueva de la Vera'),
(636, 11, 14, 6, 'Conil de la Frontera'),
(637, 12, 14, 1, 'Ares del Maestrat'),
(638, 13, 14, 7, 'Almedina'),
(639, 14, 14, 2, 'Cañete de las Torres'),
(640, 15, 14, 5, 'Cabana de Bergantiños'),
(641, 16, 14, 8, 'Aliaguilla'),
(642, 17, 14, 4, 'Vajol, La'),
(643, 18, 14, 0, 'Alhendín'),
(644, 20, 14, 7, 'Asteasu'),
(645, 21, 14, 4, 'Bonares'),
(646, 22, 14, 9, 'Alcalá de Gurrea'),
(647, 23, 14, 5, 'Begíjar'),
(648, 24, 14, 0, 'Bembibre'),
(649, 25, 14, 3, 'Alfés'),
(650, 26, 14, 6, 'Anguiano'),
(651, 27, 14, 2, 'Corgo, O'),
(652, 28, 14, 8, 'Arganda del Rey'),
(653, 29, 14, 1, 'Alpandeire'),
(654, 30, 14, 5, 'Campos del Río'),
(655, 31, 14, 2, 'Ancín/Antzin'),
(656, 32, 14, 7, 'Bola, A'),
(657, 33, 14, 3, 'Carreño'),
(658, 35, 14, 1, 'Oliva, La'),
(659, 36, 14, 4, 'Crecente'),
(660, 37, 14, 0, 'Aldeadávila de la Ribera'),
(661, 38, 14, 6, 'Fuencaliente de la Palma'),
(662, 39, 14, 9, 'Cabuérniga'),
(663, 40, 14, 3, 'Aldehorno'),
(664, 41, 14, 0, 'Badolatosa'),
(665, 42, 14, 5, 'Aldehuelas, Las'),
(666, 43, 14, 1, 'Amposta'),
(667, 44, 14, 6, 'Alcorisa'),
(668, 45, 14, 9, 'Añover de Tajo'),
(669, 46, 14, 2, 'Albuixech'),
(670, 47, 14, 8, 'Barruelo del Valle'),
(671, 48, 14, 4, 'Barrika'),
(672, 49, 14, 7, 'Arquillinos'),
(673, 50, 14, 0, 'Alcalá de Moncayo'),
(674, 2, 15, 6, 'Barrax'),
(675, 3, 15, 2, 'Almoradí'),
(676, 4, 15, 7, 'Alsodux'),
(677, 5, 15, 0, 'Arevalillo'),
(678, 6, 15, 3, 'Badajoz'),
(679, 7, 15, 9, 'Ciutadella de Menorca'),
(680, 8, 15, 5, 'Badalona'),
(681, 10, 15, 2, 'Aldeanueva del Camino'),
(682, 11, 15, 9, 'Chiclana de la Frontera'),
(683, 12, 15, 4, 'Argelita'),
(684, 13, 15, 0, 'Almodóvar del Campo'),
(685, 14, 15, 5, 'Carcabuey'),
(686, 15, 15, 8, 'Cabanas'),
(687, 16, 15, 1, 'Almarcha, La'),
(688, 17, 15, 7, 'Banyoles'),
(689, 18, 15, 3, 'Alicún de Ortega'),
(690, 19, 15, 6, 'Aldeanueva de Guadalajara'),
(691, 20, 15, 0, 'Ataun'),
(692, 21, 15, 7, 'Cabezas Rubias'),
(693, 22, 15, 2, 'Alcalá del Obispo'),
(694, 23, 15, 8, 'Bélmez de la Moraleda'),
(695, 24, 15, 3, 'Benavides'),
(696, 25, 15, 6, 'Algerri'),
(697, 26, 15, 9, 'Arenzana de Abajo'),
(698, 27, 15, 5, 'Cospeito'),
(699, 28, 15, 1, 'Arroyomolinos'),
(700, 29, 15, 4, 'Antequera'),
(701, 30, 15, 8, 'Caravaca de la Cruz'),
(702, 31, 15, 5, 'Andosilla'),
(703, 32, 15, 0, 'Bolo, O'),
(704, 33, 15, 6, 'Caso'),
(705, 34, 15, 1, 'Arconada'),
(706, 35, 15, 4, 'Pájara'),
(707, 36, 15, 7, 'Cuntis'),
(708, 37, 15, 3, 'Aldea del Obispo'),
(709, 38, 15, 9, 'Garachico'),
(710, 39, 15, 2, 'Camaleño'),
(711, 40, 15, 6, 'Aldehuela del Codonal'),
(712, 41, 15, 3, 'Benacazón'),
(713, 42, 15, 8, 'Alentisque'),
(714, 43, 15, 4, 'Arbolí'),
(715, 45, 15, 2, 'Arcicóllar'),
(716, 46, 15, 5, 'Alcàsser'),
(717, 47, 15, 1, 'Becilla de Valderaduey'),
(718, 48, 15, 7, 'Basauri'),
(719, 49, 15, 0, 'Arrabalde'),
(720, 50, 15, 3, 'Alconchel de Ariza'),
(721, 1, 16, 4, 'Bernedo'),
(722, 2, 16, 9, 'Bienservida'),
(723, 3, 16, 5, 'Almudaina'),
(724, 4, 16, 0, 'Antas'),
(725, 5, 16, 3, 'Arévalo'),
(726, 6, 16, 6, 'Barcarrota'),
(727, 7, 16, 2, 'Consell'),
(728, 8, 16, 8, 'Bagà'),
(729, 9, 16, 1, 'Ameyugo'),
(730, 10, 16, 5, 'Aldehuela de Jerte'),
(731, 11, 16, 2, 'Chipiona'),
(732, 12, 16, 7, 'Artana'),
(733, 13, 16, 3, 'Almuradiel'),
(734, 14, 16, 8, 'Cardeña'),
(735, 15, 16, 1, 'Camariñas'),
(736, 16, 16, 4, 'Almendros'),
(737, 17, 16, 0, 'Bàscara'),
(738, 18, 16, 6, 'Almegíjar'),
(739, 19, 16, 9, 'Algar de Mesa'),
(740, 20, 16, 3, 'Aia'),
(741, 21, 16, 0, 'Cala'),
(742, 22, 16, 5, 'Alcampell'),
(743, 23, 16, 1, 'Benatae'),
(744, 24, 16, 6, 'Benuza'),
(745, 25, 16, 9, 'Alguaire'),
(746, 26, 16, 2, 'Arenzana de Arriba'),
(747, 27, 16, 8, 'Chantada'),
(748, 28, 16, 4, 'Atazar, El'),
(749, 29, 16, 7, 'Árchez'),
(750, 30, 16, 1, 'Cartagena'),
(751, 31, 16, 8, 'Ansoáin/Antsoain'),
(752, 32, 16, 3, 'Calvos de Randín'),
(753, 33, 16, 9, 'Castrillón'),
(754, 35, 16, 7, 'Palmas de Gran Canaria, Las'),
(755, 36, 16, 0, 'Dozón'),
(756, 37, 16, 6, 'Aldealengua'),
(757, 38, 16, 2, 'Garafía'),
(758, 39, 16, 5, 'Camargo'),
(759, 40, 16, 9, 'Aldeonte'),
(760, 41, 16, 6, 'Bollullos de la Mitación'),
(761, 42, 16, 1, 'Aliud'),
(762, 43, 16, 7, 'Arboç, L\''),
(763, 44, 16, 2, 'Alfambra'),
(764, 45, 16, 5, 'Argés'),
(765, 46, 16, 8, 'Alcàntera de Xúquer'),
(766, 47, 16, 4, 'Benafarces'),
(767, 48, 16, 0, 'Berango'),
(768, 49, 16, 3, 'Aspariegos'),
(769, 50, 16, 6, 'Aldehuela de Liestos'),
(770, 1, 17, 0, 'Campezo/Kanpezu'),
(771, 2, 17, 5, 'Bogarra'),
(772, 3, 17, 1, 'Alqueria d\'Asnar, l\''),
(773, 4, 17, 6, 'Arboleas'),
(774, 5, 17, 9, 'Aveinte'),
(775, 6, 17, 2, 'Baterno'),
(776, 7, 17, 8, 'Costitx'),
(777, 8, 17, 4, 'Balenyà'),
(778, 9, 17, 7, 'Anguix'),
(779, 10, 17, 1, 'Alía'),
(780, 11, 17, 8, 'Espera'),
(781, 12, 17, 3, 'Ayódar'),
(782, 13, 17, 9, 'Anchuras'),
(783, 14, 17, 4, 'Carlota, La'),
(784, 15, 17, 7, 'Cambre'),
(785, 16, 17, 0, 'Almodóvar del Pinar'),
(786, 18, 17, 2, 'Almuñécar'),
(787, 19, 17, 5, 'Algora'),
(788, 20, 17, 9, 'Azkoitia'),
(789, 21, 17, 6, 'Calañas'),
(790, 22, 17, 1, 'Alcolea de Cinca'),
(791, 23, 17, 7, 'Cabra del Santo Cristo'),
(792, 24, 17, 2, 'Bercianos del Páramo'),
(793, 25, 17, 5, 'Alins'),
(794, 26, 17, 8, 'Arnedillo'),
(795, 27, 17, 4, 'Folgoso do Courel'),
(796, 28, 17, 0, 'Batres'),
(797, 29, 17, 3, 'Archidona'),
(798, 30, 17, 7, 'Cehegín'),
(799, 31, 17, 4, 'Anue'),
(800, 32, 17, 9, 'Carballeda de Valdeorras'),
(801, 33, 17, 5, 'Castropol'),
(802, 34, 17, 0, 'Astudillo'),
(803, 35, 17, 3, 'Puerto del Rosario'),
(804, 36, 17, 6, 'Estrada, A'),
(805, 37, 17, 2, 'Aldeanueva de Figueroa'),
(806, 38, 17, 8, 'Granadilla de Abona'),
(807, 39, 17, 1, 'Campoo de Yuso'),
(808, 40, 17, 5, 'Anaya'),
(809, 41, 17, 2, 'Bormujos'),
(810, 42, 17, 7, 'Almajano'),
(811, 43, 17, 3, 'Argentera, L\''),
(812, 44, 17, 8, 'Aliaga'),
(813, 45, 17, 1, 'Azután'),
(814, 46, 17, 4, 'Alzira'),
(815, 47, 17, 0, 'Bercero'),
(816, 48, 17, 6, 'Bermeo'),
(817, 49, 17, 9, 'Asturianos'),
(818, 50, 17, 2, 'Alfajarín'),
(819, 1, 18, 6, 'Zigoitia'),
(820, 2, 18, 1, 'Bonete'),
(821, 3, 18, 7, 'Altea'),
(822, 4, 18, 2, 'Armuña de Almanzora'),
(823, 5, 18, 5, 'Avellaneda'),
(824, 6, 18, 8, 'Benquerencia de la Serena'),
(825, 7, 18, 4, 'Deyá'),
(826, 8, 18, 0, 'Balsareny'),
(827, 9, 18, 3, 'Aranda de Duero'),
(828, 10, 18, 7, 'Aliseda'),
(829, 11, 18, 4, 'Gastor, El'),
(830, 12, 18, 9, 'Azuébar'),
(831, 13, 18, 5, 'Arenas de San Juan'),
(832, 14, 18, 0, 'Carpio, El'),
(833, 15, 18, 3, 'Capela, A'),
(834, 16, 18, 6, 'Almonacid del Marquesado'),
(835, 17, 18, 2, 'Bellcaire d\'Empordà'),
(836, 18, 18, 8, 'Alquife'),
(837, 19, 18, 1, 'Alhóndiga'),
(838, 20, 18, 5, 'Azpeitia'),
(839, 21, 18, 2, 'Campillo, El'),
(840, 22, 18, 7, 'Alcubierre'),
(841, 23, 18, 3, 'Cambil'),
(842, 24, 18, 8, 'Bercianos del Real Camino'),
(843, 26, 18, 4, 'Arnedo'),
(844, 27, 18, 0, 'Fonsagrada, A'),
(845, 28, 18, 6, 'Becerril de la Sierra'),
(846, 29, 18, 9, 'Ardales'),
(847, 30, 18, 3, 'Ceutí'),
(848, 31, 18, 0, 'Añorbe'),
(849, 32, 18, 5, 'Carballeda de Avia'),
(850, 33, 18, 1, 'Coaña'),
(851, 34, 18, 6, 'Autilla del Pino'),
(852, 35, 18, 9, 'San Bartolomé'),
(853, 36, 18, 2, 'Forcarei'),
(854, 37, 18, 8, 'Aldeanueva de la Sierra'),
(855, 38, 18, 4, 'Guancha, La'),
(856, 39, 18, 7, 'Cartes'),
(857, 40, 18, 1, 'Añe'),
(858, 41, 18, 8, 'Brenes'),
(859, 42, 18, 3, 'Almaluez'),
(860, 43, 18, 9, 'Arnes'),
(861, 44, 18, 4, 'Almohaja'),
(862, 45, 18, 7, 'Barcience'),
(863, 46, 18, 0, 'Alcublas'),
(864, 47, 18, 6, 'Berceruelo'),
(865, 48, 18, 2, 'Berriatua'),
(866, 49, 18, 5, 'Ayoó de Vidriales'),
(867, 50, 18, 8, 'Alfamén'),
(868, 1, 19, 9, 'Kripan'),
(869, 2, 19, 4, 'Bonillo, El'),
(870, 3, 19, 0, 'Aspe'),
(871, 4, 19, 5, 'Bacares'),
(872, 5, 19, 8, 'Ávila'),
(873, 6, 19, 1, 'Berlanga'),
(874, 7, 19, 7, 'Escorca'),
(875, 8, 19, 3, 'Barcelona'),
(876, 9, 19, 6, 'Arandilla'),
(877, 10, 19, 0, 'Almaraz'),
(878, 11, 19, 7, 'Grazalema'),
(879, 13, 19, 8, 'Argamasilla de Alba'),
(880, 14, 19, 3, 'Castro del Río'),
(881, 15, 19, 6, 'Carballo'),
(882, 16, 19, 9, 'Altarejos'),
(883, 17, 19, 5, 'Besalú'),
(884, 19, 19, 4, 'Alique'),
(885, 20, 19, 8, 'Beasain'),
(886, 21, 19, 5, 'Campofrío'),
(887, 22, 19, 0, 'Alerre'),
(888, 23, 19, 6, 'Campillo de Arenas'),
(889, 24, 19, 1, 'Berlanga del Bierzo'),
(890, 25, 19, 4, 'Almacelles'),
(891, 26, 19, 7, 'Arrúbal'),
(892, 27, 19, 3, 'Foz'),
(893, 28, 19, 9, 'Belmonte de Tajo'),
(894, 29, 19, 2, 'Arenas'),
(895, 30, 19, 6, 'Cieza'),
(896, 31, 19, 3, 'Aoiz/Agoitz'),
(897, 32, 19, 8, 'Carballiño, O'),
(898, 33, 19, 4, 'Colunga'),
(899, 34, 19, 9, 'Autillo de Campos'),
(900, 35, 19, 2, 'San Bartolomé de Tirajana'),
(901, 36, 19, 5, 'Fornelos de Montes'),
(902, 37, 19, 1, 'Aldearrodrigo'),
(903, 38, 19, 7, 'Guía de Isora'),
(904, 39, 19, 0, 'Castañeda'),
(905, 40, 19, 4, 'Arahuetes'),
(906, 41, 19, 1, 'Burguillos'),
(907, 42, 19, 6, 'Almarza'),
(908, 43, 19, 2, 'Ascó'),
(909, 44, 19, 7, 'Alobras'),
(910, 45, 19, 0, 'Bargas'),
(911, 46, 19, 3, 'Alcúdia, l\''),
(912, 47, 19, 9, 'Berrueces'),
(913, 48, 19, 5, 'Berriz'),
(914, 49, 19, 8, 'Barcial del Barco'),
(915, 50, 19, 1, 'Alforque'),
(916, 1, 20, 3, 'Kuartango'),
(917, 2, 20, 8, 'Carcelén'),
(918, 3, 20, 4, 'Balones'),
(919, 4, 20, 9, 'Bayárcal'),
(920, 6, 20, 5, 'Bienvenida'),
(921, 7, 20, 1, 'Esporles'),
(922, 8, 20, 7, 'Begues'),
(923, 9, 20, 0, 'Arauzo de Miel'),
(924, 10, 20, 4, 'Almoharín'),
(925, 11, 20, 1, 'Jerez de la Frontera'),
(926, 12, 20, 6, 'Barracas'),
(927, 13, 20, 2, 'Argamasilla de Calatrava'),
(928, 14, 20, 7, 'Conquista'),
(929, 15, 20, 0, 'Carnota'),
(930, 16, 20, 3, 'Arandilla del Arroyo'),
(931, 17, 20, 9, 'Bescanó'),
(932, 18, 20, 5, 'Arenas del Rey'),
(933, 19, 20, 8, 'Almadrones'),
(934, 20, 20, 2, 'Beizama'),
(935, 21, 20, 9, 'Cañaveral de León'),
(936, 22, 20, 4, 'Alfántega'),
(937, 23, 20, 0, 'Canena'),
(938, 24, 20, 5, 'Boca de Huérgano'),
(939, 25, 20, 8, 'Almatret'),
(940, 26, 20, 1, 'Ausejo'),
(941, 27, 20, 7, 'Friol'),
(942, 28, 20, 3, 'Berzosa del Lozoya'),
(943, 29, 20, 6, 'Arriate'),
(944, 30, 20, 0, 'Fortuna'),
(945, 31, 20, 7, 'Araitz'),
(946, 32, 20, 2, 'Cartelle'),
(947, 33, 20, 8, 'Corvera de Asturias'),
(948, 34, 20, 3, 'Ayuela'),
(949, 35, 20, 6, 'Aldea de San Nicolás, La'),
(950, 36, 20, 9, 'Agolada'),
(951, 37, 20, 5, 'Aldearrubia'),
(952, 38, 20, 1, 'Güímar'),
(953, 39, 20, 4, 'Castro-Urdiales'),
(954, 40, 20, 8, 'Arcones'),
(955, 41, 20, 5, 'Cabezas de San Juan, Las'),
(956, 42, 20, 0, 'Almazán'),
(957, 43, 20, 6, 'Banyeres del Penedès'),
(958, 44, 20, 1, 'Alpeñés'),
(959, 45, 20, 4, 'Belvís de la Jara'),
(960, 46, 20, 7, 'Alcúdia de Crespins, l\''),
(961, 47, 20, 3, 'Bobadilla del Campo'),
(962, 48, 20, 9, 'Bilbao'),
(963, 49, 20, 2, 'Belver de los Montes'),
(964, 50, 20, 5, 'Alhama de Aragón'),
(965, 1, 21, 0, 'Elburgo/Burgelu'),
(966, 2, 21, 5, 'Casas de Juan Núñez'),
(967, 3, 21, 1, 'Banyeres de Mariola'),
(968, 4, 21, 6, 'Bayarque'),
(969, 5, 21, 9, 'Barco de Ávila, El'),
(970, 6, 21, 2, 'Bodonal de la Sierra'),
(971, 7, 21, 8, 'Estellencs'),
(972, 8, 21, 4, 'Bellprat'),
(973, 9, 21, 7, 'Arauzo de Salce'),
(974, 10, 21, 1, 'Arroyo de la Luz'),
(975, 11, 21, 8, 'Jimena de la Frontera'),
(976, 12, 21, 3, 'Betxí'),
(977, 13, 21, 9, 'Arroba de los Montes'),
(978, 14, 21, 4, 'Córdoba'),
(979, 15, 21, 7, 'Carral'),
(980, 17, 21, 6, 'Beuda'),
(981, 18, 21, 2, 'Armilla'),
(982, 19, 21, 5, 'Almoguera'),
(983, 20, 21, 9, 'Belauntza'),
(984, 21, 21, 6, 'Cartaya'),
(985, 22, 21, 1, 'Almudévar'),
(986, 23, 21, 7, 'Carboneros'),
(987, 24, 21, 2, 'Boñar'),
(988, 25, 21, 5, 'Almenar'),
(989, 26, 21, 8, 'Autol'),
(990, 27, 21, 4, 'Xermade'),
(991, 28, 21, 0, 'Berrueco, El'),
(992, 29, 21, 3, 'Atajate'),
(993, 30, 21, 7, 'Fuente Álamo de Murcia'),
(994, 31, 21, 4, 'Aranarache/Aranaratxe'),
(995, 32, 21, 9, 'Castrelo do Val'),
(996, 33, 21, 5, 'Cudillero'),
(997, 35, 21, 3, 'Santa Brígida'),
(998, 36, 21, 6, 'Gondomar'),
(999, 37, 21, 2, 'Aldeaseca de Alba'),
(1000, 38, 21, 8, 'Hermigua'),
(1001, 39, 21, 1, 'Cieza'),
(1002, 40, 21, 5, 'Arevalillo de Cega'),
(1003, 41, 21, 2, 'Camas'),
(1004, 42, 21, 7, 'Almazul'),
(1005, 43, 21, 3, 'Barberà de la Conca'),
(1006, 44, 21, 8, 'Allepuz'),
(1007, 45, 21, 1, 'Borox'),
(1008, 46, 21, 4, 'Aldaia'),
(1009, 47, 21, 0, 'Bocigas'),
(1010, 48, 21, 6, 'Busturia'),
(1011, 49, 21, 9, 'Benavente'),
(1012, 50, 21, 2, 'Almochuel'),
(1013, 1, 22, 5, 'Elciego'),
(1014, 2, 22, 0, 'Casas de Lázaro'),
(1015, 3, 22, 6, 'Benasau'),
(1016, 4, 22, 1, 'Bédar'),
(1017, 5, 22, 4, 'Barraco, El'),
(1018, 6, 22, 7, 'Burguillos del Cerro'),
(1019, 7, 22, 3, 'Felanitx'),
(1020, 8, 22, 9, 'Berga'),
(1021, 9, 22, 2, 'Arauzo de Torre'),
(1022, 10, 22, 6, 'Arroyomolinos de la Vera'),
(1023, 11, 22, 3, 'Línea de la Concepción, La'),
(1024, 12, 22, 8, 'Bejís'),
(1025, 13, 22, 4, 'Ballesteros de Calatrava'),
(1026, 14, 22, 9, 'Doña Mencía'),
(1027, 15, 22, 2, 'Cedeira'),
(1028, 16, 22, 5, 'Arcos de la Sierra'),
(1029, 17, 22, 1, 'Bisbal d\'Empordà, La'),
(1030, 18, 22, 7, 'Atarfe'),
(1031, 19, 22, 0, 'Almonacid de Zorita'),
(1032, 20, 22, 4, 'Berastegi'),
(1033, 21, 22, 1, 'Castaño del Robledo'),
(1034, 22, 22, 6, 'Almunia de San Juan'),
(1035, 24, 22, 7, 'Borrenes'),
(1036, 25, 22, 0, 'Alòs de Balaguer'),
(1037, 26, 22, 3, 'Azofra'),
(1038, 27, 22, 9, 'Guitiriz'),
(1039, 28, 22, 5, 'Boadilla del Monte'),
(1040, 29, 22, 8, 'Benadalid'),
(1041, 30, 22, 2, 'Jumilla'),
(1042, 31, 22, 9, 'Arantza'),
(1043, 32, 22, 4, 'Castrelo de Miño'),
(1044, 33, 22, 0, 'Degaña'),
(1045, 34, 22, 5, 'Baltanás'),
(1046, 35, 22, 8, 'Santa Lucía de Tirajana'),
(1047, 36, 22, 1, 'Grove, O'),
(1048, 37, 22, 7, 'Aldeaseca de la Frontera'),
(1049, 38, 22, 3, 'Icod de los Vinos'),
(1050, 39, 22, 6, 'Cillorigo de Liébana'),
(1051, 40, 22, 0, 'Armuña'),
(1052, 41, 22, 7, 'Campana, La'),
(1053, 42, 22, 2, 'Almenar de Soria'),
(1054, 43, 22, 8, 'Batea'),
(1055, 44, 22, 3, 'Alloza'),
(1056, 45, 22, 6, 'Buenaventura'),
(1057, 46, 22, 9, 'Alfafar'),
(1058, 47, 22, 5, 'Bocos de Duero'),
(1059, 48, 22, 1, 'Karrantza Harana/Valle de Carranza'),
(1060, 49, 22, 4, 'Benegiles'),
(1061, 50, 22, 7, 'Almolda, La'),
(1062, 1, 23, 1, 'Elvillar/Bilar'),
(1063, 2, 23, 6, 'Casas de Ves'),
(1064, 3, 23, 2, 'Beneixama'),
(1065, 4, 23, 7, 'Beires'),
(1066, 5, 23, 0, 'Barromán'),
(1067, 6, 23, 3, 'Cabeza del Buey'),
(1068, 7, 23, 9, 'Ferreries'),
(1069, 8, 23, 5, 'Bigues i Riells'),
(1070, 9, 23, 8, 'Arcos'),
(1071, 10, 23, 2, 'Arroyomolinos'),
(1072, 11, 23, 9, 'Medina-Sidonia'),
(1073, 13, 23, 0, 'Bolaños de Calatrava'),
(1074, 14, 23, 5, 'Dos Torres'),
(1075, 15, 23, 8, 'Cee'),
(1076, 16, 23, 1, 'Chillarón de Cuenca'),
(1077, 17, 23, 7, 'Blanes'),
(1078, 18, 23, 3, 'Baza'),
(1079, 19, 23, 6, 'Alocén'),
(1080, 20, 23, 0, 'Berrobi'),
(1081, 21, 23, 7, 'Cerro de Andévalo, El'),
(1082, 22, 23, 2, 'Almuniente'),
(1083, 24, 23, 3, 'Brazuelo'),
(1084, 25, 23, 6, 'Alpicat'),
(1085, 26, 23, 9, 'Badarán'),
(1086, 27, 23, 5, 'Guntín'),
(1087, 28, 23, 1, 'Boalo, El'),
(1088, 29, 23, 4, 'Benahavís'),
(1089, 30, 23, 8, 'Librilla'),
(1090, 31, 23, 5, 'Aranguren'),
(1091, 32, 23, 0, 'Castro Caldelas'),
(1092, 33, 23, 6, 'Franco, El'),
(1093, 34, 23, 1, 'Venta de Baños'),
(1094, 35, 23, 4, 'Santa María de Guía de Gran Canaria'),
(1095, 36, 23, 7, 'Guarda, A'),
(1096, 37, 23, 3, 'Aldeatejada'),
(1097, 38, 23, 9, 'San Cristóbal de La Laguna'),
(1098, 39, 23, 2, 'Colindres'),
(1099, 41, 23, 3, 'Cantillana'),
(1100, 42, 23, 8, 'Alpanseque'),
(1101, 43, 23, 4, 'Bellmunt del Priorat'),
(1102, 44, 23, 9, 'Allueva'),
(1103, 45, 23, 2, 'Burguillos de Toledo'),
(1104, 46, 23, 5, 'Alfauir'),
(1105, 47, 23, 1, 'Boecillo'),
(1106, 48, 23, 7, 'Artea'),
(1107, 49, 23, 0, 'Bermillo de Sayago'),
(1108, 50, 23, 3, 'Almonacid de la Cuba'),
(1109, 2, 24, 1, 'Casas-Ibáñez'),
(1110, 3, 24, 7, 'Benejúzar'),
(1111, 4, 24, 2, 'Benahadux'),
(1112, 5, 24, 5, 'Becedas'),
(1113, 6, 24, 8, 'Cabeza la Vaca'),
(1114, 7, 24, 4, 'Formentera'),
(1115, 8, 24, 0, 'Borredà'),
(1116, 9, 24, 3, 'Arenillas de Riopisuerga'),
(1117, 10, 24, 7, 'Baños de Montemayor'),
(1118, 11, 24, 4, 'Olvera'),
(1119, 12, 24, 9, 'Benafer'),
(1120, 13, 24, 5, 'Brazatortas'),
(1121, 14, 24, 0, 'Encinas Reales'),
(1122, 15, 24, 3, 'Cerceda'),
(1123, 16, 24, 6, 'Arguisuelas'),
(1124, 17, 24, 2, 'Bolvir'),
(1125, 18, 24, 8, 'Beas de Granada'),
(1126, 19, 24, 1, 'Alovera'),
(1127, 20, 24, 5, 'Bidegoian'),
(1128, 21, 24, 2, 'Corteconcepción'),
(1129, 22, 24, 7, 'Alquézar'),
(1130, 23, 24, 3, 'Carolina, La'),
(1131, 24, 24, 8, 'Burgo Ranero, El'),
(1132, 25, 24, 1, 'Alt Àneu'),
(1133, 26, 24, 4, 'Bañares'),
(1134, 27, 24, 0, 'Incio, O'),
(1135, 28, 24, 6, 'Braojos'),
(1136, 29, 24, 9, 'Benalauría'),
(1137, 30, 24, 3, 'Lorca'),
(1138, 31, 24, 0, 'Arano'),
(1139, 32, 24, 5, 'Celanova'),
(1140, 33, 24, 1, 'Gijón'),
(1141, 34, 24, 6, 'Baquerín de Campos'),
(1142, 35, 24, 9, 'Teguise'),
(1143, 36, 24, 2, 'Lalín'),
(1144, 37, 24, 8, 'Aldeavieja de Tormes'),
(1145, 38, 24, 4, 'Llanos de Aridane, Los'),
(1146, 39, 24, 7, 'Comillas'),
(1147, 40, 24, 1, 'Ayllón'),
(1148, 41, 24, 8, 'Carmona'),
(1149, 42, 24, 3, 'Arancón'),
(1150, 43, 24, 9, 'Bellvei'),
(1151, 44, 24, 4, 'Anadón'),
(1152, 45, 24, 7, 'Burujón'),
(1153, 46, 24, 0, 'Alfara de la Baronia'),
(1154, 47, 24, 6, 'Bolaños de Campos'),
(1155, 48, 24, 2, 'Zeanuri'),
(1156, 49, 24, 5, 'Bóveda de Toro, La'),
(1157, 50, 24, 8, 'Almonacid de la Sierra'),
(1158, 2, 25, 4, 'Caudete'),
(1159, 3, 25, 0, 'Benferri'),
(1160, 5, 25, 8, 'Becedillas'),
(1161, 6, 25, 1, 'Calamonte'),
(1162, 7, 25, 7, 'Fornalutx'),
(1163, 8, 25, 3, 'Bruc, El'),
(1164, 9, 25, 6, 'Arija'),
(1165, 10, 25, 0, 'Barrado'),
(1166, 11, 25, 7, 'Paterna de Rivera'),
(1167, 12, 25, 2, 'Benafigos'),
(1168, 13, 25, 8, 'Cabezarados'),
(1169, 14, 25, 3, 'Espejo'),
(1170, 15, 25, 6, 'Cerdido'),
(1171, 16, 25, 9, 'Arrancacepas'),
(1172, 17, 25, 5, 'Bordils'),
(1173, 18, 25, 1, 'Beas de Guadix'),
(1174, 20, 25, 8, 'Zegama'),
(1175, 21, 25, 5, 'Cortegana'),
(1176, 22, 25, 0, 'Altorricón'),
(1177, 23, 25, 6, 'Castellar'),
(1178, 24, 25, 1, 'Burón'),
(1179, 25, 25, 4, 'Naut Aran'),
(1180, 26, 25, 7, 'Baños de Rioja'),
(1181, 27, 25, 3, 'Xove'),
(1182, 28, 25, 9, 'Brea de Tajo'),
(1183, 29, 25, 2, 'Benalmádena'),
(1184, 30, 25, 6, 'Lorquí'),
(1185, 31, 25, 3, 'Arakil'),
(1186, 32, 25, 8, 'Cenlle'),
(1187, 33, 25, 4, 'Gozón'),
(1188, 34, 25, 9, 'Bárcena de Campos'),
(1189, 35, 25, 2, 'Tejeda'),
(1190, 36, 25, 5, 'Lama, A'),
(1191, 37, 25, 1, 'Aldehuela de la Bóveda'),
(1192, 38, 25, 7, 'Matanza de Acentejo, La'),
(1193, 39, 25, 0, 'Corrales de Buelna, Los'),
(1194, 40, 25, 4, 'Barbolla'),
(1195, 41, 25, 1, 'Carrión de los Céspedes'),
(1196, 42, 25, 6, 'Arcos de Jalón'),
(1197, 43, 25, 2, 'Benifallet'),
(1198, 44, 25, 7, 'Andorra'),
(1199, 45, 25, 0, 'Cabañas de la Sagra'),
(1200, 46, 25, 3, 'Alfara del Patriarca'),
(1201, 47, 25, 9, 'Brahojos de Medina'),
(1202, 48, 25, 5, 'Zeberio'),
(1203, 49, 25, 8, 'Bretó'),
(1204, 50, 25, 1, 'Almunia de Doña Godina, La'),
(1205, 2, 26, 7, 'Cenizate'),
(1206, 3, 26, 3, 'Beniarbeig'),
(1207, 4, 26, 8, 'Benitagla'),
(1208, 5, 26, 1, 'Bercial de Zapardiel'),
(1209, 6, 26, 4, 'Calera de León'),
(1210, 7, 26, 0, 'Eivissa'),
(1211, 8, 26, 6, 'Brull, El'),
(1212, 9, 26, 9, 'Arlanzón'),
(1213, 10, 26, 3, 'Belvís de Monroy'),
(1214, 11, 26, 0, 'Prado del Rey'),
(1215, 12, 26, 5, 'Benasal'),
(1216, 13, 26, 1, 'Cabezarrubias del Puerto'),
(1217, 14, 26, 6, 'Espiel'),
(1218, 15, 26, 9, 'Cesuras'),
(1219, 16, 26, 2, 'Atalaya del Cañavate'),
(1220, 17, 26, 8, 'Borrassà'),
(1221, 20, 26, 1, 'Zerain'),
(1222, 21, 26, 8, 'Cortelazor'),
(1223, 23, 26, 9, 'Castillo de Locubín'),
(1224, 24, 26, 4, 'Bustillo del Páramo'),
(1225, 26, 26, 0, 'Baños de Río Tobía'),
(1226, 27, 26, 6, 'Láncara'),
(1227, 28, 26, 2, 'Brunete'),
(1228, 29, 26, 5, 'Benamargosa'),
(1229, 30, 26, 9, 'Mazarrón'),
(1230, 31, 26, 6, 'Aras'),
(1231, 32, 26, 1, 'Coles'),
(1232, 33, 26, 7, 'Grado'),
(1233, 35, 26, 5, 'Telde'),
(1234, 36, 26, 8, 'Marín'),
(1235, 37, 26, 4, 'Aldehuela de Yeltes'),
(1236, 38, 26, 0, 'Orotava, La'),
(1237, 39, 26, 3, 'Corvera de Toranzo'),
(1238, 40, 26, 7, 'Basardilla'),
(1239, 41, 26, 4, 'Casariche'),
(1240, 42, 26, 9, 'Arenillas'),
(1241, 43, 26, 5, 'Benissanet'),
(1242, 44, 26, 0, 'Arcos de las Salinas'),
(1243, 45, 26, 3, 'Cabañas de Yepes'),
(1244, 46, 26, 6, 'Alfarp'),
(1245, 47, 26, 2, 'Bustillo de Chaves'),
(1246, 48, 26, 8, 'Dima'),
(1247, 49, 26, 1, 'Bretocino'),
(1248, 50, 26, 4, 'Alpartir'),
(1249, 1, 27, 8, 'Iruraiz-Gauna'),
(1250, 2, 27, 3, 'Corral-Rubio'),
(1251, 3, 27, 9, 'Beniardá'),
(1252, 4, 27, 4, 'Benizalón'),
(1253, 5, 27, 7, 'Berlanas, Las'),
(1254, 6, 27, 0, 'Calzadilla de los Barros'),
(1255, 7, 27, 6, 'Inca'),
(1256, 8, 27, 2, 'Cabanyes, Les'),
(1257, 9, 27, 5, 'Arraya de Oca'),
(1258, 10, 27, 9, 'Benquerencia'),
(1259, 11, 27, 6, 'Puerto de Santa María, El'),
(1260, 12, 27, 1, 'Benicarló'),
(1261, 13, 27, 7, 'Calzada de Calatrava'),
(1262, 14, 27, 2, 'Fernán-Núñez'),
(1263, 15, 27, 5, 'Coirós'),
(1264, 16, 27, 8, 'Barajas de Melo'),
(1265, 17, 27, 4, 'Breda'),
(1266, 18, 27, 0, 'Benalúa'),
(1267, 19, 27, 3, 'Alustante'),
(1268, 20, 27, 7, 'Zestoa'),
(1269, 21, 27, 4, 'Cumbres de Enmedio'),
(1270, 22, 27, 9, 'Angüés'),
(1271, 23, 27, 5, 'Cazalilla'),
(1272, 24, 27, 0, 'Cabañas Raras'),
(1273, 25, 27, 3, 'Anglesola'),
(1274, 26, 27, 6, 'Berceo'),
(1275, 27, 27, 2, 'Lourenzá'),
(1276, 28, 27, 8, 'Buitrago del Lozoya'),
(1277, 29, 27, 1, 'Benamocarra'),
(1278, 30, 27, 5, 'Molina de Segura'),
(1279, 31, 27, 2, 'Arbizu'),
(1280, 32, 27, 7, 'Cortegada'),
(1281, 33, 27, 3, 'Grandas de Salime'),
(1282, 34, 27, 8, 'Barruelo de Santullán'),
(1283, 35, 27, 1, 'Teror'),
(1284, 36, 27, 4, 'Meaño'),
(1285, 37, 27, 0, 'Almenara de Tormes'),
(1286, 38, 27, 6, 'Paso, El'),
(1287, 39, 27, 9, 'Campoo de Enmedio'),
(1288, 41, 27, 0, 'Castilblanco de los Arroyos'),
(1289, 42, 27, 5, 'Arévalo de la Sierra'),
(1290, 43, 27, 1, 'Bisbal de Falset, La'),
(1291, 44, 27, 6, 'Arens de Lledó'),
(1292, 45, 27, 9, 'Cabezamesada'),
(1293, 46, 27, 2, 'Alfarrasí'),
(1294, 47, 27, 8, 'Cabezón de Pisuerga'),
(1295, 48, 27, 4, 'Durango'),
(1296, 49, 27, 7, 'Brime de Sog'),
(1297, 50, 27, 0, 'Ambel'),
(1298, 1, 28, 4, 'Labastida/Bastida'),
(1299, 2, 28, 9, 'Cotillas'),
(1300, 3, 28, 5, 'Beniarrés'),
(1301, 4, 28, 0, 'Bentarique'),
(1302, 6, 28, 6, 'Campanario'),
(1303, 7, 28, 2, 'Lloret de Vistalegre'),
(1304, 8, 28, 8, 'Cabrera d\'Anoia'),
(1305, 10, 28, 5, 'Berrocalejo'),
(1306, 11, 28, 2, 'Puerto Real'),
(1307, 12, 28, 7, 'Benicasim/Benicàssim'),
(1308, 13, 28, 3, 'Campo de Criptana'),
(1309, 14, 28, 8, 'Fuente la Lancha'),
(1310, 15, 28, 1, 'Corcubión'),
(1311, 17, 28, 0, 'Brunyola'),
(1312, 18, 28, 6, 'Benalúa de las Villas'),
(1313, 20, 28, 3, 'Zizurkil'),
(1314, 21, 28, 0, 'Cumbres de San Bartolomé'),
(1315, 22, 28, 5, 'Ansó'),
(1316, 23, 28, 1, 'Cazorla'),
(1317, 24, 28, 6, 'Cabreros del Río'),
(1318, 26, 28, 2, 'Bergasa'),
(1319, 27, 28, 8, 'Lugo'),
(1320, 28, 28, 4, 'Bustarviejo'),
(1321, 29, 28, 7, 'Benaoján'),
(1322, 30, 28, 1, 'Moratalla'),
(1323, 31, 28, 8, 'Arce/Artzi'),
(1324, 32, 28, 3, 'Cualedro'),
(1325, 33, 28, 9, 'Ibias'),
(1326, 34, 28, 4, 'Báscones de Ojeda'),
(1327, 35, 28, 7, 'Tías'),
(1328, 36, 28, 0, 'Meis'),
(1329, 37, 28, 6, 'Almendra'),
(1330, 38, 28, 2, 'Puerto de la Cruz'),
(1331, 39, 28, 5, 'Entrambasaguas'),
(1332, 40, 28, 9, 'Bercial'),
(1333, 41, 28, 6, 'Castilleja de Guzmán'),
(1334, 42, 28, 1, 'Ausejo de la Sierra'),
(1335, 43, 28, 7, 'Bisbal del Penedès, La'),
(1336, 44, 28, 2, 'Argente'),
(1337, 45, 28, 5, 'Calera y Chozas'),
(1338, 46, 28, 8, 'Algar de Palancia'),
(1339, 47, 28, 4, 'Cabezón de Valderaduey'),
(1340, 48, 28, 0, 'Ea'),
(1341, 49, 28, 3, 'Brime de Urz'),
(1342, 50, 28, 6, 'Anento'),
(1343, 2, 29, 2, 'Chinchilla de Monte-Aragón'),
(1344, 3, 29, 8, 'Benigembla'),
(1345, 4, 29, 3, 'Berja'),
(1346, 5, 29, 6, 'Bernuy-Zapardiel'),
(1347, 6, 29, 9, 'Campillo de Llerena'),
(1348, 7, 29, 5, 'Lloseta'),
(1349, 8, 29, 1, 'Cabrera de Mar'),
(1350, 9, 29, 4, 'Atapuerca'),
(1351, 10, 29, 8, 'Berzocana'),
(1352, 11, 29, 5, 'Puerto Serrano'),
(1353, 12, 29, 0, 'Benlloch'),
(1354, 13, 29, 6, 'Cañada de Calatrava'),
(1355, 14, 29, 1, 'Fuente Obejuna'),
(1356, 15, 29, 4, 'Coristanco'),
(1357, 16, 29, 7, 'Barchín del Hoyo'),
(1358, 17, 29, 3, 'Boadella i les Escaules'),
(1359, 18, 29, 9, 'Benamaurel'),
(1360, 20, 29, 6, 'Deba'),
(1361, 21, 29, 3, 'Cumbres Mayores'),
(1362, 22, 29, 8, 'Antillón'),
(1363, 23, 29, 4, 'Chiclana de Segura'),
(1364, 24, 29, 9, 'Cabrillanes'),
(1365, 25, 29, 2, 'Arbeca'),
(1366, 26, 29, 5, 'Bergasillas Bajera'),
(1367, 27, 29, 1, 'Meira'),
(1368, 28, 29, 7, 'Cabanillas de la Sierra'),
(1369, 29, 29, 0, 'Benarrabá'),
(1370, 30, 29, 4, 'Mula'),
(1371, 31, 29, 1, 'Arcos, Los'),
(1372, 32, 29, 6, 'Chandrexa de Queixa'),
(1373, 33, 29, 2, 'Illano'),
(1374, 34, 29, 7, 'Becerril de Campos'),
(1375, 35, 29, 0, 'Tinajo'),
(1376, 36, 29, 3, 'Moaña'),
(1377, 37, 29, 9, 'Anaya de Alba'),
(1378, 38, 29, 5, 'Puntagorda'),
(1379, 39, 29, 8, 'Escalante'),
(1380, 40, 29, 2, 'Bercimuel'),
(1381, 41, 29, 9, 'Castilleja de la Cuesta'),
(1382, 42, 29, 4, 'Baraona'),
(1383, 43, 29, 0, 'Blancafort'),
(1384, 44, 29, 5, 'Ariño'),
(1385, 45, 29, 8, 'Caleruela'),
(1386, 46, 29, 1, 'Algemesí'),
(1387, 47, 29, 7, 'Cabreros del Monte'),
(1388, 48, 29, 3, 'Etxebarri'),
(1389, 49, 29, 6, 'Burganes de Valverde'),
(1390, 50, 29, 9, 'Aniñón'),
(1391, 1, 30, 1, 'Lagrán'),
(1392, 2, 30, 6, 'Elche de la Sierra'),
(1393, 3, 30, 2, 'Benidoleig'),
(1394, 4, 30, 7, 'Canjáyar'),
(1395, 5, 30, 0, 'Berrocalejo de Aragona'),
(1396, 6, 30, 3, 'Capilla'),
(1397, 7, 30, 9, 'Llubí'),
(1398, 8, 30, 5, 'Cabrils'),
(1399, 9, 30, 8, 'Ausines, Los'),
(1400, 10, 30, 2, 'Bohonal de Ibor'),
(1401, 11, 30, 9, 'Rota'),
(1402, 13, 30, 0, 'Caracuel de Calatrava'),
(1403, 14, 30, 5, 'Fuente Palmera'),
(1404, 15, 30, 8, 'Coruña, A'),
(1405, 16, 30, 1, 'Bascuñana de San Pedro'),
(1406, 17, 30, 7, 'Cabanes'),
(1407, 18, 30, 3, 'Bérchules'),
(1408, 20, 30, 0, 'Eibar'),
(1409, 21, 30, 7, 'Chucena'),
(1410, 23, 30, 8, 'Chilluévar'),
(1411, 24, 30, 3, 'Cacabelos'),
(1412, 25, 30, 6, 'Pont de Bar, El'),
(1413, 26, 30, 9, 'Bezares'),
(1414, 27, 30, 5, 'Mondoñedo'),
(1415, 28, 30, 1, 'Cabrera, La'),
(1416, 29, 30, 4, 'Borge, El'),
(1417, 30, 30, 8, 'Murcia'),
(1418, 31, 30, 5, 'Arellano'),
(1419, 32, 30, 0, 'Entrimo'),
(1420, 33, 30, 6, 'Illas'),
(1421, 35, 30, 4, 'Tuineje'),
(1422, 36, 30, 7, 'Mondariz'),
(1423, 37, 30, 3, 'Añover de Tormes'),
(1424, 38, 30, 9, 'Puntallana'),
(1425, 39, 30, 2, 'Guriezo'),
(1426, 40, 30, 6, 'Bernardos'),
(1427, 41, 30, 3, 'Castilleja del Campo'),
(1428, 42, 30, 8, 'Barca'),
(1429, 43, 30, 4, 'Bonastre'),
(1430, 45, 30, 2, 'Calzada de Oropesa'),
(1431, 46, 30, 5, 'Algimia de Alfara'),
(1432, 47, 30, 1, 'Campaspero'),
(1433, 48, 30, 7, 'Etxebarria'),
(1434, 49, 30, 0, 'Bustillo del Oro'),
(1435, 50, 30, 3, 'Añón de Moncayo'),
(1436, 1, 31, 8, 'Laguardia'),
(1437, 2, 31, 3, 'Férez'),
(1438, 3, 31, 9, 'Benidorm'),
(1439, 4, 31, 4, 'Cantoria'),
(1440, 6, 31, 0, 'Carmonita'),
(1441, 7, 31, 6, 'Llucmajor'),
(1442, 8, 31, 2, 'Calaf'),
(1443, 10, 31, 9, 'Botija'),
(1444, 11, 31, 6, 'San Fernando'),
(1445, 12, 31, 1, 'Borriol'),
(1446, 13, 31, 7, 'Carrión de Calatrava'),
(1447, 14, 31, 2, 'Fuente-Tójar'),
(1448, 15, 31, 5, 'Culleredo'),
(1449, 16, 31, 8, 'Beamud'),
(1450, 17, 31, 4, 'Cabanelles'),
(1451, 19, 31, 3, 'Angón'),
(1452, 20, 31, 7, 'Elduain'),
(1453, 21, 31, 4, 'Encinasola'),
(1454, 23, 31, 5, 'Escañuela'),
(1455, 24, 31, 0, 'Calzada del Coto'),
(1456, 25, 31, 3, 'Arres'),
(1457, 26, 31, 6, 'Bobadilla'),
(1458, 27, 31, 2, 'Monforte de Lemos'),
(1459, 28, 31, 8, 'Cadalso de los Vidrios'),
(1460, 29, 31, 1, 'Burgo, El'),
(1461, 30, 31, 5, 'Ojós'),
(1462, 31, 31, 2, 'Areso'),
(1463, 32, 31, 7, 'Esgos'),
(1464, 33, 31, 3, 'Langreo'),
(1465, 34, 31, 8, 'Belmonte de Campos'),
(1466, 35, 31, 1, 'Valsequillo de Gran Canaria'),
(1467, 36, 31, 4, 'Mondariz-Balneario'),
(1468, 37, 31, 0, 'Arabayona de Mógica'),
(1469, 38, 31, 6, 'Realejos, Los'),
(1470, 39, 31, 9, 'Hazas de Cesto'),
(1471, 40, 31, 3, 'Bernuy de Porreros'),
(1472, 41, 31, 0, 'Castillo de las Guardas, El'),
(1473, 42, 31, 5, 'Barcones'),
(1474, 43, 31, 1, 'Borges del Camp, Les'),
(1475, 44, 31, 6, 'Azaila'),
(1476, 45, 31, 9, 'Camarena'),
(1477, 46, 31, 2, 'Alginet'),
(1478, 47, 31, 8, 'Campillo, El'),
(1479, 48, 31, 4, 'Elantxobe'),
(1480, 49, 31, 7, 'Cabañas de Sayago'),
(1481, 50, 31, 0, 'Aranda de Moncayo'),
(1482, 1, 32, 3, 'Lanciego/Lantziego'),
(1483, 2, 32, 8, 'Fuensanta'),
(1484, 3, 32, 4, 'Benifallim'),
(1485, 4, 32, 9, 'Carboneras'),
(1486, 6, 32, 5, 'Carrascalejo, El'),
(1487, 7, 32, 1, 'Maó'),
(1488, 8, 32, 7, 'Caldes d\'Estrac'),
(1489, 9, 32, 0, 'Avellanosa de Muñó'),
(1490, 10, 32, 4, 'Brozas'),
(1491, 11, 32, 1, 'Sanlúcar de Barrameda'),
(1492, 12, 32, 6, 'Borriana/Burriana'),
(1493, 13, 32, 2, 'Carrizosa'),
(1494, 14, 32, 7, 'Granjuela, La'),
(1495, 15, 32, 0, 'Curtis'),
(1496, 16, 32, 3, 'Belinchón'),
(1497, 17, 32, 9, 'Cadaqués'),
(1498, 18, 32, 5, 'Bubión'),
(1499, 19, 32, 8, 'Anguita'),
(1500, 20, 32, 2, 'Elgoibar'),
(1501, 21, 32, 9, 'Escacena del Campo'),
(1502, 22, 32, 4, 'Aragüés del Puerto'),
(1503, 23, 32, 0, 'Espelúy'),
(1504, 24, 32, 5, 'Campazas'),
(1505, 25, 32, 8, 'Arsèguel'),
(1506, 26, 32, 1, 'Brieva de Cameros'),
(1507, 27, 32, 7, 'Monterroso'),
(1508, 28, 32, 3, 'Camarma de Esteruelas'),
(1509, 29, 32, 6, 'Campillos'),
(1510, 30, 32, 0, 'Pliego'),
(1511, 31, 32, 7, 'Arguedas'),
(1512, 32, 32, 2, 'Xinzo de Limia'),
(1513, 33, 32, 8, 'Laviana'),
(1514, 34, 32, 3, 'Berzosilla'),
(1515, 35, 32, 6, 'Valleseco'),
(1516, 36, 32, 9, 'Moraña'),
(1517, 37, 32, 5, 'Arapiles'),
(1518, 38, 32, 1, 'Rosario, El'),
(1519, 39, 32, 4, 'Hermandad de Campoo de Suso'),
(1520, 40, 32, 8, 'Boceguillas'),
(1521, 41, 32, 5, 'Cazalla de la Sierra'),
(1522, 42, 32, 0, 'Bayubas de Abajo'),
(1523, 43, 32, 6, 'Bot'),
(1524, 44, 32, 1, 'Bádenas'),
(1525, 45, 32, 4, 'Camarenilla'),
(1526, 46, 32, 7, 'Almàssera'),
(1527, 47, 32, 3, 'Camporredondo'),
(1528, 48, 32, 9, 'Elorrio'),
(1529, 49, 32, 2, 'Calzadilla de Tera'),
(1530, 50, 32, 5, 'Arándiga'),
(1531, 1, 33, 9, 'Lapuebla de Labarca'),
(1532, 2, 33, 4, 'Fuente-Álamo'),
(1533, 3, 33, 0, 'Benifato'),
(1534, 4, 33, 5, 'Castro de Filabres'),
(1535, 5, 33, 8, 'Blascomillán'),
(1536, 6, 33, 1, 'Casas de Don Pedro'),
(1537, 7, 33, 7, 'Manacor'),
(1538, 8, 33, 3, 'Caldes de Montbui'),
(1539, 9, 33, 6, 'Bahabón de Esgueva'),
(1540, 10, 33, 0, 'Cabañas del Castillo'),
(1541, 11, 33, 7, 'San Roque'),
(1542, 12, 33, 2, 'Cabanes'),
(1543, 13, 33, 8, 'Castellar de Santiago'),
(1544, 14, 33, 3, 'Guadalcázar'),
(1545, 15, 33, 6, 'Dodro'),
(1546, 16, 33, 9, 'Belmonte'),
(1547, 17, 33, 5, 'Caldes de Malavella'),
(1548, 18, 33, 1, 'Busquístar'),
(1549, 19, 33, 4, 'Anquela del Ducado'),
(1550, 20, 33, 8, 'Elgeta'),
(1551, 21, 33, 5, 'Fuenteheridos'),
(1552, 23, 33, 6, 'Frailes'),
(1553, 24, 33, 1, 'Campo de Villavidel'),
(1554, 25, 33, 4, 'Artesa de Lleida'),
(1555, 26, 33, 7, 'Briñas'),
(1556, 27, 33, 3, 'Muras'),
(1557, 28, 33, 9, 'Campo Real'),
(1558, 29, 33, 2, 'Canillas de Aceituno'),
(1559, 30, 33, 6, 'Puerto Lumbreras'),
(1560, 31, 33, 3, 'Aria'),
(1561, 32, 33, 8, 'Gomesende'),
(1562, 33, 33, 4, 'Lena'),
(1563, 34, 33, 9, 'Boada de Campos'),
(1564, 35, 33, 2, 'Vega de San Mateo'),
(1565, 36, 33, 5, 'Mos'),
(1566, 37, 33, 1, 'Arcediano'),
(1567, 38, 33, 7, 'San Andrés y Sauces'),
(1568, 39, 33, 0, 'Herrerías'),
(1569, 40, 33, 4, 'Brieva'),
(1570, 41, 33, 1, 'Constantina'),
(1571, 42, 33, 6, 'Bayubas de Arriba'),
(1572, 43, 33, 2, 'Botarell'),
(1573, 44, 33, 7, 'Báguena'),
(1574, 45, 33, 0, 'Campillo de la Jara, El'),
(1575, 46, 33, 3, 'Almiserà'),
(1576, 47, 33, 9, 'Canalejas de Peñafiel'),
(1577, 48, 33, 5, 'Ereño'),
(1578, 49, 33, 8, 'Camarzana de Tera'),
(1579, 50, 33, 1, 'Ardisa'),
(1580, 1, 34, 4, 'Leza'),
(1581, 2, 34, 9, 'Fuentealbilla'),
(1582, 3, 34, 5, 'Benijófar'),
(1583, 4, 34, 0, 'Cóbdar'),
(1584, 5, 34, 3, 'Blasconuño de Matacabras'),
(1585, 6, 34, 6, 'Casas de Reina'),
(1586, 7, 34, 2, 'Mancor de la Vall'),
(1587, 8, 34, 8, 'Calders'),
(1588, 9, 34, 1, 'Balbases, Los'),
(1589, 10, 34, 5, 'Cabezabellosa'),
(1590, 11, 34, 2, 'Setenil de las Bodegas'),
(1591, 12, 34, 7, 'Càlig'),
(1592, 13, 34, 3, 'Ciudad Real'),
(1593, 14, 34, 8, 'Guijo, El'),
(1594, 15, 34, 1, 'Dumbría'),
(1595, 16, 34, 4, 'Belmontejo'),
(1596, 17, 34, 0, 'Calonge'),
(1597, 18, 34, 6, 'Cacín'),
(1598, 19, 34, 9, 'Anquela del Pedregal'),
(1599, 20, 34, 3, 'Eskoriatza'),
(1600, 21, 34, 0, 'Galaroza'),
(1601, 23, 34, 1, 'Fuensanta de Martos'),
(1602, 24, 34, 6, 'Camponaraya'),
(1603, 25, 34, 9, 'Artesa de Segre'),
(1604, 26, 34, 2, 'Briones'),
(1605, 27, 34, 8, 'Navia de Suarna'),
(1606, 28, 34, 4, 'Canencia'),
(1607, 29, 34, 7, 'Canillas de Albaida'),
(1608, 30, 34, 1, 'Ricote'),
(1609, 31, 34, 8, 'Aribe'),
(1610, 32, 34, 3, 'Gudiña, A'),
(1611, 33, 34, 9, 'Valdés'),
(1612, 34, 34, 4, 'Boadilla del Camino'),
(1613, 35, 34, 7, 'Yaiza'),
(1614, 36, 34, 0, 'Neves, As'),
(1615, 37, 34, 6, 'Arco, El'),
(1616, 38, 34, 2, 'San Juan de la Rambla'),
(1617, 39, 34, 5, 'Lamasón'),
(1618, 40, 34, 9, 'Caballar'),
(1619, 41, 34, 6, 'Coria del Río'),
(1620, 42, 34, 1, 'Beratón');
INSERT INTO `municipios` (`id_municipio`, `id_provincia`, `cod_municipio`, `DC`, `nombre`) VALUES
(1621, 43, 34, 7, 'Bràfim'),
(1622, 44, 34, 2, 'Bañón'),
(1623, 45, 34, 5, 'Camuñas'),
(1624, 46, 34, 8, 'Almoines'),
(1625, 47, 34, 4, 'Canillas de Esgueva'),
(1626, 48, 34, 0, 'Ermua'),
(1627, 49, 34, 3, 'Cañizal'),
(1628, 50, 34, 6, 'Ariza'),
(1629, 2, 35, 2, 'Gineta, La'),
(1630, 3, 35, 8, 'Benilloba'),
(1631, 4, 35, 3, 'Cuevas del Almanzora'),
(1632, 5, 35, 6, 'Blascosancho'),
(1633, 6, 35, 9, 'Castilblanco'),
(1634, 7, 35, 5, 'Maria de la Salut'),
(1635, 8, 35, 1, 'Calella'),
(1636, 9, 35, 4, 'Baños de Valdearados'),
(1637, 10, 35, 8, 'Cabezuela del Valle'),
(1638, 11, 35, 5, 'Tarifa'),
(1639, 13, 35, 6, 'Corral de Calatrava'),
(1640, 14, 35, 1, 'Hinojosa del Duque'),
(1641, 15, 35, 4, 'Fene'),
(1642, 16, 35, 7, 'Beteta'),
(1643, 17, 35, 3, 'Camós'),
(1644, 18, 35, 9, 'Cádiar'),
(1645, 20, 35, 6, 'Ezkio-Itsaso'),
(1646, 21, 35, 3, 'Gibraleón'),
(1647, 22, 35, 8, 'Arén'),
(1648, 23, 35, 4, 'Fuerte del Rey'),
(1649, 25, 35, 2, 'Sentiu de Sió, La'),
(1650, 26, 35, 5, 'Cabezón de Cameros'),
(1651, 27, 35, 1, 'Negueira de Muñiz'),
(1652, 28, 35, 7, 'Carabaña'),
(1653, 29, 35, 0, 'Cañete la Real'),
(1654, 30, 35, 4, 'San Javier'),
(1655, 31, 35, 1, 'Armañanzas'),
(1656, 32, 35, 6, 'Irixo, O'),
(1657, 33, 35, 2, 'Llanera'),
(1658, 34, 35, 7, 'Boadilla de Rioseco'),
(1659, 36, 35, 3, 'Nigrán'),
(1660, 37, 35, 9, 'Armenteros'),
(1661, 38, 35, 5, 'San Miguel de Abona'),
(1662, 39, 35, 8, 'Laredo'),
(1663, 40, 35, 2, 'Cabañas de Polendos'),
(1664, 41, 35, 9, 'Coripe'),
(1665, 42, 35, 4, 'Berlanga de Duero'),
(1666, 43, 35, 0, 'Cabacés'),
(1667, 44, 35, 5, 'Barrachina'),
(1668, 45, 35, 8, 'Cardiel de los Montes'),
(1669, 46, 35, 1, 'Almussafes'),
(1670, 47, 35, 7, 'Carpio'),
(1671, 48, 35, 3, 'Fruiz'),
(1672, 49, 35, 6, 'Cañizo'),
(1673, 50, 35, 9, 'Artieda'),
(1674, 1, 36, 0, 'Laudio/Llodio'),
(1675, 2, 36, 5, 'Golosalvo'),
(1676, 3, 36, 1, 'Benillup'),
(1677, 4, 36, 6, 'Chercos'),
(1678, 5, 36, 9, 'Bohodón, El'),
(1679, 6, 36, 2, 'Castuera'),
(1680, 7, 36, 8, 'Marratxí'),
(1681, 8, 36, 4, 'Calonge de Segarra'),
(1682, 9, 36, 7, 'Bañuelos de Bureba'),
(1683, 10, 36, 1, 'Cabrero'),
(1684, 11, 36, 8, 'Torre Alháquime'),
(1685, 12, 36, 3, 'Canet lo Roig'),
(1686, 13, 36, 9, 'Cortijos, Los'),
(1687, 14, 36, 4, 'Hornachuelos'),
(1688, 15, 36, 7, 'Ferrol'),
(1689, 16, 36, 0, 'Boniches'),
(1690, 17, 36, 6, 'Campdevànol'),
(1691, 18, 36, 2, 'Cájar'),
(1692, 19, 36, 5, 'Aranzueque'),
(1693, 20, 36, 9, 'Hondarribia'),
(1694, 21, 36, 6, 'Granada de Río-Tinto, La'),
(1695, 22, 36, 1, 'Argavieso'),
(1696, 24, 36, 2, 'Candín'),
(1697, 25, 36, 5, 'Aspa'),
(1698, 26, 36, 8, 'Calahorra'),
(1699, 28, 36, 0, 'Casarrubuelos'),
(1700, 29, 36, 3, 'Carratraca'),
(1701, 30, 36, 7, 'San Pedro del Pinatar'),
(1702, 31, 36, 4, 'Arróniz'),
(1703, 32, 36, 9, 'Xunqueira de Ambía'),
(1704, 33, 36, 5, 'Llanes'),
(1705, 34, 36, 0, 'Brañosera'),
(1706, 36, 36, 6, 'Oia'),
(1707, 37, 36, 2, 'San Miguel del Robledo'),
(1708, 38, 36, 8, 'San Sebastián de la Gomera'),
(1709, 39, 36, 1, 'Liendo'),
(1710, 40, 36, 5, 'Cabezuela'),
(1711, 41, 36, 2, 'Coronil, El'),
(1712, 42, 36, 7, 'Blacos'),
(1713, 43, 36, 3, 'Cabra del Camp'),
(1714, 44, 36, 8, 'Bea'),
(1715, 45, 36, 1, 'Carmena'),
(1716, 46, 36, 4, 'Alpuente'),
(1717, 47, 36, 0, 'Casasola de Arión'),
(1718, 48, 36, 6, 'Galdakao'),
(1719, 49, 36, 9, 'Carbajales de Alba'),
(1720, 50, 36, 2, 'Asín'),
(1721, 1, 37, 6, 'Arraia-Maeztu'),
(1722, 2, 37, 1, 'Hellín'),
(1723, 3, 37, 7, 'Benimantell'),
(1724, 4, 37, 2, 'Chirivel'),
(1725, 5, 37, 5, 'Bohoyo'),
(1726, 6, 37, 8, 'Codosera, La'),
(1727, 7, 37, 4, 'Mercadal, Es'),
(1728, 8, 37, 0, 'Calldetenes'),
(1729, 9, 37, 3, 'Barbadillo de Herreros'),
(1730, 10, 37, 7, 'Cáceres'),
(1731, 11, 37, 4, 'Trebujena'),
(1732, 12, 37, 9, 'Castell de Cabres'),
(1733, 13, 37, 5, 'Cózar'),
(1734, 14, 37, 0, 'Iznájar'),
(1735, 15, 37, 3, 'Fisterra'),
(1736, 17, 37, 2, 'Campelles'),
(1737, 18, 37, 8, 'Calicasas'),
(1738, 19, 37, 1, 'Arbancón'),
(1739, 20, 37, 5, 'Gaintza'),
(1740, 21, 37, 2, 'Granado, El'),
(1741, 22, 37, 7, 'Arguis'),
(1742, 23, 37, 3, 'Génave'),
(1743, 24, 37, 8, 'Cármenes'),
(1744, 25, 37, 1, 'Avellanes i Santa Linya, Les'),
(1745, 26, 37, 4, 'Camprovín'),
(1746, 27, 37, 0, 'Nogais, As'),
(1747, 28, 37, 6, 'Cenicientos'),
(1748, 29, 37, 9, 'Cartajima'),
(1749, 30, 37, 3, 'Torre-Pacheco'),
(1750, 31, 37, 0, 'Arruazu'),
(1751, 32, 37, 5, 'Xunqueira de Espadanedo'),
(1752, 33, 37, 1, 'Mieres'),
(1753, 34, 37, 6, 'Buenavista de Valdavia'),
(1754, 36, 37, 2, 'Pazos de Borbén'),
(1755, 37, 37, 8, 'Atalaya, La'),
(1756, 38, 37, 4, 'Santa Cruz de la Palma'),
(1757, 39, 37, 7, 'Liérganes'),
(1758, 40, 37, 1, 'Calabazas de Fuentidueña'),
(1759, 41, 37, 8, 'Corrales, Los'),
(1760, 42, 37, 3, 'Bliecos'),
(1761, 43, 37, 9, 'Calafell'),
(1762, 44, 37, 4, 'Beceite'),
(1763, 45, 37, 7, 'Carpio de Tajo, El'),
(1764, 46, 37, 0, 'Alqueria de la Comtessa, l\''),
(1765, 47, 37, 6, 'Castrejón de Trabancos'),
(1766, 48, 37, 2, 'Galdames'),
(1767, 49, 37, 5, 'Carbellino'),
(1768, 50, 37, 8, 'Atea'),
(1769, 2, 38, 7, 'Herrera, La'),
(1770, 3, 38, 3, 'Benimarfull'),
(1771, 4, 38, 8, 'Dalías'),
(1772, 5, 38, 1, 'Bonilla de la Sierra'),
(1773, 6, 38, 4, 'Cordobilla de Lácara'),
(1774, 7, 38, 0, 'Montuïri'),
(1775, 8, 38, 6, 'Callús'),
(1776, 9, 38, 9, 'Barbadillo del Mercado'),
(1777, 10, 38, 3, 'Cachorrilla'),
(1778, 11, 38, 0, 'Ubrique'),
(1779, 12, 38, 5, 'Castellfort'),
(1780, 13, 38, 1, 'Chillón'),
(1781, 14, 38, 6, 'Lucena'),
(1782, 15, 38, 9, 'Frades'),
(1783, 16, 38, 2, 'Buciegas'),
(1784, 17, 38, 8, 'Campllong'),
(1785, 18, 38, 4, 'Campotéjar'),
(1786, 19, 38, 7, 'Arbeteta'),
(1787, 20, 38, 1, 'Gabiria'),
(1788, 21, 38, 8, 'Higuera de la Sierra'),
(1789, 23, 38, 9, 'Guardia de Jaén, La'),
(1790, 24, 38, 4, 'Carracedelo'),
(1791, 25, 38, 7, 'Aitona'),
(1792, 26, 38, 0, 'Canales de la Sierra'),
(1793, 27, 38, 6, 'Ourol'),
(1794, 28, 38, 2, 'Cercedilla'),
(1795, 29, 38, 5, 'Cártama'),
(1796, 30, 38, 9, 'Torres de Cotillas, Las'),
(1797, 31, 38, 6, 'Artajona'),
(1798, 32, 38, 1, 'Larouco'),
(1799, 33, 38, 7, 'Morcín'),
(1800, 34, 38, 2, 'Bustillo de la Vega'),
(1801, 36, 38, 8, 'Pontevedra'),
(1802, 37, 38, 4, 'Babilafuente'),
(1803, 38, 38, 0, 'Santa Cruz de Tenerife'),
(1804, 39, 38, 3, 'Limpias'),
(1805, 41, 38, 4, 'Dos Hermanas'),
(1806, 42, 38, 9, 'Borjabad'),
(1807, 43, 38, 5, 'Cambrils'),
(1808, 44, 38, 0, 'Belmonte de San José'),
(1809, 45, 38, 3, 'Carranque'),
(1810, 46, 38, 6, 'Andilla'),
(1811, 47, 38, 2, 'Castrillo de Duero'),
(1812, 48, 38, 8, 'Gamiz-Fika'),
(1813, 49, 38, 1, 'Casaseca de Campeán'),
(1814, 50, 38, 4, 'Ateca'),
(1815, 1, 39, 5, 'Moreda de Álava/Moreda Araba'),
(1816, 2, 39, 0, 'Higueruela'),
(1817, 3, 39, 6, 'Benimassot'),
(1818, 5, 39, 4, 'Brabos'),
(1819, 6, 39, 7, 'Coronada, La'),
(1820, 7, 39, 3, 'Muro'),
(1821, 8, 39, 9, 'Campins'),
(1822, 9, 39, 2, 'Barbadillo del Pez'),
(1823, 10, 39, 6, 'Cadalso'),
(1824, 11, 39, 3, 'Vejer de la Frontera'),
(1825, 12, 39, 8, 'Castellnovo'),
(1826, 13, 39, 4, 'Daimiel'),
(1827, 14, 39, 9, 'Luque'),
(1828, 15, 39, 2, 'Irixoa'),
(1829, 16, 39, 5, 'Buenache de Alarcón'),
(1830, 17, 39, 1, 'Camprodon'),
(1831, 18, 39, 7, 'Caniles'),
(1832, 19, 39, 0, 'Argecilla'),
(1833, 20, 39, 4, 'Getaria'),
(1834, 21, 39, 1, 'Hinojales'),
(1835, 22, 39, 6, 'Ayerbe'),
(1836, 23, 39, 2, 'Guarromán'),
(1837, 24, 39, 7, 'Carrizo'),
(1838, 25, 39, 0, 'Baix Pallars'),
(1839, 26, 39, 3, 'Canillas de Río Tuerto'),
(1840, 27, 39, 9, 'Outeiro de Rei'),
(1841, 28, 39, 5, 'Cervera de Buitrago'),
(1842, 29, 39, 8, 'Casabermeja'),
(1843, 30, 39, 2, 'Totana'),
(1844, 31, 39, 9, 'Artazu'),
(1845, 32, 39, 4, 'Laza'),
(1846, 33, 39, 0, 'Muros de Nalón'),
(1847, 34, 39, 5, 'Bustillo del Páramo de Carrión'),
(1848, 36, 39, 1, 'Porriño, O'),
(1849, 37, 39, 7, 'Bañobárez'),
(1850, 38, 39, 3, 'Santa Úrsula'),
(1851, 39, 39, 6, 'Luena'),
(1852, 40, 39, 0, 'Campo de San Pedro'),
(1853, 41, 39, 7, 'Écija'),
(1854, 42, 39, 2, 'Borobia'),
(1855, 43, 39, 8, 'Capafonts'),
(1856, 44, 39, 3, 'Bello'),
(1857, 45, 39, 6, 'Carriches'),
(1858, 46, 39, 9, 'Anna'),
(1859, 47, 39, 5, 'Castrillo-Tejeriego'),
(1860, 48, 39, 1, 'Garai'),
(1861, 49, 39, 4, 'Casaseca de las Chanas'),
(1862, 50, 39, 7, 'Azuara'),
(1863, 2, 40, 4, 'Hoya-Gonzalo'),
(1864, 3, 40, 0, 'Benimeli'),
(1865, 5, 40, 8, 'Bularros'),
(1866, 6, 40, 1, 'Corte de Peleas'),
(1867, 7, 40, 7, 'Palma'),
(1868, 8, 40, 3, 'Canet de Mar'),
(1869, 10, 40, 0, 'Calzadilla'),
(1870, 11, 40, 7, 'Villaluenga del Rosario'),
(1871, 12, 40, 2, 'Castellón de la Plana/Castelló de la Plana'),
(1872, 13, 40, 8, 'Fernán Caballero'),
(1873, 14, 40, 3, 'Montalbán de Córdoba'),
(1874, 15, 40, 6, 'Laxe'),
(1875, 16, 40, 9, 'Buenache de la Sierra'),
(1876, 17, 40, 5, 'Canet d\'Adri'),
(1877, 18, 40, 1, 'Cáñar'),
(1878, 19, 40, 4, 'Armallones'),
(1879, 20, 40, 8, 'Hernani'),
(1880, 21, 40, 5, 'Hinojos'),
(1881, 22, 40, 0, 'Azanuy-Alins'),
(1882, 23, 40, 6, 'Lahiguera'),
(1883, 24, 40, 1, 'Carrocera'),
(1884, 25, 40, 4, 'Balaguer'),
(1885, 26, 40, 7, 'Cañas'),
(1886, 27, 40, 3, 'Palas de Rei'),
(1887, 28, 40, 9, 'Ciempozuelos'),
(1888, 29, 40, 2, 'Casarabonela'),
(1889, 30, 40, 6, 'Ulea'),
(1890, 31, 40, 3, 'Atez'),
(1891, 32, 40, 8, 'Leiro'),
(1892, 33, 40, 4, 'Nava'),
(1893, 36, 40, 5, 'Portas'),
(1894, 37, 40, 1, 'Barbadillo'),
(1895, 38, 40, 7, 'Santiago del Teide'),
(1896, 39, 40, 0, 'Marina de Cudeyo'),
(1897, 40, 40, 4, 'Cantalejo'),
(1898, 41, 40, 1, 'Espartinas'),
(1899, 43, 40, 2, 'Capçanes'),
(1900, 44, 40, 7, 'Berge'),
(1901, 45, 40, 0, 'Casar de Escalona, El'),
(1902, 46, 40, 3, 'Antella'),
(1903, 47, 40, 9, 'Castrobol'),
(1904, 48, 40, 5, 'Gatika'),
(1905, 49, 40, 8, 'Castrillo de la Guareña'),
(1906, 50, 40, 1, 'Badules'),
(1907, 1, 41, 6, 'Navaridas'),
(1908, 2, 41, 1, 'Jorquera'),
(1909, 3, 41, 7, 'Benissa'),
(1910, 4, 41, 2, 'Enix'),
(1911, 5, 41, 5, 'Burgohondo'),
(1912, 6, 41, 8, 'Cristina'),
(1913, 7, 41, 4, 'Petra'),
(1914, 8, 41, 0, 'Canovelles'),
(1915, 9, 41, 3, 'Barrio de Muñó'),
(1916, 10, 41, 7, 'Caminomorisco'),
(1917, 11, 41, 4, 'Villamartín'),
(1918, 12, 41, 9, 'Castillo de Villamalefa'),
(1919, 13, 41, 5, 'Fontanarejo'),
(1920, 14, 41, 0, 'Montemayor'),
(1921, 15, 41, 3, 'Laracha, A'),
(1922, 16, 41, 6, 'Buendía'),
(1923, 17, 41, 2, 'Cantallops'),
(1924, 19, 41, 1, 'Armuña de Tajuña'),
(1925, 20, 41, 5, 'Hernialde'),
(1926, 21, 41, 2, 'Huelva'),
(1927, 22, 41, 7, 'Azara'),
(1928, 23, 41, 3, 'Higuera de Calatrava'),
(1929, 24, 41, 8, 'Carucedo'),
(1930, 25, 41, 1, 'Barbens'),
(1931, 26, 41, 4, 'Cárdenas'),
(1932, 27, 41, 0, 'Pantón'),
(1933, 28, 41, 6, 'Cobeña'),
(1934, 29, 41, 9, 'Casares'),
(1935, 30, 41, 3, 'Unión, La'),
(1936, 31, 41, 0, 'Ayegui/Aiegi'),
(1937, 32, 41, 5, 'Lobeira'),
(1938, 33, 41, 1, 'Navia'),
(1939, 34, 41, 6, 'Calahorra de Boedo'),
(1940, 36, 41, 2, 'Poio'),
(1941, 37, 41, 8, 'Barbalos'),
(1942, 38, 41, 4, 'Sauzal, El'),
(1943, 39, 41, 7, 'Mazcuerras'),
(1944, 40, 41, 1, 'Cantimpalos'),
(1945, 41, 41, 8, 'Estepa'),
(1946, 42, 41, 3, 'Buberos'),
(1947, 43, 41, 9, 'Caseres'),
(1948, 44, 41, 4, 'Bezas'),
(1949, 45, 41, 7, 'Casarrubios del Monte'),
(1950, 46, 41, 0, 'Aras de los Olmos'),
(1951, 47, 41, 6, 'Castrodeza'),
(1952, 48, 41, 2, 'Gautegiz Arteaga'),
(1953, 49, 41, 5, 'Castrogonzalo'),
(1954, 50, 41, 8, 'Bagüés'),
(1955, 1, 42, 1, 'Okondo'),
(1956, 2, 42, 6, 'Letur'),
(1957, 3, 42, 2, 'Benitachell/Poble Nou de Benitatxell, el'),
(1958, 5, 42, 0, 'Cabezas de Alambre'),
(1959, 6, 42, 3, 'Cheles'),
(1960, 7, 42, 9, 'Pollença'),
(1961, 8, 42, 5, 'Cànoves i Samalús'),
(1962, 10, 42, 2, 'Campillo de Deleitosa'),
(1963, 11, 42, 9, 'Zahara'),
(1964, 12, 42, 4, 'Catí'),
(1965, 13, 42, 0, 'Fuencaliente'),
(1966, 14, 42, 5, 'Montilla'),
(1967, 15, 42, 8, 'Lousame'),
(1968, 16, 42, 1, 'Campillo de Altobuey'),
(1969, 17, 42, 7, 'Capmany'),
(1970, 18, 42, 3, 'Capileira'),
(1971, 19, 42, 6, 'Arroyo de las Fraguas'),
(1972, 20, 42, 0, 'Ibarra'),
(1973, 21, 42, 7, 'Isla Cristina'),
(1974, 22, 42, 2, 'Azlor'),
(1975, 23, 42, 8, 'Hinojares'),
(1976, 24, 42, 3, 'Castilfalé'),
(1977, 25, 42, 6, 'Baronia de Rialb, La'),
(1978, 26, 42, 9, 'Casalarreina'),
(1979, 27, 42, 5, 'Paradela'),
(1980, 28, 42, 1, 'Colmenar del Arroyo'),
(1981, 29, 42, 4, 'Coín'),
(1982, 30, 42, 8, 'Villanueva del Río Segura'),
(1983, 31, 42, 5, 'Azagra'),
(1984, 32, 42, 0, 'Lobios'),
(1985, 33, 42, 6, 'Noreña'),
(1986, 34, 42, 1, 'Calzada de los Molinos'),
(1987, 36, 42, 7, 'Ponteareas'),
(1988, 37, 42, 3, 'Barceo'),
(1989, 38, 42, 9, 'Silos, Los'),
(1990, 39, 42, 2, 'Medio Cudeyo'),
(1991, 41, 42, 3, 'Fuentes de Andalucía'),
(1992, 42, 42, 8, 'Buitrago'),
(1993, 43, 42, 4, 'Castellvell del Camp'),
(1994, 44, 42, 9, 'Blancas'),
(1995, 45, 42, 2, 'Casasbuenas'),
(1996, 46, 42, 5, 'Aielo de Malferit'),
(1997, 47, 42, 1, 'Castromembibre'),
(1998, 48, 42, 7, 'Gordexola'),
(1999, 49, 42, 0, 'Castronuevo'),
(2000, 50, 42, 3, 'Balconchán'),
(2001, 1, 43, 7, 'Oyón-Oion'),
(2002, 2, 43, 2, 'Lezuza'),
(2003, 3, 43, 8, 'Biar'),
(2004, 4, 43, 3, 'Felix'),
(2005, 5, 43, 6, 'Cabezas del Pozo'),
(2006, 6, 43, 9, 'Don Álvaro'),
(2007, 7, 43, 5, 'Porreres'),
(2008, 8, 43, 1, 'Canyelles'),
(2009, 9, 43, 4, 'Barrios de Bureba, Los'),
(2010, 10, 43, 8, 'Campo Lugar'),
(2011, 12, 43, 0, 'Caudiel'),
(2012, 13, 43, 6, 'Fuenllana'),
(2013, 14, 43, 1, 'Montoro'),
(2014, 15, 43, 4, 'Malpica de Bergantiños'),
(2015, 16, 43, 7, 'Campillos-Paravientos'),
(2016, 17, 43, 3, 'Queralbs'),
(2017, 18, 43, 9, 'Carataunas'),
(2018, 19, 43, 2, 'Atanzón'),
(2019, 20, 43, 6, 'Idiazabal'),
(2020, 21, 43, 3, 'Jabugo'),
(2021, 22, 43, 8, 'Baélls'),
(2022, 23, 43, 4, 'Hornos'),
(2023, 24, 43, 9, 'Castrillo de Cabrera'),
(2024, 25, 43, 2, 'Vall de Boí, La'),
(2025, 26, 43, 5, 'Castañares de Rioja'),
(2026, 27, 43, 1, 'Páramo, O'),
(2027, 28, 43, 7, 'Colmenar de Oreja'),
(2028, 29, 43, 0, 'Colmenar'),
(2029, 30, 43, 4, 'Yecla'),
(2030, 31, 43, 1, 'Azuelo'),
(2031, 32, 43, 6, 'Maceda'),
(2032, 33, 43, 2, 'Onís'),
(2033, 36, 43, 3, 'Ponte Caldelas'),
(2034, 38, 43, 5, 'Tacoronte'),
(2035, 39, 43, 8, 'Meruelo'),
(2036, 40, 43, 2, 'Carbonero el Mayor'),
(2037, 41, 43, 9, 'Garrobo, El'),
(2038, 42, 43, 4, 'Burgo de Osma-Ciudad de Osma'),
(2039, 43, 43, 0, 'Catllar, El'),
(2040, 44, 43, 5, 'Blesa'),
(2041, 45, 43, 8, 'Castillo de Bayuela'),
(2042, 46, 43, 1, 'Aielo de Rugat'),
(2043, 47, 43, 7, 'Castromonte'),
(2044, 48, 43, 3, 'Gorliz'),
(2045, 49, 43, 6, 'Castroverde de Campos'),
(2046, 50, 43, 9, 'Bárboles'),
(2047, 1, 44, 2, 'Peñacerrada-Urizaharra'),
(2048, 2, 44, 7, 'Liétor'),
(2049, 3, 44, 3, 'Bigastro'),
(2050, 4, 44, 8, 'Fines'),
(2051, 5, 44, 1, 'Cabezas del Villar'),
(2052, 6, 44, 4, 'Don Benito'),
(2053, 7, 44, 0, 'Pobla, Sa'),
(2054, 8, 44, 6, 'Capellades'),
(2055, 9, 44, 9, 'Barrios de Colina'),
(2056, 10, 44, 3, 'Cañamero'),
(2057, 12, 44, 5, 'Cervera del Maestre'),
(2058, 13, 44, 1, 'Fuente el Fresno'),
(2059, 14, 44, 6, 'Monturque'),
(2060, 15, 44, 9, 'Mañón'),
(2061, 16, 44, 2, 'Campillos-Sierra'),
(2062, 17, 44, 8, 'Cassà de la Selva'),
(2063, 18, 44, 4, 'Cástaras'),
(2064, 19, 44, 7, 'Atienza'),
(2065, 20, 44, 1, 'Ikaztegieta'),
(2066, 21, 44, 8, 'Lepe'),
(2067, 22, 44, 3, 'Bailo'),
(2068, 23, 44, 9, 'Huelma'),
(2069, 24, 44, 4, 'Castrillo de la Valduerna'),
(2070, 25, 44, 7, 'Bassella'),
(2071, 26, 44, 0, 'Castroviejo'),
(2072, 27, 44, 6, 'Pastoriza, A'),
(2073, 28, 44, 2, 'Colmenarejo'),
(2074, 29, 44, 5, 'Comares'),
(2075, 31, 44, 6, 'Bakaiku'),
(2076, 32, 44, 1, 'Manzaneda'),
(2077, 33, 44, 7, 'Oviedo'),
(2078, 36, 44, 8, 'Pontecesures'),
(2079, 37, 44, 4, 'Barruecopardo'),
(2080, 38, 44, 0, 'Tanque, El'),
(2081, 39, 44, 3, 'Miengo'),
(2082, 40, 44, 7, 'Carrascal del Río'),
(2083, 41, 44, 4, 'Gelves'),
(2084, 42, 44, 9, 'Cabrejas del Campo'),
(2085, 43, 44, 5, 'Sénia, La'),
(2086, 44, 44, 0, 'Bordón'),
(2087, 46, 44, 6, 'Ayora'),
(2088, 47, 44, 2, 'Castronuevo de Esgueva'),
(2089, 48, 44, 8, 'Getxo'),
(2090, 49, 44, 1, 'Cazurra'),
(2091, 50, 44, 4, 'Bardallur'),
(2092, 2, 45, 0, 'Madrigueras'),
(2093, 3, 45, 6, 'Bolulla'),
(2094, 4, 45, 1, 'Fiñana'),
(2095, 5, 45, 4, 'Cabizuela'),
(2096, 6, 45, 7, 'Entrín Bajo'),
(2097, 7, 45, 3, 'Puigpunyent'),
(2098, 8, 45, 9, 'Capolat'),
(2099, 9, 45, 2, 'Basconcillos del Tozo'),
(2100, 10, 45, 6, 'Cañaveral'),
(2101, 12, 45, 8, 'Cinctorres'),
(2102, 13, 45, 4, 'Granátula de Calatrava'),
(2103, 14, 45, 9, 'Moriles'),
(2104, 15, 45, 2, 'Mazaricos'),
(2105, 16, 45, 5, 'Canalejas del Arroyo'),
(2106, 18, 45, 7, 'Castilléjar'),
(2107, 19, 45, 0, 'Auñón'),
(2108, 20, 45, 4, 'Irun'),
(2109, 21, 45, 1, 'Linares de la Sierra'),
(2110, 22, 45, 6, 'Baldellou'),
(2111, 23, 45, 2, 'Huesa'),
(2112, 25, 45, 0, 'Bausen'),
(2113, 26, 45, 3, 'Cellorigo'),
(2114, 27, 45, 9, 'Pedrafita do Cebreiro'),
(2115, 28, 45, 5, 'Colmenar Viejo'),
(2116, 29, 45, 8, 'Cómpeta'),
(2117, 31, 45, 9, 'Barásoain'),
(2118, 32, 45, 4, 'Maside'),
(2119, 33, 45, 0, 'Parres'),
(2120, 34, 45, 5, 'Capillas'),
(2121, 36, 45, 1, 'Redondela'),
(2122, 37, 45, 7, 'Bastida, La'),
(2123, 38, 45, 3, 'Tazacorte'),
(2124, 39, 45, 6, 'Miera'),
(2125, 40, 45, 0, 'Casla'),
(2126, 41, 45, 7, 'Gerena'),
(2127, 42, 45, 2, 'Cabrejas del Pinar'),
(2128, 43, 45, 8, 'Colldejou'),
(2129, 44, 45, 3, 'Bronchales'),
(2130, 45, 45, 6, 'Cazalegas'),
(2131, 46, 45, 9, 'Barxeta'),
(2132, 47, 45, 5, 'Castronuño'),
(2133, 48, 45, 1, 'Güeñes'),
(2134, 50, 45, 7, 'Belchite'),
(2135, 1, 46, 8, 'Erriberagoitia/Ribera Alta'),
(2136, 2, 46, 3, 'Mahora'),
(2137, 3, 46, 9, 'Busot'),
(2138, 4, 46, 4, 'Fondón'),
(2139, 5, 46, 7, 'Canales'),
(2140, 6, 46, 0, 'Esparragalejo'),
(2141, 7, 46, 6, 'Sant Antoni de Portmany'),
(2142, 8, 46, 2, 'Cardedeu'),
(2143, 9, 46, 5, 'Bascuñana'),
(2144, 10, 46, 9, 'Carbajo'),
(2145, 12, 46, 1, 'Cirat'),
(2146, 13, 46, 7, 'Guadalmez'),
(2147, 14, 46, 2, 'Nueva Carteya'),
(2148, 15, 46, 5, 'Melide'),
(2149, 16, 46, 8, 'Cañada del Hoyo'),
(2150, 17, 46, 4, 'Castellfollit de la Roca'),
(2151, 18, 46, 0, 'Castril'),
(2152, 19, 46, 3, 'Azuqueca de Henares'),
(2153, 20, 46, 7, 'Irura'),
(2154, 21, 46, 4, 'Lucena del Puerto'),
(2155, 22, 46, 9, 'Ballobar'),
(2156, 23, 46, 5, 'Ibros'),
(2157, 24, 46, 0, 'Castrocalbón'),
(2158, 25, 46, 3, 'Belianes'),
(2159, 26, 46, 6, 'Cenicero'),
(2160, 27, 46, 2, 'Pol'),
(2161, 28, 46, 8, 'Collado Mediano'),
(2162, 29, 46, 1, 'Cortes de la Frontera'),
(2163, 31, 46, 2, 'Barbarin'),
(2164, 32, 46, 7, 'Melón'),
(2165, 33, 46, 3, 'Peñamellera Alta'),
(2166, 34, 46, 8, 'Cardeñosa de Volpejera'),
(2167, 36, 46, 4, 'Ribadumia'),
(2168, 37, 46, 0, 'Béjar'),
(2169, 38, 46, 6, 'Tegueste'),
(2170, 39, 46, 9, 'Molledo'),
(2171, 40, 46, 3, 'Castillejo de Mesleón'),
(2172, 41, 46, 0, 'Gilena'),
(2173, 42, 46, 5, 'Calatañazor'),
(2174, 43, 46, 1, 'Conesa'),
(2175, 44, 46, 6, 'Bueña'),
(2176, 45, 46, 9, 'Cebolla'),
(2177, 46, 46, 2, 'Barx'),
(2178, 47, 46, 8, 'Castroponce'),
(2179, 48, 46, 4, 'Gernika-Lumo'),
(2180, 49, 46, 7, 'Cerecinos de Campos'),
(2181, 50, 46, 0, 'Belmonte de Gracián'),
(2182, 1, 47, 4, 'Ribera Baja/Erribera Beitia'),
(2183, 2, 47, 9, 'Masegoso'),
(2184, 3, 47, 5, 'Calp'),
(2185, 4, 47, 0, 'Gádor'),
(2186, 5, 47, 3, 'Candeleda'),
(2187, 6, 47, 6, 'Esparragosa de la Serena'),
(2188, 7, 47, 2, 'Sencelles'),
(2189, 8, 47, 8, 'Cardona'),
(2190, 9, 47, 1, 'Belbimbre'),
(2191, 10, 47, 5, 'Carcaboso'),
(2192, 13, 47, 3, 'Herencia'),
(2193, 14, 47, 8, 'Obejo'),
(2194, 15, 47, 1, 'Mesía'),
(2195, 16, 47, 4, 'Cañada Juncosa'),
(2196, 17, 47, 0, 'Castelló d\'Empúries'),
(2197, 18, 47, 6, 'Cenes de la Vega'),
(2198, 19, 47, 9, 'Baides'),
(2199, 20, 47, 3, 'Itsasondo'),
(2200, 21, 47, 0, 'Manzanilla'),
(2201, 22, 47, 5, 'Banastás'),
(2202, 23, 47, 1, 'Iruela, La'),
(2203, 24, 47, 6, 'Castrocontrigo'),
(2204, 25, 47, 9, 'Bellcaire d\'Urgell'),
(2205, 26, 47, 2, 'Cervera del Río Alhama'),
(2206, 27, 47, 8, 'Pobra do Brollón, A'),
(2207, 28, 47, 4, 'Collado Villalba'),
(2208, 29, 47, 7, 'Cuevas Bajas'),
(2209, 31, 47, 8, 'Bargota'),
(2210, 32, 47, 3, 'Merca, A'),
(2211, 33, 47, 9, 'Peñamellera Baja'),
(2212, 34, 47, 4, 'Carrión de los Condes'),
(2213, 36, 47, 0, 'Rodeiro'),
(2214, 37, 47, 6, 'Beleña'),
(2215, 38, 47, 2, 'Tijarafe'),
(2216, 39, 47, 5, 'Noja'),
(2217, 40, 47, 9, 'Castro de Fuentidueña'),
(2218, 41, 47, 6, 'Gines'),
(2219, 43, 47, 7, 'Constantí'),
(2220, 44, 47, 2, 'Burbáguena'),
(2221, 45, 47, 5, 'Cedillo del Condado'),
(2222, 46, 47, 8, 'Bèlgida'),
(2223, 47, 47, 4, 'Castroverde de Cerrato'),
(2224, 48, 47, 0, 'Gizaburuaga'),
(2225, 49, 47, 3, 'Cerecinos del Carrizal'),
(2226, 50, 47, 6, 'Berdejo'),
(2227, 2, 48, 5, 'Minaya'),
(2228, 3, 48, 1, 'Callosa d\'En Sarrià'),
(2229, 4, 48, 6, 'Gallardos, Los'),
(2230, 5, 48, 9, 'Cantiveros'),
(2231, 6, 48, 2, 'Esparragosa de Lares'),
(2232, 7, 48, 8, 'Sant Josep de sa Talaia'),
(2233, 8, 48, 4, 'Carme'),
(2234, 9, 48, 7, 'Belorado'),
(2235, 10, 48, 1, 'Carrascalejo'),
(2236, 12, 48, 3, 'Cortes de Arenoso'),
(2237, 13, 48, 9, 'Hinojosas de Calatrava'),
(2238, 14, 48, 4, 'Palenciana'),
(2239, 15, 48, 7, 'Miño'),
(2240, 16, 48, 0, 'Cañamares'),
(2241, 17, 48, 6, 'Castell-Platja d\'Aro'),
(2242, 18, 48, 2, 'Cijuela'),
(2243, 19, 48, 5, 'Baños de Tajo'),
(2244, 20, 48, 9, 'Larraul'),
(2245, 21, 48, 6, 'Marines, Los'),
(2246, 22, 48, 1, 'Barbastro'),
(2247, 23, 48, 7, 'Iznatoraf'),
(2248, 25, 48, 5, 'Bell-lloc d\'Urgell'),
(2249, 26, 48, 8, 'Cidamón'),
(2250, 27, 48, 4, 'Pontenova, A'),
(2251, 28, 48, 0, 'Corpa'),
(2252, 29, 48, 3, 'Cuevas del Becerro'),
(2253, 31, 48, 4, 'Barillas'),
(2254, 32, 48, 9, 'Mezquita, A'),
(2255, 33, 48, 5, 'Pesoz'),
(2256, 34, 48, 0, 'Castil de Vela'),
(2257, 36, 48, 6, 'Rosal, O'),
(2258, 38, 48, 8, 'Valverde'),
(2259, 39, 48, 1, 'Penagos'),
(2260, 40, 48, 5, 'Castrojimeno'),
(2261, 41, 48, 2, 'Guadalcanal'),
(2262, 42, 48, 7, 'Caltojar'),
(2263, 43, 48, 3, 'Corbera d\'Ebre'),
(2264, 44, 48, 8, 'Cabra de Mora'),
(2265, 45, 48, 1, 'Cerralbos, Los'),
(2266, 46, 48, 4, 'Bellreguard'),
(2267, 47, 48, 0, 'Ceinos de Campos'),
(2268, 48, 48, 6, 'Ibarrangelu'),
(2269, 49, 48, 9, 'Cernadilla'),
(2270, 50, 48, 2, 'Berrueco'),
(2271, 1, 49, 3, 'Añana'),
(2272, 2, 49, 8, 'Molinicos'),
(2273, 3, 49, 4, 'Callosa de Segura'),
(2274, 4, 49, 9, 'Garrucha'),
(2275, 5, 49, 2, 'Cardeñosa'),
(2276, 6, 49, 5, 'Feria'),
(2277, 7, 49, 1, 'Sant Joan'),
(2278, 8, 49, 7, 'Casserres'),
(2279, 10, 49, 4, 'Casar de Cáceres'),
(2280, 12, 49, 6, 'Costur'),
(2281, 13, 49, 2, 'Horcajo de los Montes'),
(2282, 14, 49, 7, 'Palma del Río'),
(2283, 15, 49, 0, 'Moeche'),
(2284, 16, 49, 3, 'Cañavate, El'),
(2285, 17, 49, 9, 'Celrà'),
(2286, 18, 49, 5, 'Cogollos de Guadix'),
(2287, 19, 49, 8, 'Bañuelos'),
(2288, 20, 49, 2, 'Lazkao'),
(2289, 21, 49, 9, 'Minas de Riotinto'),
(2290, 22, 49, 4, 'Barbués'),
(2291, 23, 49, 0, 'Jabalquinto'),
(2292, 24, 49, 5, 'Castropodame'),
(2293, 25, 49, 8, 'Bellmunt d\'Urgell'),
(2294, 26, 49, 1, 'Cihuri'),
(2295, 27, 49, 7, 'Portomarín'),
(2296, 28, 49, 3, 'Coslada'),
(2297, 29, 49, 6, 'Cuevas de San Marcos'),
(2298, 31, 49, 7, 'Basaburua'),
(2299, 32, 49, 2, 'Montederramo'),
(2300, 33, 49, 8, 'Piloña'),
(2301, 34, 49, 3, 'Castrejón de la Peña'),
(2302, 36, 49, 9, 'Salceda de Caselas'),
(2303, 37, 49, 5, 'Bermellar'),
(2304, 38, 49, 1, 'Valle Gran Rey'),
(2305, 39, 49, 4, 'Peñarrubia'),
(2306, 40, 49, 8, 'Castroserna de Abajo'),
(2307, 41, 49, 5, 'Guillena'),
(2308, 42, 49, 0, 'Candilichera'),
(2309, 43, 49, 6, 'Cornudella de Montsant'),
(2310, 44, 49, 1, 'Calaceite'),
(2311, 45, 49, 4, 'Cervera de los Montes'),
(2312, 46, 49, 7, 'Bellús'),
(2313, 47, 49, 3, 'Cervillego de la Cruz'),
(2314, 48, 49, 9, 'Ispaster'),
(2315, 2, 50, 1, 'Montalvos'),
(2316, 3, 50, 7, 'Campello, el'),
(2317, 4, 50, 2, 'Gérgal'),
(2318, 6, 50, 8, 'Fregenal de la Sierra'),
(2319, 7, 50, 4, 'Sant Joan de Labritja'),
(2320, 8, 50, 0, 'Castellar del Riu'),
(2321, 9, 50, 3, 'Berberana'),
(2322, 10, 50, 7, 'Casar de Palomero'),
(2323, 12, 50, 9, 'Coves de Vinromà, les'),
(2324, 13, 50, 5, 'Labores, Las'),
(2325, 14, 50, 0, 'Pedro Abad'),
(2326, 15, 50, 3, 'Monfero'),
(2327, 16, 50, 6, 'Cañaveras'),
(2328, 17, 50, 2, 'Cervià de Ter'),
(2329, 18, 50, 8, 'Cogollos de la Vega'),
(2330, 19, 50, 1, 'Barriopedro'),
(2331, 20, 50, 5, 'Leaburu'),
(2332, 21, 50, 2, 'Moguer'),
(2333, 22, 50, 7, 'Barbuñales'),
(2334, 23, 50, 3, 'Jaén'),
(2335, 24, 50, 8, 'Castrotierra de Valmadrigal'),
(2336, 25, 50, 1, 'Bellpuig'),
(2337, 26, 50, 4, 'Cirueña'),
(2338, 27, 50, 0, 'Quiroga'),
(2339, 28, 50, 6, 'Cubas de la Sagra'),
(2340, 29, 50, 9, 'Cútar'),
(2341, 31, 50, 0, 'Baztan'),
(2342, 32, 50, 5, 'Monterrei'),
(2343, 33, 50, 1, 'Ponga'),
(2344, 34, 50, 6, 'Castrillo de Don Juan'),
(2345, 36, 50, 2, 'Salvaterra de Miño'),
(2346, 37, 50, 8, 'Berrocal de Huebra'),
(2347, 38, 50, 4, 'Vallehermoso'),
(2348, 39, 50, 7, 'Pesaguero'),
(2349, 41, 50, 8, 'Herrera'),
(2350, 42, 50, 3, 'Cañamaque'),
(2351, 43, 50, 9, 'Creixell'),
(2352, 44, 50, 4, 'Calamocha'),
(2353, 45, 50, 7, 'Ciruelos'),
(2354, 46, 50, 0, 'Benagéber'),
(2355, 47, 50, 6, 'Cigales'),
(2356, 48, 50, 2, 'Izurtza'),
(2357, 49, 50, 5, 'Cobreros'),
(2358, 50, 50, 8, 'Bijuesca'),
(2359, 1, 51, 3, 'Salvatierra/Agurain'),
(2360, 2, 51, 8, 'Montealegre del Castillo'),
(2361, 3, 51, 4, 'Campo de Mirra/Camp de Mirra, el'),
(2362, 4, 51, 9, 'Huécija'),
(2363, 5, 51, 2, 'Carrera, La'),
(2364, 6, 51, 5, 'Fuenlabrada de los Montes'),
(2365, 7, 51, 1, 'Sant Llorenç des Cardassar'),
(2366, 8, 51, 7, 'Castellar del Vallès'),
(2367, 9, 51, 0, 'Berlangas de Roa'),
(2368, 10, 51, 4, 'Casares de las Hurdes'),
(2369, 12, 51, 6, 'Culla'),
(2370, 13, 51, 2, 'Luciana'),
(2371, 14, 51, 7, 'Pedroche'),
(2372, 15, 51, 0, 'Mugardos'),
(2373, 16, 51, 3, 'Cañaveruelas'),
(2374, 17, 51, 9, 'Cistella'),
(2375, 18, 51, 5, 'Colomera'),
(2376, 19, 51, 8, 'Berninches'),
(2377, 20, 51, 2, 'Legazpi'),
(2378, 21, 51, 9, 'Nava, La'),
(2379, 22, 51, 4, 'Bárcabo'),
(2380, 23, 51, 0, 'Jamilena'),
(2381, 24, 51, 5, 'Cea'),
(2382, 25, 51, 8, 'Bellver de Cerdanya'),
(2383, 26, 51, 1, 'Clavijo'),
(2384, 27, 51, 7, 'Ribadeo'),
(2385, 28, 51, 3, 'Chapinería'),
(2386, 29, 51, 6, 'Estepona'),
(2387, 31, 51, 7, 'Beire'),
(2388, 32, 51, 2, 'Muíños'),
(2389, 33, 51, 8, 'Pravia'),
(2390, 34, 51, 3, 'Castrillo de Onielo'),
(2391, 36, 51, 9, 'Sanxenxo'),
(2392, 37, 51, 5, 'Berrocal de Salvatierra'),
(2393, 38, 51, 1, 'Victoria de Acentejo, La'),
(2394, 39, 51, 4, 'Pesquera'),
(2395, 40, 51, 8, 'Castroserracín'),
(2396, 41, 51, 5, 'Huévar del Aljarafe'),
(2397, 42, 51, 0, 'Carabantes'),
(2398, 43, 51, 6, 'Cunit'),
(2399, 44, 51, 1, 'Calanda'),
(2400, 45, 51, 4, 'Cobeja'),
(2401, 46, 51, 7, 'Benaguasil'),
(2402, 47, 51, 3, 'Ciguñuela'),
(2403, 48, 51, 9, 'Lanestosa'),
(2404, 50, 51, 5, 'Biota'),
(2405, 1, 52, 8, 'Samaniego'),
(2406, 2, 52, 3, 'Motilleja'),
(2407, 3, 52, 9, 'Cañada'),
(2408, 4, 52, 4, 'Huércal de Almería'),
(2409, 5, 52, 7, 'Casas del Puerto'),
(2410, 6, 52, 0, 'Fuente de Cantos'),
(2411, 7, 52, 6, 'Sant Lluís'),
(2412, 8, 52, 2, 'Castellar de n\'Hug'),
(2413, 9, 52, 5, 'Berzosa de Bureba'),
(2414, 10, 52, 9, 'Casas de Don Antonio'),
(2415, 12, 52, 1, 'Chert/Xert'),
(2416, 13, 52, 7, 'Malagón'),
(2417, 14, 52, 2, 'Peñarroya-Pueblonuevo'),
(2418, 15, 52, 5, 'Muxía'),
(2419, 16, 52, 8, 'Cañete'),
(2420, 17, 52, 4, 'Siurana'),
(2421, 19, 52, 3, 'Bodera, La'),
(2422, 20, 52, 7, 'Legorreta'),
(2423, 21, 52, 4, 'Nerva'),
(2424, 22, 52, 9, 'Belver de Cinca'),
(2425, 23, 52, 5, 'Jimena'),
(2426, 24, 52, 0, 'Cebanico'),
(2427, 25, 52, 3, 'Bellvís'),
(2428, 26, 52, 6, 'Cordovín'),
(2429, 27, 52, 2, 'Ribas de Sil'),
(2430, 28, 52, 8, 'Chinchón'),
(2431, 29, 52, 1, 'Faraján'),
(2432, 31, 52, 2, 'Belascoáin'),
(2433, 32, 52, 7, 'Nogueira de Ramuín'),
(2434, 33, 52, 3, 'Proaza'),
(2435, 34, 52, 8, 'Castrillo de Villavega'),
(2436, 36, 52, 4, 'Silleda'),
(2437, 37, 52, 0, 'Boada'),
(2438, 38, 52, 6, 'Vilaflor'),
(2439, 39, 52, 9, 'Piélagos'),
(2440, 40, 52, 3, 'Cedillo de la Torre'),
(2441, 41, 52, 0, 'Lantejuela, La'),
(2442, 42, 52, 5, 'Caracena'),
(2443, 43, 52, 1, 'Xerta'),
(2444, 44, 52, 6, 'Calomarde'),
(2445, 45, 52, 9, 'Cobisa'),
(2446, 46, 52, 2, 'Benavites'),
(2447, 47, 52, 8, 'Cistérniga'),
(2448, 48, 52, 4, 'Larrabetzu'),
(2449, 49, 52, 7, 'Coomonte'),
(2450, 50, 52, 0, 'Bisimbre'),
(2451, 1, 53, 4, 'San Millán/Donemiliaga'),
(2452, 2, 53, 9, 'Munera'),
(2453, 3, 53, 5, 'Castalla'),
(2454, 4, 53, 0, 'Huércal-Overa'),
(2455, 5, 53, 3, 'Casasola'),
(2456, 6, 53, 6, 'Fuente del Arco'),
(2457, 7, 53, 2, 'Santa Eugènia'),
(2458, 8, 53, 8, 'Castellbell i el Vilar'),
(2459, 10, 53, 5, 'Casas de Don Gómez'),
(2460, 12, 53, 7, 'Chilches/Xilxes'),
(2461, 13, 53, 3, 'Manzanares'),
(2462, 14, 53, 8, 'Posadas'),
(2463, 15, 53, 1, 'Muros'),
(2464, 16, 53, 4, 'Cañizares'),
(2465, 18, 53, 6, 'Cortes de Baza'),
(2466, 19, 53, 9, 'Brihuega'),
(2467, 20, 53, 3, 'Lezo'),
(2468, 21, 53, 0, 'Niebla'),
(2469, 22, 53, 5, 'Benabarre'),
(2470, 23, 53, 1, 'Jódar'),
(2471, 24, 53, 6, 'Cebrones del Río'),
(2472, 25, 53, 9, 'Benavent de Segrià'),
(2473, 26, 53, 2, 'Corera'),
(2474, 27, 53, 8, 'Ribeira de Piquín'),
(2475, 28, 53, 4, 'Daganzo de Arriba'),
(2476, 29, 53, 7, 'Frigiliana'),
(2477, 31, 53, 8, 'Berbinzana'),
(2478, 32, 53, 3, 'Oímbra'),
(2479, 33, 53, 9, 'Quirós'),
(2480, 34, 53, 4, 'Castromocho'),
(2481, 36, 53, 0, 'Soutomaior'),
(2482, 38, 53, 2, 'Villa de Mazo'),
(2483, 39, 53, 5, 'Polaciones'),
(2484, 40, 53, 9, 'Cerezo de Abajo'),
(2485, 41, 53, 6, 'Lebrija'),
(2486, 42, 53, 1, 'Carrascosa de Abajo'),
(2487, 43, 53, 7, 'Duesaigües'),
(2488, 44, 53, 2, 'Camañas'),
(2489, 45, 53, 5, 'Consuegra'),
(2490, 46, 53, 8, 'Beneixida'),
(2491, 47, 53, 4, 'Cogeces de Íscar'),
(2492, 48, 53, 0, 'Laukiz'),
(2493, 49, 53, 3, 'Coreses'),
(2494, 50, 53, 6, 'Boquiñeni'),
(2495, 1, 54, 9, 'Urkabustaiz'),
(2496, 2, 54, 4, 'Navas de Jorquera'),
(2497, 3, 54, 0, 'Castell de Castells'),
(2498, 4, 54, 5, 'Illar'),
(2499, 5, 54, 8, 'Casavieja'),
(2500, 6, 54, 1, 'Fuente del Maestre'),
(2501, 7, 54, 7, 'Santa Eulalia del Río'),
(2502, 8, 54, 3, 'Castellbisbal'),
(2503, 9, 54, 6, 'Bozoó'),
(2504, 10, 54, 0, 'Casas del Castañar'),
(2505, 13, 54, 8, 'Membrilla'),
(2506, 14, 54, 3, 'Pozoblanco'),
(2507, 15, 54, 6, 'Narón'),
(2508, 17, 54, 5, 'Colera'),
(2509, 18, 54, 1, 'Cortes y Graena'),
(2510, 19, 54, 4, 'Budia'),
(2511, 20, 54, 8, 'Lizartza'),
(2512, 21, 54, 5, 'Palma del Condado, La'),
(2513, 22, 54, 0, 'Benasque'),
(2514, 23, 54, 6, 'Larva'),
(2515, 24, 54, 1, 'Cimanes de la Vega'),
(2516, 26, 54, 7, 'Cornago'),
(2517, 27, 54, 3, 'Riotorto'),
(2518, 28, 54, 9, 'Escorial, El'),
(2519, 29, 54, 2, 'Fuengirola'),
(2520, 31, 54, 3, 'Bertizarana'),
(2521, 32, 54, 8, 'Ourense'),
(2522, 33, 54, 4, 'Regueras, Las'),
(2523, 36, 54, 5, 'Tomiño'),
(2524, 37, 54, 1, 'Bodón, El'),
(2525, 39, 54, 0, 'Polanco'),
(2526, 40, 54, 4, 'Cerezo de Arriba'),
(2527, 41, 54, 1, 'Lora de Estepa'),
(2528, 42, 54, 6, 'Carrascosa de la Sierra'),
(2529, 43, 54, 2, 'Espluga de Francolí, L\''),
(2530, 44, 54, 7, 'Camarena de la Sierra'),
(2531, 45, 54, 0, 'Corral de Almaguer'),
(2532, 46, 54, 3, 'Benetússer'),
(2533, 47, 54, 9, 'Cogeces del Monte'),
(2534, 48, 54, 5, 'Leioa'),
(2535, 49, 54, 8, 'Corrales del Vino'),
(2536, 50, 54, 1, 'Bordalba'),
(2537, 1, 55, 2, 'Valdegovía/Gaubea'),
(2538, 2, 55, 7, 'Nerpio'),
(2539, 3, 55, 3, 'Catral'),
(2540, 4, 55, 8, 'Instinción'),
(2541, 5, 55, 1, 'Casillas'),
(2542, 6, 55, 4, 'Fuentes de León'),
(2543, 7, 55, 0, 'Santa Margalida'),
(2544, 8, 55, 6, 'Castellcir'),
(2545, 9, 55, 9, 'Brazacorta'),
(2546, 10, 55, 3, 'Casas del Monte'),
(2547, 12, 55, 5, 'Chodos/Xodos'),
(2548, 13, 55, 1, 'Mestanza'),
(2549, 14, 55, 6, 'Priego de Córdoba'),
(2550, 15, 55, 9, 'Neda'),
(2551, 16, 55, 2, 'Carboneras de Guadazaón'),
(2552, 17, 55, 8, 'Colomers'),
(2553, 19, 55, 7, 'Bujalaro'),
(2554, 20, 55, 1, 'Arrasate/Mondragón'),
(2555, 21, 55, 8, 'Palos de la Frontera'),
(2556, 22, 55, 3, 'Berbegal'),
(2557, 23, 55, 9, 'Linares'),
(2558, 24, 55, 4, 'Cimanes del Tejar'),
(2559, 25, 55, 7, 'Biosca'),
(2560, 26, 55, 0, 'Corporales'),
(2561, 27, 55, 6, 'Samos'),
(2562, 28, 55, 2, 'Estremera'),
(2563, 29, 55, 5, 'Fuente de Piedra'),
(2564, 31, 55, 6, 'Betelu'),
(2565, 32, 55, 1, 'Paderne de Allariz'),
(2566, 33, 55, 7, 'Ribadedeva'),
(2567, 34, 55, 2, 'Cervatos de la Cueza'),
(2568, 36, 55, 8, 'Tui'),
(2569, 37, 55, 4, 'Bogajo'),
(2570, 39, 55, 3, 'Potes'),
(2571, 40, 55, 7, 'Cilleruelo de San Mamés'),
(2572, 41, 55, 4, 'Lora del Río'),
(2573, 42, 55, 9, 'Casarejos'),
(2574, 43, 55, 5, 'Falset'),
(2575, 44, 55, 0, 'Camarillas'),
(2576, 45, 55, 3, 'Cuerva'),
(2577, 46, 55, 6, 'Beniarjó'),
(2578, 47, 55, 2, 'Corcos'),
(2579, 48, 55, 8, 'Lemoa'),
(2580, 49, 55, 1, 'Cotanes del Monte'),
(2581, 50, 55, 4, 'Borja'),
(2582, 1, 56, 5, 'Harana/Valle de Arana'),
(2583, 2, 56, 0, 'Ontur'),
(2584, 3, 56, 6, 'Cocentaina'),
(2585, 4, 56, 1, 'Laroya'),
(2586, 5, 56, 4, 'Castellanos de Zapardiel'),
(2587, 6, 56, 7, 'Garbayuela'),
(2588, 7, 56, 3, 'Santa María del Camí'),
(2589, 8, 56, 9, 'Castelldefels'),
(2590, 9, 56, 2, 'Briviesca'),
(2591, 10, 56, 6, 'Casas de Millán'),
(2592, 12, 56, 8, 'Chóvar'),
(2593, 13, 56, 4, 'Miguelturra'),
(2594, 14, 56, 9, 'Puente Genil'),
(2595, 15, 56, 2, 'Negreira'),
(2596, 16, 56, 5, 'Cardenete'),
(2597, 17, 56, 1, 'Cornellà del Terri'),
(2598, 18, 56, 7, 'Cúllar'),
(2599, 20, 56, 4, 'Mutriku'),
(2600, 21, 56, 1, 'Paterna del Campo'),
(2601, 23, 56, 2, 'Lopera'),
(2602, 24, 56, 7, 'Cistierna'),
(2603, 25, 56, 0, 'Bovera'),
(2604, 26, 56, 3, 'Cuzcurrita de Río Tirón'),
(2605, 27, 56, 9, 'Rábade'),
(2606, 28, 56, 5, 'Fresnedillas de la Oliva'),
(2607, 29, 56, 8, 'Gaucín'),
(2608, 31, 56, 9, 'Biurrun-Olcoz'),
(2609, 32, 56, 4, 'Padrenda'),
(2610, 33, 56, 0, 'Ribadesella'),
(2611, 34, 56, 5, 'Cervera de Pisuerga'),
(2612, 36, 56, 1, 'Valga'),
(2613, 37, 56, 7, 'Bouza, La'),
(2614, 39, 56, 6, 'Puente Viesgo'),
(2615, 40, 56, 0, 'Cobos de Fuentidueña'),
(2616, 41, 56, 7, 'Luisiana, La'),
(2617, 42, 56, 2, 'Castilfrío de la Sierra'),
(2618, 43, 56, 8, 'Fatarella, La'),
(2619, 44, 56, 3, 'Caminreal'),
(2620, 45, 56, 6, 'Chozas de Canales'),
(2621, 46, 56, 9, 'Beniatjar'),
(2622, 47, 56, 5, 'Corrales de Duero'),
(2623, 48, 56, 1, 'Lemoiz'),
(2624, 49, 56, 4, 'Cubillos'),
(2625, 50, 56, 7, 'Botorrita'),
(2626, 1, 57, 1, 'Villabuena de Álava/Eskuernaga'),
(2627, 2, 57, 6, 'Ossa de Montiel'),
(2628, 3, 57, 2, 'Confrides'),
(2629, 4, 57, 7, 'Láujar de Andarax'),
(2630, 5, 57, 0, 'Cebreros'),
(2631, 6, 57, 3, 'Garlitos'),
(2632, 7, 57, 9, 'Santanyí'),
(2633, 8, 57, 5, 'Castell de l\'Areny'),
(2634, 9, 57, 8, 'Bugedo'),
(2635, 10, 57, 2, 'Casas de Miravete'),
(2636, 12, 57, 4, 'Eslida'),
(2637, 13, 57, 0, 'Montiel'),
(2638, 14, 57, 5, 'Rambla, La'),
(2639, 15, 57, 8, 'Noia'),
(2640, 16, 57, 1, 'Carrascosa'),
(2641, 17, 57, 7, 'Corçà'),
(2642, 18, 57, 3, 'Cúllar Vega'),
(2643, 19, 57, 6, 'Bustares'),
(2644, 20, 57, 0, 'Mutiloa'),
(2645, 21, 57, 7, 'Paymogo'),
(2646, 22, 57, 2, 'Bielsa'),
(2647, 23, 57, 8, 'Lupión'),
(2648, 24, 57, 3, 'Congosto'),
(2649, 25, 57, 6, 'Bòrdes, Es'),
(2650, 26, 57, 9, 'Daroca de Rioja'),
(2651, 27, 57, 5, 'Sarria'),
(2652, 28, 57, 1, 'Fresno de Torote'),
(2653, 29, 57, 4, 'Genalguacil'),
(2654, 31, 57, 5, 'Buñuel'),
(2655, 32, 57, 0, 'Parada de Sil'),
(2656, 33, 57, 6, 'Ribera de Arriba'),
(2657, 34, 57, 1, 'Cevico de la Torre'),
(2658, 36, 57, 7, 'Vigo'),
(2659, 37, 57, 3, 'Bóveda del Río Almar'),
(2660, 39, 57, 2, 'Ramales de la Victoria'),
(2661, 40, 57, 6, 'Coca'),
(2662, 41, 57, 3, 'Madroño, El'),
(2663, 42, 57, 8, 'Castilruiz'),
(2664, 43, 57, 4, 'Febró, La'),
(2665, 45, 57, 2, 'Chueca'),
(2666, 46, 57, 5, 'Benicolet'),
(2667, 47, 57, 1, 'Cubillas de Santa Marta'),
(2668, 48, 57, 7, 'Lekeitio'),
(2669, 49, 57, 0, 'Cubo de Benavente'),
(2670, 50, 57, 3, 'Brea de Aragón'),
(2671, 1, 58, 7, 'Legutio'),
(2672, 2, 58, 2, 'Paterna del Madera'),
(2673, 3, 58, 8, 'Cox'),
(2674, 4, 58, 3, 'Líjar'),
(2675, 5, 58, 6, 'Cepeda la Mora'),
(2676, 6, 58, 9, 'Garrovilla, La'),
(2677, 7, 58, 5, 'Selva'),
(2678, 8, 58, 1, 'Castellet i la Gornal'),
(2679, 9, 58, 4, 'Buniel'),
(2680, 10, 58, 8, 'Casatejada'),
(2681, 12, 58, 0, 'Espadilla'),
(2682, 13, 58, 6, 'Moral de Calatrava'),
(2683, 14, 58, 1, 'Rute'),
(2684, 15, 58, 4, 'Oleiros'),
(2685, 16, 58, 7, 'Carrascosa de Haro'),
(2686, 17, 58, 3, 'Crespià'),
(2687, 19, 58, 2, 'Cabanillas del Campo'),
(2688, 20, 58, 6, 'Olaberria'),
(2689, 21, 58, 3, 'Puebla de Guzmán'),
(2690, 22, 58, 8, 'Bierge'),
(2691, 23, 58, 4, 'Mancha Real'),
(2692, 24, 58, 9, 'Corbillos de los Oteros'),
(2693, 25, 58, 2, 'Borges Blanques, Les'),
(2694, 26, 58, 5, 'Enciso'),
(2695, 27, 58, 1, 'Saviñao, O'),
(2696, 28, 58, 7, 'Fuenlabrada'),
(2697, 29, 58, 0, 'Guaro'),
(2698, 31, 58, 1, 'Auritz/Burguete'),
(2699, 32, 58, 6, 'Pereiro de Aguiar, O'),
(2700, 33, 58, 2, 'Riosa'),
(2701, 34, 58, 7, 'Cevico Navero'),
(2702, 36, 58, 3, 'Vilaboa'),
(2703, 37, 58, 9, 'Brincones'),
(2704, 39, 58, 8, 'Rasines'),
(2705, 40, 58, 2, 'Codorniz'),
(2706, 41, 58, 9, 'Mairena del Alcor'),
(2707, 42, 58, 4, 'Castillejo de Robledo'),
(2708, 43, 58, 0, 'Figuera, La'),
(2709, 45, 58, 8, 'Domingo Pérez'),
(2710, 46, 58, 1, 'Benifairó de les Valls'),
(2711, 47, 58, 7, 'Cuenca de Campos'),
(2712, 48, 58, 3, 'Mallabia'),
(2713, 49, 58, 6, 'Cubo de Tierra del Vino, El'),
(2714, 50, 58, 9, 'Bubierca'),
(2715, 1, 59, 0, 'Vitoria-Gasteiz'),
(2716, 2, 59, 5, 'Peñascosa'),
(2717, 3, 59, 1, 'Crevillent'),
(2718, 4, 59, 6, 'Lubrín'),
(2719, 5, 59, 9, 'Cillán'),
(2720, 6, 59, 2, 'Granja de Torrehermosa'),
(2721, 7, 59, 8, 'Salines, Ses'),
(2722, 8, 59, 4, 'Castellfollit del Boix'),
(2723, 9, 59, 7, 'Burgos'),
(2724, 10, 59, 1, 'Casillas de Coria'),
(2725, 12, 59, 3, 'Fanzara'),
(2726, 13, 59, 9, 'Navalpino'),
(2727, 14, 59, 4, 'San Sebastián de los Ballesteros'),
(2728, 15, 59, 7, 'Ordes'),
(2729, 18, 59, 2, 'Chauchina'),
(2730, 19, 59, 5, 'Campillo de Dueñas'),
(2731, 20, 59, 9, 'Oñati'),
(2732, 21, 59, 6, 'Puerto Moral'),
(2733, 22, 59, 1, 'Biescas'),
(2734, 23, 59, 7, 'Marmolejo'),
(2735, 24, 59, 2, 'Corullón'),
(2736, 25, 59, 5, 'Bossòst'),
(2737, 26, 59, 8, 'Entrena'),
(2738, 27, 59, 4, 'Sober'),
(2739, 28, 59, 0, 'Fuente el Saz de Jarama'),
(2740, 29, 59, 3, 'Humilladero'),
(2741, 31, 59, 4, 'Burgui/Burgi'),
(2742, 32, 59, 9, 'Peroxa, A'),
(2743, 33, 59, 5, 'Salas'),
(2744, 34, 59, 0, 'Cisneros'),
(2745, 36, 59, 6, 'Vila de Cruces'),
(2746, 37, 59, 2, 'Buenamadre'),
(2747, 39, 59, 1, 'Reinosa'),
(2748, 40, 59, 5, 'Collado Hermoso'),
(2749, 41, 59, 2, 'Mairena del Aljarafe'),
(2750, 42, 59, 7, 'Centenera de Andaluz'),
(2751, 43, 59, 3, 'Figuerola del Camp'),
(2752, 44, 59, 8, 'Cantavieja'),
(2753, 45, 59, 1, 'Dosbarrios'),
(2754, 46, 59, 4, 'Benifairó de la Valldigna'),
(2755, 47, 59, 0, 'Curiel de Duero'),
(2756, 48, 59, 6, 'Mañaria'),
(2757, 49, 59, 9, 'Cuelgamures'),
(2758, 50, 59, 2, 'Bujaraloz'),
(2759, 1, 60, 4, 'Yécora/Iekora'),
(2760, 2, 60, 9, 'Peñas de San Pedro'),
(2761, 3, 60, 5, 'Quatretondeta'),
(2762, 4, 60, 0, 'Lucainena de las Torres'),
(2763, 5, 60, 3, 'Cisla'),
(2764, 6, 60, 6, 'Guareña'),
(2765, 7, 60, 2, 'Sineu'),
(2766, 8, 60, 8, 'Castellfollit de Riubregós'),
(2767, 9, 60, 1, 'Busto de Bureba'),
(2768, 10, 60, 5, 'Castañar de Ibor'),
(2769, 12, 60, 7, 'Figueroles'),
(2770, 13, 60, 3, 'Navas de Estena'),
(2771, 14, 60, 8, 'Santaella'),
(2772, 15, 60, 1, 'Oroso'),
(2773, 16, 60, 4, 'Casas de Benítez'),
(2774, 17, 60, 0, 'Darnius'),
(2775, 19, 60, 9, 'Campillo de Ranas'),
(2776, 20, 60, 3, 'Orexa'),
(2777, 21, 60, 0, 'Punta Umbría'),
(2778, 22, 60, 5, 'Binaced'),
(2779, 23, 60, 1, 'Martos'),
(2780, 24, 60, 6, 'Crémenes'),
(2781, 25, 60, 9, 'Cabanabona'),
(2782, 26, 60, 2, 'Estollo'),
(2783, 27, 60, 8, 'Taboada'),
(2784, 28, 60, 4, 'Fuentidueña de Tajo'),
(2785, 29, 60, 7, 'Igualeja'),
(2786, 31, 60, 8, 'Burlada/Burlata'),
(2787, 32, 60, 3, 'Petín'),
(2788, 33, 60, 9, 'San Martín del Rey Aurelio'),
(2789, 34, 60, 4, 'Cobos de Cerrato'),
(2790, 36, 60, 0, 'Vilagarcía de Arousa'),
(2791, 37, 60, 6, 'Buenavista'),
(2792, 39, 60, 5, 'Reocín'),
(2793, 40, 60, 9, 'Condado de Castilnovo'),
(2794, 41, 60, 6, 'Marchena'),
(2795, 42, 60, 1, 'Cerbón'),
(2796, 43, 60, 7, 'Flix'),
(2797, 44, 60, 2, 'Cañada de Benatanduz'),
(2798, 45, 60, 5, 'Erustes'),
(2799, 46, 60, 8, 'Benifaió'),
(2800, 47, 60, 4, 'Encinas de Esgueva'),
(2801, 48, 60, 0, 'Markina-Xemein'),
(2802, 50, 60, 6, 'Bulbuente'),
(2803, 1, 61, 1, 'Zalduondo'),
(2804, 2, 61, 6, 'Pétrola'),
(2805, 3, 61, 2, 'Daya Nueva'),
(2806, 4, 61, 7, 'Lúcar'),
(2807, 5, 61, 0, 'Colilla, La'),
(2808, 6, 61, 3, 'Haba, La'),
(2809, 7, 61, 9, 'Sóller'),
(2810, 8, 61, 5, 'Castellgalí'),
(2811, 9, 61, 8, 'Cabañes de Esgueva'),
(2812, 10, 61, 2, 'Ceclavín'),
(2813, 12, 61, 4, 'Forcall'),
(2814, 13, 61, 0, 'Pedro Muñoz'),
(2815, 14, 61, 5, 'Santa Eufemia'),
(2816, 15, 61, 8, 'Ortigueira'),
(2817, 16, 61, 1, 'Casas de Fernando Alonso'),
(2818, 17, 61, 7, 'Das'),
(2819, 18, 61, 3, 'Chimeneas'),
(2820, 19, 61, 6, 'Campisábalos'),
(2821, 20, 61, 0, 'Orio'),
(2822, 21, 61, 7, 'Rociana del Condado'),
(2823, 22, 61, 2, 'Binéfar'),
(2824, 23, 61, 8, 'Mengíbar'),
(2825, 24, 61, 3, 'Cuadros'),
(2826, 25, 61, 6, 'Cabó'),
(2827, 26, 61, 9, 'Ezcaray'),
(2828, 27, 61, 5, 'Trabada'),
(2829, 28, 61, 1, 'Galapagar'),
(2830, 29, 61, 4, 'Istán'),
(2831, 31, 61, 5, 'Busto, El'),
(2832, 32, 61, 0, 'Piñor'),
(2833, 33, 61, 6, 'San Martín de Oscos'),
(2834, 34, 61, 1, 'Collazos de Boedo'),
(2835, 36, 61, 7, 'Vilanova de Arousa'),
(2836, 37, 61, 3, 'Cabaco, El'),
(2837, 39, 61, 2, 'Ribamontán al Mar'),
(2838, 40, 61, 6, 'Corral de Ayllón'),
(2839, 41, 61, 3, 'Marinaleda'),
(2840, 42, 61, 8, 'Cidones'),
(2841, 43, 61, 4, 'Forès'),
(2842, 44, 61, 9, 'Cañada de Verich, La'),
(2843, 45, 61, 2, 'Escalona'),
(2844, 46, 61, 5, 'Beniflá'),
(2845, 47, 61, 1, 'Esguevillas de Esgueva'),
(2846, 48, 61, 7, 'Maruri-Jatabe'),
(2847, 49, 61, 0, 'Entrala'),
(2848, 50, 61, 3, 'Bureta'),
(2849, 1, 62, 6, 'Zambrana'),
(2850, 2, 62, 1, 'Povedilla'),
(2851, 3, 62, 7, 'Daya Vieja'),
(2852, 4, 62, 2, 'Macael'),
(2853, 5, 62, 5, 'Collado de Contreras'),
(2854, 6, 62, 8, 'Helechosa de los Montes'),
(2855, 7, 62, 4, 'Son Servera'),
(2856, 8, 62, 0, 'Castellnou de Bages'),
(2857, 9, 62, 3, 'Cabezón de la Sierra'),
(2858, 10, 62, 7, 'Cedillo'),
(2859, 13, 62, 5, 'Picón'),
(2860, 14, 62, 0, 'Torrecampo'),
(2861, 15, 62, 3, 'Outes'),
(2862, 16, 62, 6, 'Casas de Garcimolina'),
(2863, 17, 62, 2, 'Escala, L\''),
(2864, 18, 62, 8, 'Churriana de la Vega'),
(2865, 20, 62, 5, 'Ormaiztegi'),
(2866, 21, 62, 2, 'Rosal de la Frontera'),
(2867, 22, 62, 7, 'Bisaurri'),
(2868, 23, 62, 3, 'Montizón'),
(2869, 24, 62, 8, 'Cubillas de los Oteros'),
(2870, 25, 62, 1, 'Camarasa'),
(2871, 26, 62, 4, 'Foncea'),
(2872, 27, 62, 0, 'Triacastela'),
(2873, 28, 62, 6, 'Garganta de los Montes'),
(2874, 29, 62, 9, 'Iznate'),
(2875, 31, 62, 0, 'Cabanillas'),
(2876, 32, 62, 5, 'Porqueira'),
(2877, 33, 62, 1, 'Santa Eulalia de Oscos'),
(2878, 34, 62, 6, 'Congosto de Valdavia'),
(2879, 37, 62, 8, 'Cabezabellosa de la Calzada'),
(2880, 39, 62, 7, 'Ribamontán al Monte'),
(2881, 40, 62, 1, 'Cubillo'),
(2882, 41, 62, 8, 'Martín de la Jara'),
(2883, 42, 62, 3, 'Cigudosa'),
(2884, 43, 62, 9, 'Freginals'),
(2885, 44, 62, 4, 'Cañada Vellida'),
(2886, 45, 62, 7, 'Escalonilla'),
(2887, 46, 62, 0, 'Benigánim'),
(2888, 47, 62, 6, 'Fombellida'),
(2889, 48, 62, 2, 'Mendata'),
(2890, 49, 62, 5, 'Espadañedo'),
(2891, 50, 62, 8, 'Burgo de Ebro, El'),
(2892, 1, 63, 2, 'Zuia'),
(2893, 2, 63, 7, 'Pozohondo'),
(2894, 3, 63, 3, 'Dénia'),
(2895, 4, 63, 8, 'María'),
(2896, 5, 63, 1, 'Collado del Mirón'),
(2897, 6, 63, 4, 'Herrera del Duque'),
(2898, 7, 63, 0, 'Valldemossa'),
(2899, 8, 63, 6, 'Castellolí'),
(2900, 9, 63, 9, 'Cavia'),
(2901, 10, 63, 3, 'Cerezo'),
(2902, 12, 63, 5, 'Fuente la Reina'),
(2903, 13, 63, 1, 'Piedrabuena'),
(2904, 14, 63, 6, 'Valenzuela'),
(2905, 15, 63, 9, 'Oza dos Ríos'),
(2906, 16, 63, 2, 'Casas de Guijarro'),
(2907, 17, 63, 8, 'Espinelves'),
(2908, 18, 63, 4, 'Darro'),
(2909, 20, 63, 1, 'Oiartzun'),
(2910, 21, 63, 8, 'San Bartolomé de la Torre'),
(2911, 22, 63, 3, 'Biscarrués'),
(2912, 23, 63, 9, 'Navas de San Juan'),
(2913, 24, 63, 4, 'Cubillas de Rueda'),
(2914, 25, 63, 7, 'Canejan'),
(2915, 26, 63, 0, 'Fonzaleche'),
(2916, 27, 63, 6, 'Valadouro, O'),
(2917, 28, 63, 2, 'Gargantilla del Lozoya y Pinilla de Buitrago'),
(2918, 29, 63, 5, 'Jimera de Líbar'),
(2919, 31, 63, 6, 'Cabredo'),
(2920, 32, 63, 1, 'Pobra de Trives, A'),
(2921, 33, 63, 7, 'San Tirso de Abres'),
(2922, 34, 63, 2, 'Cordovilla la Real'),
(2923, 37, 63, 4, 'Cabeza de Béjar, La'),
(2924, 39, 63, 3, 'Rionansa'),
(2925, 40, 63, 7, 'Cuéllar'),
(2926, 41, 63, 4, 'Molares, Los'),
(2927, 42, 63, 9, 'Cihuela'),
(2928, 43, 63, 5, 'Galera, La'),
(2929, 44, 63, 0, 'Cañizar del Olivar'),
(2930, 45, 63, 3, 'Espinoso del Rey'),
(2931, 46, 63, 6, 'Benimodo'),
(2932, 47, 63, 2, 'Fompedraza'),
(2933, 48, 63, 8, 'Mendexa'),
(2934, 49, 63, 1, 'Faramontanos de Tábara'),
(2935, 50, 63, 4, 'Buste, El'),
(2936, 2, 64, 2, 'Pozo-Lorente'),
(2937, 3, 64, 8, 'Dolores'),
(2938, 4, 64, 3, 'Mojácar'),
(2939, 5, 64, 6, 'Constanzana'),
(2940, 6, 64, 9, 'Higuera de la Serena'),
(2941, 7, 64, 5, 'Castell, Es'),
(2942, 8, 64, 1, 'Castellterçol'),
(2943, 9, 64, 4, 'Caleruega'),
(2944, 10, 64, 8, 'Cilleros'),
(2945, 12, 64, 0, 'Fuentes de Ayódar'),
(2946, 13, 64, 6, 'Poblete'),
(2947, 14, 64, 1, 'Valsequillo'),
(2948, 15, 64, 4, 'Paderne'),
(2949, 16, 64, 7, 'Casas de Haro'),
(2950, 17, 64, 3, 'Espolla'),
(2951, 18, 64, 9, 'Dehesas de Guadix'),
(2952, 19, 64, 2, 'Canredondo'),
(2953, 20, 64, 6, 'Pasaia'),
(2954, 21, 64, 3, 'San Juan del Puerto'),
(2955, 22, 64, 8, 'Blecua y Torres'),
(2956, 23, 64, 4, 'Noalejo'),
(2957, 24, 64, 9, 'Cubillos del Sil'),
(2958, 25, 64, 2, 'Castellar de la Ribera'),
(2959, 26, 64, 5, 'Fuenmayor'),
(2960, 27, 64, 1, 'Vicedo, O'),
(2961, 28, 64, 7, 'Gascones'),
(2962, 29, 64, 0, 'Jubrique'),
(2963, 31, 64, 1, 'Cadreita'),
(2964, 32, 64, 6, 'Pontedeva'),
(2965, 33, 64, 2, 'Santo Adriano'),
(2966, 39, 64, 8, 'Riotuerto'),
(2967, 41, 64, 9, 'Montellano'),
(2968, 42, 64, 4, 'Ciria'),
(2969, 43, 64, 0, 'Gandesa'),
(2970, 44, 64, 5, 'Cascante del Río'),
(2971, 45, 64, 8, 'Esquivias'),
(2972, 46, 64, 1, 'Benimuslem'),
(2973, 47, 64, 7, 'Fontihoyuelo'),
(2974, 48, 64, 3, 'Meñaka'),
(2975, 49, 64, 6, 'Fariza'),
(2976, 50, 64, 9, 'Cabañas de Ebro'),
(2977, 2, 65, 5, 'Pozuelo'),
(2978, 3, 65, 1, 'Elche/Elx'),
(2979, 4, 65, 6, 'Nacimiento'),
(2980, 5, 65, 9, 'Crespos'),
(2981, 6, 65, 2, 'Higuera de Llerena'),
(2982, 7, 65, 8, 'Vilafranca de Bonany'),
(2983, 8, 65, 4, 'Castellví de la Marca'),
(2984, 9, 65, 7, 'Campillo de Aranda'),
(2985, 10, 65, 1, 'Collado'),
(2986, 12, 65, 3, 'Gaibiel'),
(2987, 13, 65, 9, 'Porzuna'),
(2988, 14, 65, 4, 'Victoria, La'),
(2989, 15, 65, 7, 'Padrón'),
(2990, 16, 65, 0, 'Casas de los Pinos'),
(2991, 17, 65, 6, 'Esponellà'),
(2992, 19, 65, 5, 'Cantalojas'),
(2993, 20, 65, 9, 'Soraluze/Placencia de las Armas'),
(2994, 21, 65, 6, 'Sanlúcar de Guadiana'),
(2995, 23, 65, 7, 'Orcera'),
(2996, 24, 65, 2, 'Chozas de Abajo'),
(2997, 26, 65, 8, 'Galbárruli'),
(2998, 27, 65, 4, 'Vilalba'),
(2999, 28, 65, 0, 'Getafe'),
(3000, 29, 65, 3, 'Júzcar'),
(3001, 31, 65, 4, 'Caparroso'),
(3002, 32, 65, 9, 'Punxín'),
(3003, 33, 65, 5, 'Sariego'),
(3004, 37, 65, 2, 'Cabeza del Caballo'),
(3005, 39, 65, 1, 'Rozas de Valdearroyo, Las'),
(3006, 40, 65, 5, 'Chañe'),
(3007, 41, 65, 2, 'Morón de la Frontera'),
(3008, 42, 65, 7, 'Cirujales del Río'),
(3009, 43, 65, 3, 'Garcia'),
(3010, 44, 65, 8, 'Castejón de Tornos'),
(3011, 45, 65, 1, 'Estrella, La'),
(3012, 46, 65, 4, 'Beniparrell'),
(3013, 47, 65, 0, 'Fresno el Viejo'),
(3014, 48, 65, 6, 'Ugao-Miraballes'),
(3015, 49, 65, 9, 'Fermoselle'),
(3016, 50, 65, 2, 'Cabolafuente'),
(3017, 2, 66, 8, 'Recueja, La'),
(3018, 3, 66, 4, 'Elda'),
(3019, 4, 66, 9, 'Níjar'),
(3020, 5, 66, 2, 'Cuevas del Valle'),
(3021, 6, 66, 5, 'Higuera de Vargas'),
(3022, 8, 66, 7, 'Castellví de Rosanes'),
(3023, 9, 66, 0, 'Campolara'),
(3024, 10, 66, 4, 'Conquista de la Sierra'),
(3025, 13, 66, 2, 'Pozuelo de Calatrava'),
(3026, 14, 66, 7, 'Villa del Río'),
(3027, 15, 66, 0, 'Pino, O'),
(3028, 16, 66, 3, 'Casasimarro'),
(3029, 17, 66, 9, 'Figueres'),
(3030, 18, 66, 5, 'Deifontes'),
(3031, 19, 66, 8, 'Cañizar'),
(3032, 20, 66, 2, 'Errezil'),
(3033, 21, 66, 9, 'San Silvestre de Guzmán'),
(3034, 22, 66, 4, 'Boltaña'),
(3035, 23, 66, 0, 'Peal de Becerro'),
(3036, 24, 66, 5, 'Destriana'),
(3037, 26, 66, 1, 'Galilea'),
(3038, 27, 66, 7, 'Viveiro'),
(3039, 28, 66, 3, 'Griñón'),
(3040, 29, 66, 6, 'Macharaviaya'),
(3041, 31, 66, 7, 'Cárcar'),
(3042, 32, 66, 2, 'Quintela de Leirado'),
(3043, 33, 66, 8, 'Siero'),
(3044, 34, 66, 3, 'Cubillas de Cerrato'),
(3045, 39, 66, 4, 'Ruente'),
(3046, 41, 66, 5, 'Navas de la Concepción, Las'),
(3047, 43, 66, 6, 'Garidells, Els'),
(3048, 44, 66, 1, 'Castel de Cabra'),
(3049, 45, 66, 4, 'Fuensalida'),
(3050, 46, 66, 7, 'Benirredrà'),
(3051, 47, 66, 3, 'Fuensaldaña'),
(3052, 48, 66, 9, 'Morga'),
(3053, 49, 66, 2, 'Ferreras de Abajo'),
(3054, 50, 66, 5, 'Cadrete'),
(3055, 2, 67, 4, 'Riópar'),
(3056, 3, 67, 0, 'Facheca'),
(3057, 4, 67, 5, 'Ohanes'),
(3058, 5, 67, 8, 'Chamartín'),
(3059, 6, 67, 1, 'Higuera la Real'),
(3060, 8, 67, 3, 'Centelles'),
(3061, 9, 67, 6, 'Canicosa de la Sierra'),
(3062, 10, 67, 0, 'Coria'),
(3063, 12, 67, 2, 'Geldo'),
(3064, 13, 67, 8, 'Pozuelos de Calatrava, Los'),
(3065, 14, 67, 3, 'Villafranca de Córdoba'),
(3066, 15, 67, 6, 'Pobra do Caramiñal, A'),
(3067, 16, 67, 9, 'Castejón'),
(3068, 17, 67, 5, 'Flaçà'),
(3069, 18, 67, 1, 'Diezma'),
(3070, 19, 67, 4, 'Cardoso de la Sierra, El'),
(3071, 20, 67, 8, 'Errenteria'),
(3072, 21, 67, 5, 'Santa Ana la Real'),
(3073, 22, 67, 0, 'Bonansa'),
(3074, 23, 67, 6, 'Pegalajar'),
(3075, 24, 67, 1, 'Encinedo'),
(3076, 25, 67, 4, 'Castelldans'),
(3077, 26, 67, 7, 'Gallinero de Cameros'),
(3078, 28, 67, 9, 'Guadalix de la Sierra'),
(3079, 29, 67, 2, 'Málaga'),
(3080, 31, 67, 3, 'Carcastillo'),
(3081, 32, 67, 8, 'Rairiz de Veiga'),
(3082, 33, 67, 4, 'Sobrescobio'),
(3083, 34, 67, 9, 'Dehesa de Montejo'),
(3084, 37, 67, 1, 'Cabrerizos'),
(3085, 39, 67, 0, 'Ruesga'),
(3086, 41, 67, 1, 'Olivares'),
(3087, 43, 67, 2, 'Ginestar'),
(3088, 44, 67, 7, 'Castelnou'),
(3089, 45, 67, 0, 'Gálvez'),
(3090, 46, 67, 3, 'Benisanó'),
(3091, 47, 67, 9, 'Fuente el Sol'),
(3092, 48, 67, 5, 'Muxika'),
(3093, 49, 67, 8, 'Ferreras de Arriba'),
(3094, 50, 67, 1, 'Calatayud'),
(3095, 2, 68, 0, 'Robledo'),
(3096, 3, 68, 6, 'Famorca'),
(3097, 4, 68, 1, 'Olula de Castro'),
(3098, 6, 68, 7, 'Hinojosa del Valle'),
(3099, 8, 68, 9, 'Cervelló'),
(3100, 9, 68, 2, 'Cantabrana'),
(3101, 10, 68, 6, 'Cuacos de Yuste'),
(3102, 12, 68, 8, 'Herbés'),
(3103, 13, 68, 4, 'Puebla de Don Rodrigo'),
(3104, 14, 68, 9, 'Villaharta'),
(3105, 15, 68, 2, 'Ponteceso'),
(3106, 16, 68, 5, 'Castillejo de Iniesta'),
(3107, 17, 68, 1, 'Foixà'),
(3108, 18, 68, 7, 'Dílar'),
(3109, 20, 68, 4, 'Leintz-Gatzaga'),
(3110, 21, 68, 1, 'Santa Bárbara de Casa'),
(3111, 22, 68, 6, 'Borau'),
(3112, 24, 68, 7, 'Ercina, La'),
(3113, 25, 68, 0, 'Castellnou de Seana'),
(3114, 26, 68, 3, 'Gimileo'),
(3115, 28, 68, 5, 'Guadarrama'),
(3116, 29, 68, 8, 'Manilva'),
(3117, 31, 68, 9, 'Cascante'),
(3118, 32, 68, 4, 'Ramirás'),
(3119, 33, 68, 0, 'Somiedo'),
(3120, 34, 68, 5, 'Dehesa de Romanos'),
(3121, 37, 68, 7, 'Cabrillas'),
(3122, 39, 68, 6, 'Ruiloba'),
(3123, 40, 68, 0, 'Domingo García'),
(3124, 41, 68, 7, 'Osuna'),
(3125, 42, 68, 2, 'Coscurita'),
(3126, 43, 68, 8, 'Godall'),
(3127, 44, 68, 3, 'Castelserás'),
(3128, 45, 68, 6, 'Garciotum'),
(3129, 46, 68, 9, 'Benissoda'),
(3130, 47, 68, 5, 'Fuente-Olmedo'),
(3131, 48, 68, 1, 'Mundaka'),
(3132, 49, 68, 4, 'Ferreruela'),
(3133, 50, 68, 7, 'Calatorao'),
(3134, 2, 69, 3, 'Roda, La'),
(3135, 3, 69, 9, 'Finestrat'),
(3136, 4, 69, 4, 'Olula del Río'),
(3137, 5, 69, 7, 'Donjimeno'),
(3138, 6, 69, 0, 'Hornachos'),
(3139, 8, 69, 2, 'Collbató'),
(3140, 10, 69, 9, 'Cumbre, La'),
(3141, 12, 69, 1, 'Higueras'),
(3142, 13, 69, 7, 'Puebla del Príncipe'),
(3143, 14, 69, 2, 'Villanueva de Córdoba'),
(3144, 15, 69, 5, 'Pontedeume'),
(3145, 17, 69, 4, 'Fontanals de Cerdanya'),
(3146, 18, 69, 0, 'Dólar'),
(3147, 20, 69, 7, 'Donostia-San Sebastián'),
(3148, 21, 69, 4, 'Santa Olalla del Cala'),
(3149, 22, 69, 9, 'Broto'),
(3150, 23, 69, 5, 'Porcuna'),
(3151, 24, 69, 0, 'Escobar de Campos'),
(3152, 25, 69, 3, 'Castelló de Farfanya'),
(3153, 26, 69, 6, 'Grañón'),
(3154, 28, 69, 8, 'Hiruela, La'),
(3155, 29, 69, 1, 'Marbella'),
(3156, 31, 69, 2, 'Cáseda'),
(3157, 32, 69, 7, 'Ribadavia'),
(3158, 33, 69, 3, 'Soto del Barco'),
(3159, 34, 69, 8, 'Dueñas'),
(3160, 37, 69, 0, 'Calvarrasa de Abajo'),
(3161, 39, 69, 9, 'San Felices de Buelna'),
(3162, 40, 69, 3, 'Donhierro'),
(3163, 41, 69, 0, 'Palacios y Villafranca, Los'),
(3164, 42, 69, 5, 'Covaleda'),
(3165, 43, 69, 1, 'Gratallops'),
(3166, 45, 69, 9, 'Gerindote'),
(3167, 46, 69, 2, 'Benisuera'),
(3168, 47, 69, 8, 'Gallegos de Hornija'),
(3169, 48, 69, 4, 'Mungia'),
(3170, 49, 69, 7, 'Figueruela de Arriba'),
(3171, 50, 69, 0, 'Calcena'),
(3172, 2, 70, 7, 'Salobre'),
(3173, 3, 70, 3, 'Formentera del Segura');
INSERT INTO `municipios` (`id_municipio`, `id_provincia`, `cod_municipio`, `DC`, `nombre`) VALUES
(3174, 4, 70, 8, 'Oria'),
(3175, 5, 70, 1, 'Donvidas'),
(3176, 6, 70, 4, 'Jerez de los Caballeros'),
(3177, 8, 70, 6, 'Collsuspina'),
(3178, 9, 70, 9, 'Carazo'),
(3179, 10, 70, 3, 'Deleitosa'),
(3180, 12, 70, 5, 'Jana, la'),
(3181, 13, 70, 1, 'Puerto Lápice'),
(3182, 14, 70, 6, 'Villanueva del Duque'),
(3183, 15, 70, 9, 'Pontes de García Rodríguez, As'),
(3184, 16, 70, 2, 'Castillejo-Sierra'),
(3185, 17, 70, 8, 'Fontanilles'),
(3186, 18, 70, 4, 'Dúdar'),
(3187, 19, 70, 7, 'Casa de Uceda'),
(3188, 20, 70, 1, 'Segura'),
(3189, 21, 70, 8, 'Trigueros'),
(3190, 23, 70, 9, 'Pozo Alcón'),
(3191, 24, 70, 4, 'Fabero'),
(3192, 25, 70, 7, 'Castellserà'),
(3193, 26, 70, 0, 'Grávalos'),
(3194, 28, 70, 2, 'Horcajo de la Sierra-Aoslos'),
(3195, 29, 70, 5, 'Mijas'),
(3196, 31, 70, 6, 'Castejón'),
(3197, 32, 70, 1, 'San Xoán de Río'),
(3198, 33, 70, 7, 'Tapia de Casariego'),
(3199, 34, 70, 2, 'Espinosa de Cerrato'),
(3200, 37, 70, 4, 'Calvarrasa de Arriba'),
(3201, 39, 70, 3, 'San Miguel de Aguayo'),
(3202, 40, 70, 7, 'Duruelo'),
(3203, 41, 70, 4, 'Palomares del Río'),
(3204, 42, 70, 9, 'Cubilla'),
(3205, 43, 70, 5, 'Guiamets, Els'),
(3206, 44, 70, 0, 'Castellar, El'),
(3207, 45, 70, 3, 'Guadamur'),
(3208, 46, 70, 6, 'Bétera'),
(3209, 47, 70, 2, 'Gatón de Campos'),
(3210, 48, 70, 8, 'Aulesti'),
(3211, 50, 70, 4, 'Calmarza'),
(3212, 2, 71, 4, 'San Pedro'),
(3213, 3, 71, 0, 'Gata de Gorgos'),
(3214, 4, 71, 5, 'Padules'),
(3215, 6, 71, 1, 'Lapa, La'),
(3216, 8, 71, 3, 'Copons'),
(3217, 9, 71, 6, 'Carcedo de Bureba'),
(3218, 10, 71, 0, 'Descargamaría'),
(3219, 12, 71, 2, 'Jérica'),
(3220, 13, 71, 8, 'Puertollano'),
(3221, 14, 71, 3, 'Villanueva del Rey'),
(3222, 15, 71, 6, 'Porto do Son'),
(3223, 16, 71, 9, 'Castillo-Albaráñez'),
(3224, 17, 71, 5, 'Fontcoberta'),
(3225, 18, 71, 1, 'Dúrcal'),
(3226, 19, 71, 4, 'Casar, El'),
(3227, 20, 71, 8, 'Tolosa'),
(3228, 21, 71, 5, 'Valdelarco'),
(3229, 23, 71, 6, 'Puente de Génave'),
(3230, 24, 71, 1, 'Folgoso de la Ribera'),
(3231, 25, 71, 4, 'Cava'),
(3232, 26, 71, 7, 'Haro'),
(3233, 28, 71, 9, 'Horcajuelo de la Sierra'),
(3234, 29, 71, 2, 'Moclinejo'),
(3235, 31, 71, 3, 'Castillonuevo'),
(3236, 32, 71, 8, 'Riós'),
(3237, 33, 71, 4, 'Taramundi'),
(3238, 34, 71, 9, 'Espinosa de Villagonzalo'),
(3239, 37, 71, 1, 'Calzada de Béjar, La'),
(3240, 39, 71, 0, 'San Pedro del Romeral'),
(3241, 40, 71, 4, 'Encinas'),
(3242, 41, 71, 1, 'Paradas'),
(3243, 42, 71, 6, 'Cubo de la Solana'),
(3244, 43, 71, 2, 'Horta de Sant Joan'),
(3245, 44, 71, 7, 'Castellote'),
(3246, 45, 71, 0, 'Guardia, La'),
(3247, 46, 71, 3, 'Bicorp'),
(3248, 47, 71, 9, 'Geria'),
(3249, 48, 71, 5, 'Muskiz'),
(3250, 49, 71, 8, 'Fonfría'),
(3251, 50, 71, 1, 'Campillo de Aragón'),
(3252, 2, 72, 9, 'Socovos'),
(3253, 3, 72, 5, 'Gaianes'),
(3254, 4, 72, 0, 'Partaloa'),
(3255, 5, 72, 3, 'Espinosa de los Caballeros'),
(3256, 6, 72, 6, 'Lobón'),
(3257, 8, 72, 8, 'Corbera de Llobregat'),
(3258, 9, 72, 1, 'Carcedo de Burgos'),
(3259, 10, 72, 5, 'Eljas'),
(3260, 12, 72, 7, 'Lucena del Cid'),
(3261, 13, 72, 3, 'Retuerta del Bullaque'),
(3262, 14, 72, 8, 'Villaralto'),
(3263, 15, 72, 1, 'Rianxo'),
(3264, 16, 72, 4, 'Castillo de Garcimuñoz'),
(3265, 18, 72, 6, 'Escúzar'),
(3266, 20, 72, 3, 'Urnieta'),
(3267, 21, 72, 0, 'Valverde del Camino'),
(3268, 22, 72, 5, 'Caldearenas'),
(3269, 23, 72, 1, 'Puerta de Segura, La'),
(3270, 25, 72, 9, 'Cervera'),
(3271, 26, 72, 2, 'Herce'),
(3272, 28, 72, 4, 'Hoyo de Manzanares'),
(3273, 29, 72, 7, 'Mollina'),
(3274, 31, 72, 8, 'Cintruénigo'),
(3275, 32, 72, 3, 'Rúa, A'),
(3276, 33, 72, 9, 'Teverga'),
(3277, 34, 72, 4, 'Frechilla'),
(3278, 37, 72, 6, 'Calzada de Don Diego'),
(3279, 39, 72, 5, 'San Roque de Riomiera'),
(3280, 40, 72, 9, 'Encinillas'),
(3281, 41, 72, 6, 'Pedrera'),
(3282, 43, 72, 7, 'Lloar, El'),
(3283, 45, 72, 5, 'Herencias, Las'),
(3284, 46, 72, 8, 'Bocairent'),
(3285, 48, 72, 0, 'Otxandio'),
(3286, 50, 72, 6, 'Carenas'),
(3287, 2, 73, 5, 'Tarazona de la Mancha'),
(3288, 3, 73, 1, 'Gorga'),
(3289, 4, 73, 6, 'Paterna del Río'),
(3290, 5, 73, 9, 'Flores de Ávila'),
(3291, 6, 73, 2, 'Llera'),
(3292, 8, 73, 4, 'Cornellà de Llobregat'),
(3293, 9, 73, 7, 'Cardeñadijo'),
(3294, 10, 73, 1, 'Escurial'),
(3295, 12, 73, 3, 'Ludiente'),
(3296, 13, 73, 9, 'Saceruela'),
(3297, 14, 73, 4, 'Villaviciosa de Córdoba'),
(3298, 15, 73, 7, 'Ribeira'),
(3299, 16, 73, 0, 'Cervera del Llano'),
(3300, 17, 73, 6, 'Fornells de la Selva'),
(3301, 19, 73, 5, 'Casas de San Galindo'),
(3302, 20, 73, 9, 'Usurbil'),
(3303, 21, 73, 6, 'Villablanca'),
(3304, 23, 73, 7, 'Quesada'),
(3305, 24, 73, 2, 'Fresno de la Vega'),
(3306, 25, 73, 5, 'Cervià de les Garrigues'),
(3307, 26, 73, 8, 'Herramélluri'),
(3308, 28, 73, 0, 'Humanes de Madrid'),
(3309, 29, 73, 3, 'Monda'),
(3310, 31, 73, 4, 'Ziordia'),
(3311, 32, 73, 9, 'Rubiá'),
(3312, 33, 73, 5, 'Tineo'),
(3313, 34, 73, 0, 'Fresno del Río'),
(3314, 37, 73, 2, 'Calzada de Valdunciel'),
(3315, 39, 73, 1, 'Santa Cruz de Bezana'),
(3316, 40, 73, 5, 'Escalona del Prado'),
(3317, 41, 73, 2, 'Pedroso, El'),
(3318, 42, 73, 7, 'Cueva de Ágreda'),
(3319, 43, 73, 3, 'Llorac'),
(3320, 45, 73, 1, 'Herreruela de Oropesa'),
(3321, 46, 73, 4, 'Bolbaite'),
(3322, 47, 73, 0, 'Herrín de Campos'),
(3323, 48, 73, 6, 'Ondarroa'),
(3324, 50, 73, 2, 'Cariñena'),
(3325, 2, 74, 0, 'Tobarra'),
(3326, 3, 74, 6, 'Granja de Rocamora'),
(3327, 4, 74, 1, 'Pechina'),
(3328, 5, 74, 4, 'Fontiveros'),
(3329, 6, 74, 7, 'Llerena'),
(3330, 8, 74, 9, 'Cubelles'),
(3331, 9, 74, 2, 'Cardeñajimeno'),
(3332, 12, 74, 8, 'Llosa, la'),
(3333, 13, 74, 4, 'San Carlos del Valle'),
(3334, 14, 74, 9, 'Viso, El'),
(3335, 15, 74, 2, 'Rois'),
(3336, 16, 74, 5, 'Cierva, La'),
(3337, 17, 74, 1, 'Fortià'),
(3338, 18, 74, 7, 'Ferreira'),
(3339, 19, 74, 0, 'Caspueñas'),
(3340, 20, 74, 4, 'Bergara'),
(3341, 21, 74, 1, 'Villalba del Alcor'),
(3342, 22, 74, 6, 'Campo'),
(3343, 23, 74, 2, 'Rus'),
(3344, 24, 74, 7, 'Fuentes de Carbajal'),
(3345, 25, 74, 0, 'Ciutadilla'),
(3346, 26, 74, 3, 'Hervías'),
(3347, 28, 74, 5, 'Leganés'),
(3348, 29, 74, 8, 'Montejaque'),
(3349, 31, 74, 9, 'Cirauqui/Zirauki'),
(3350, 32, 74, 4, 'San Amaro'),
(3351, 33, 74, 0, 'Vegadeo'),
(3352, 34, 74, 5, 'Frómista'),
(3353, 37, 74, 7, 'Campillo de Azaba'),
(3354, 39, 74, 6, 'Santa María de Cayón'),
(3355, 40, 74, 0, 'Escarabajosa de Cabezas'),
(3356, 41, 74, 7, 'Peñaflor'),
(3357, 43, 74, 8, 'Llorenç del Penedès'),
(3358, 44, 74, 3, 'Cedrillas'),
(3359, 45, 74, 6, 'Hinojosa de San Vicente'),
(3360, 46, 74, 9, 'Bonrepòs i Mirambell'),
(3361, 47, 74, 5, 'Hornillos de Eresma'),
(3362, 48, 74, 1, 'Urduña/Orduña'),
(3363, 50, 74, 7, 'Caspe'),
(3364, 2, 75, 3, 'Valdeganga'),
(3365, 3, 75, 9, 'Castell de Guadalest, el'),
(3366, 4, 75, 4, 'Pulpí'),
(3367, 5, 75, 7, 'Fresnedilla'),
(3368, 6, 75, 0, 'Magacela'),
(3369, 8, 75, 2, 'Dosrius'),
(3370, 9, 75, 5, 'Cardeñuela Riopico'),
(3371, 10, 75, 9, 'Fresnedoso de Ibor'),
(3372, 12, 75, 1, 'Mata de Morella, la'),
(3373, 13, 75, 7, 'San Lorenzo de Calatrava'),
(3374, 14, 75, 2, 'Zuheros'),
(3375, 15, 75, 5, 'Sada'),
(3376, 17, 75, 4, 'Garrigàs'),
(3377, 19, 75, 3, 'Castejón de Henares'),
(3378, 20, 75, 7, 'Villabona'),
(3379, 21, 75, 4, 'Villanueva de las Cruces'),
(3380, 22, 75, 9, 'Camporrélls'),
(3381, 23, 75, 5, 'Sabiote'),
(3382, 25, 75, 3, 'Clariana de Cardener'),
(3383, 26, 75, 6, 'Hormilla'),
(3384, 28, 75, 8, 'Loeches'),
(3385, 29, 75, 1, 'Nerja'),
(3386, 31, 75, 2, 'Ciriza/Ziritza'),
(3387, 32, 75, 7, 'San Cibrao das Viñas'),
(3388, 33, 75, 3, 'Villanueva de Oscos'),
(3389, 39, 75, 9, 'Santander'),
(3390, 40, 75, 3, 'Escobar de Polendos'),
(3391, 41, 75, 0, 'Pilas'),
(3392, 42, 75, 5, 'Dévanos'),
(3393, 43, 75, 1, 'Margalef'),
(3394, 44, 75, 6, 'Celadas'),
(3395, 45, 75, 9, 'Hontanar'),
(3396, 46, 75, 2, 'Bufali'),
(3397, 47, 75, 8, 'Íscar'),
(3398, 48, 75, 4, 'Orozko'),
(3399, 49, 75, 7, 'Fresno de la Polvorosa'),
(3400, 50, 75, 0, 'Castejón de Alarba'),
(3401, 2, 76, 6, 'Vianos'),
(3402, 3, 76, 2, 'Guardamar del Segura'),
(3403, 4, 76, 7, 'Purchena'),
(3404, 5, 76, 0, 'Fresno, El'),
(3405, 6, 76, 3, 'Maguilla'),
(3406, 8, 76, 5, 'Esparreguera'),
(3407, 9, 76, 8, 'Carrias'),
(3408, 10, 76, 2, 'Galisteo'),
(3409, 12, 76, 4, 'Matet'),
(3410, 13, 76, 0, 'Santa Cruz de los Cáñamos'),
(3411, 15, 76, 8, 'San Sadurniño'),
(3412, 17, 76, 7, 'Garrigoles'),
(3413, 18, 76, 3, 'Fonelas'),
(3414, 19, 76, 6, 'Castellar de la Muela'),
(3415, 20, 76, 0, 'Ordizia'),
(3416, 21, 76, 7, 'Villanueva de los Castillejos'),
(3417, 22, 76, 2, 'Canal de Berdún'),
(3418, 23, 76, 8, 'Santa Elena'),
(3419, 24, 76, 3, 'Garrafe de Torío'),
(3420, 25, 76, 6, 'Cogul, El'),
(3421, 26, 76, 9, 'Hormilleja'),
(3422, 28, 76, 1, 'Lozoya'),
(3423, 29, 76, 4, 'Ojén'),
(3424, 31, 76, 5, 'Cizur'),
(3425, 32, 76, 0, 'San Cristovo de Cea'),
(3426, 33, 76, 6, 'Villaviciosa'),
(3427, 34, 76, 1, 'Fuentes de Nava'),
(3428, 39, 76, 2, 'Santillana del Mar'),
(3429, 40, 76, 6, 'Espinar, El'),
(3430, 41, 76, 3, 'Pruna'),
(3431, 42, 76, 8, 'Deza'),
(3432, 43, 76, 4, 'Marçà'),
(3433, 44, 76, 9, 'Cella'),
(3434, 45, 76, 2, 'Hormigos'),
(3435, 46, 76, 5, 'Bugarra'),
(3436, 47, 76, 1, 'Laguna de Duero'),
(3437, 48, 76, 7, 'Sukarrieta'),
(3438, 49, 76, 0, 'Fresno de la Ribera'),
(3439, 50, 76, 3, 'Castejón de las Armas'),
(3440, 2, 77, 2, 'Villa de Ves'),
(3441, 3, 77, 8, 'Fondó de les Neus, el/Hondón de las Nieves'),
(3442, 4, 77, 3, 'Rágol'),
(3443, 5, 77, 6, 'Fuente el Saúz'),
(3444, 6, 77, 9, 'Malcocinado'),
(3445, 8, 77, 1, 'Esplugues de Llobregat'),
(3446, 9, 77, 4, 'Cascajares de Bureba'),
(3447, 10, 77, 8, 'Garciaz'),
(3448, 12, 77, 0, 'Moncofa'),
(3449, 13, 77, 6, 'Santa Cruz de Mudela'),
(3450, 15, 77, 4, 'Santa Comba'),
(3451, 17, 77, 3, 'Garriguella'),
(3452, 20, 77, 6, 'Urretxu'),
(3453, 21, 77, 3, 'Villarrasa'),
(3454, 22, 77, 8, 'Candasnos'),
(3455, 23, 77, 4, 'Santiago de Calatrava'),
(3456, 24, 77, 9, 'Gordaliza del Pino'),
(3457, 25, 77, 2, 'Coll de Nargó'),
(3458, 26, 77, 5, 'Hornillos de Cameros'),
(3459, 29, 77, 0, 'Parauta'),
(3460, 31, 77, 1, 'Corella'),
(3461, 32, 77, 6, 'Sandiás'),
(3462, 33, 77, 2, 'Villayón'),
(3463, 34, 77, 7, 'Fuentes de Valdepero'),
(3464, 37, 77, 9, 'Campo de Peñaranda, El'),
(3465, 39, 77, 8, 'Santiurde de Reinosa'),
(3466, 40, 77, 2, 'Espirdo'),
(3467, 41, 77, 9, 'Puebla de Cazalla, La'),
(3468, 43, 77, 0, 'Mas de Barberans'),
(3469, 44, 77, 5, 'Cerollera, La'),
(3470, 45, 77, 8, 'Huecas'),
(3471, 46, 77, 1, 'Buñol'),
(3472, 47, 77, 7, 'Langayo'),
(3473, 48, 77, 3, 'Plentzia'),
(3474, 49, 77, 6, 'Fresno de Sayago'),
(3475, 50, 77, 9, 'Castejón de Valdejasa'),
(3476, 2, 78, 8, 'Villalgordo del Júcar'),
(3477, 3, 78, 4, 'Hondón de los Frailes'),
(3478, 4, 78, 9, 'Rioja'),
(3479, 5, 78, 2, 'Fuentes de Año'),
(3480, 6, 78, 5, 'Malpartida de la Serena'),
(3481, 8, 78, 7, 'Espunyola, L\''),
(3482, 9, 78, 0, 'Cascajares de la Sierra'),
(3483, 10, 78, 4, 'Garganta, La'),
(3484, 12, 78, 6, 'Montán'),
(3485, 13, 78, 2, 'Socuéllamos'),
(3486, 15, 78, 0, 'Santiago de Compostela'),
(3487, 16, 78, 3, 'Cuenca'),
(3488, 17, 78, 9, 'Ger'),
(3489, 18, 78, 5, 'Freila'),
(3490, 19, 78, 8, 'Castilforte'),
(3491, 20, 78, 2, 'Zaldibia'),
(3492, 21, 78, 9, 'Zalamea la Real'),
(3493, 22, 78, 4, 'Canfranc'),
(3494, 24, 78, 5, 'Gordoncillo'),
(3495, 25, 78, 8, 'Corbins'),
(3496, 26, 78, 1, 'Hornos de Moncalvillo'),
(3497, 28, 78, 3, 'Madarcos'),
(3498, 31, 78, 7, 'Cortes'),
(3499, 32, 78, 2, 'Sarreaus'),
(3500, 33, 78, 8, 'Yernes y Tameza'),
(3501, 37, 78, 5, 'Candelario'),
(3502, 39, 78, 4, 'Santiurde de Toranzo'),
(3503, 40, 78, 8, 'Fresneda de Cuéllar'),
(3504, 41, 78, 5, 'Puebla de los Infantes, La'),
(3505, 42, 78, 0, 'Duruelo de la Sierra'),
(3506, 43, 78, 6, 'Masdenverge'),
(3507, 45, 78, 4, 'Huerta de Valdecarábanos'),
(3508, 46, 78, 7, 'Burjassot'),
(3509, 47, 78, 3, 'Lomoviejo'),
(3510, 48, 78, 9, 'Portugalete'),
(3511, 49, 78, 2, 'Friera de Valverde'),
(3512, 50, 78, 5, 'Castiliscar'),
(3513, 2, 79, 1, 'Villamalea'),
(3514, 3, 79, 7, 'Ibi'),
(3515, 4, 79, 2, 'Roquetas de Mar'),
(3516, 5, 79, 5, 'Gallegos de Altamiros'),
(3517, 6, 79, 8, 'Manchita'),
(3518, 8, 79, 0, 'Estany, L\''),
(3519, 9, 79, 3, 'Castellanos de Castro'),
(3520, 10, 79, 7, 'Garganta la Olla'),
(3521, 12, 79, 9, 'Montanejos'),
(3522, 13, 79, 5, 'Solana, La'),
(3523, 15, 79, 3, 'Santiso'),
(3524, 16, 79, 6, 'Cueva del Hierro'),
(3525, 17, 79, 2, 'Girona'),
(3526, 18, 79, 8, 'Fuente Vaqueros'),
(3527, 19, 79, 1, 'Castilnuevo'),
(3528, 20, 79, 5, 'Zarautz'),
(3529, 21, 79, 2, 'Zufre'),
(3530, 22, 79, 7, 'Capdesaso'),
(3531, 23, 79, 3, 'Santisteban del Puerto'),
(3532, 24, 79, 8, 'Gradefes'),
(3533, 25, 79, 1, 'Cubells'),
(3534, 26, 79, 4, 'Huércanos'),
(3535, 28, 79, 6, 'Madrid'),
(3536, 29, 79, 9, 'Periana'),
(3537, 31, 79, 0, 'Desojo'),
(3538, 32, 79, 5, 'Taboadela'),
(3539, 34, 79, 6, 'Grijota'),
(3540, 37, 79, 8, 'Canillas de Abajo'),
(3541, 39, 79, 7, 'Santoña'),
(3542, 40, 79, 1, 'Fresno de Cantespino'),
(3543, 41, 79, 8, 'Puebla del Río, La'),
(3544, 42, 79, 3, 'Escobosa de Almazán'),
(3545, 43, 79, 9, 'Masllorenç'),
(3546, 45, 79, 7, 'Iglesuela, La'),
(3547, 46, 79, 0, 'Calles'),
(3548, 47, 79, 6, 'Llano de Olmedo'),
(3549, 48, 79, 2, 'Errigoiti'),
(3550, 49, 79, 5, 'Fuente Encalada'),
(3551, 50, 79, 8, 'Cervera de la Cañada'),
(3552, 2, 80, 5, 'Villapalacios'),
(3553, 3, 80, 1, 'Jacarilla'),
(3554, 4, 80, 6, 'Santa Cruz de Marchena'),
(3555, 5, 80, 9, 'Gallegos de Sobrinos'),
(3556, 6, 80, 2, 'Medellín'),
(3557, 8, 80, 4, 'Fígols'),
(3558, 10, 80, 1, 'Gargantilla'),
(3559, 12, 80, 3, 'Morella'),
(3560, 13, 80, 9, 'Solana del Pino'),
(3561, 15, 80, 7, 'Sobrado'),
(3562, 17, 80, 6, 'Gombrèn'),
(3563, 19, 80, 5, 'Cendejas de Enmedio'),
(3564, 20, 80, 9, 'Zumarraga'),
(3565, 22, 80, 1, 'Capella'),
(3566, 23, 80, 7, 'Santo Tomé'),
(3567, 24, 80, 2, 'Grajal de Campos'),
(3568, 26, 80, 8, 'Igea'),
(3569, 28, 80, 0, 'Majadahonda'),
(3570, 29, 80, 3, 'Pizarra'),
(3571, 31, 80, 4, 'Dicastillo'),
(3572, 32, 80, 9, 'Teixeira, A'),
(3573, 34, 80, 0, 'Guardo'),
(3574, 37, 80, 2, 'Cantagallo'),
(3575, 39, 80, 1, 'San Vicente de la Barquera'),
(3576, 40, 80, 5, 'Fresno de la Fuente'),
(3577, 41, 80, 2, 'Real de la Jara, El'),
(3578, 42, 80, 7, 'Espeja de San Marcelino'),
(3579, 43, 80, 3, 'Masó, La'),
(3580, 44, 80, 8, 'Codoñera, La'),
(3581, 45, 80, 1, 'Illán de Vacas'),
(3582, 46, 80, 4, 'Camporrobles'),
(3583, 47, 80, 0, 'Manzanillo'),
(3584, 48, 80, 6, 'Valle de Trápaga-Trapagaran'),
(3585, 49, 80, 9, 'Fuentelapeña'),
(3586, 50, 80, 2, 'Cerveruela'),
(3587, 2, 81, 2, 'Villarrobledo'),
(3588, 3, 81, 8, 'Xaló'),
(3589, 4, 81, 3, 'Santa Fe de Mondújar'),
(3590, 5, 81, 6, 'Garganta del Villar'),
(3591, 6, 81, 9, 'Medina de las Torres'),
(3592, 8, 81, 1, 'Fogars de Montclús'),
(3593, 10, 81, 8, 'Gargüera'),
(3594, 12, 81, 0, 'Navajas'),
(3595, 13, 81, 6, 'Terrinches'),
(3596, 15, 81, 4, 'Somozas, As'),
(3597, 16, 81, 7, 'Chumillas'),
(3598, 17, 81, 3, 'Gualta'),
(3599, 19, 81, 2, 'Cendejas de la Torre'),
(3600, 20, 81, 6, 'Zumaia'),
(3601, 22, 81, 8, 'Casbas de Huesca'),
(3602, 23, 81, 4, 'Segura de la Sierra'),
(3603, 24, 81, 9, 'Gusendos de los Oteros'),
(3604, 25, 81, 2, 'Espluga Calba, L\''),
(3605, 26, 81, 5, 'Jalón de Cameros'),
(3606, 29, 81, 0, 'Pujerra'),
(3607, 31, 81, 1, 'Donamaria'),
(3608, 32, 81, 6, 'Toén'),
(3609, 34, 81, 7, 'Guaza de Campos'),
(3610, 37, 81, 9, 'Cantalapiedra'),
(3611, 39, 81, 8, 'Saro'),
(3612, 40, 81, 2, 'Frumales'),
(3613, 41, 81, 9, 'Rinconada, La'),
(3614, 42, 81, 4, 'Espejón'),
(3615, 43, 81, 0, 'Maspujols'),
(3616, 45, 81, 8, 'Illescas'),
(3617, 46, 81, 1, 'Canals'),
(3618, 47, 81, 7, 'Marzales'),
(3619, 48, 81, 3, 'Lezama'),
(3620, 49, 81, 6, 'Fuentesaúco'),
(3621, 50, 81, 9, 'Cetina'),
(3622, 2, 82, 7, 'Villatoya'),
(3623, 3, 82, 3, 'Jávea/Xàbia'),
(3624, 4, 82, 8, 'Senés'),
(3625, 5, 82, 1, 'Gavilanes'),
(3626, 6, 82, 4, 'Mengabril'),
(3627, 8, 82, 6, 'Fogars de la Selva'),
(3628, 9, 82, 9, 'Castildelgado'),
(3629, 10, 82, 3, 'Garrovillas de Alconétar'),
(3630, 12, 82, 5, 'Nules'),
(3631, 13, 82, 1, 'Tomelloso'),
(3632, 15, 82, 9, 'Teo'),
(3633, 16, 82, 2, 'Enguídanos'),
(3634, 17, 82, 8, 'Guils de Cerdanya'),
(3635, 18, 82, 4, 'Galera'),
(3636, 19, 82, 7, 'Centenera'),
(3637, 22, 82, 3, 'Castejón del Puente'),
(3638, 23, 82, 9, 'Siles'),
(3639, 24, 82, 4, 'Hospital de Órbigo'),
(3640, 25, 82, 7, 'Espot'),
(3641, 26, 82, 0, 'Laguna de Cameros'),
(3642, 28, 82, 2, 'Manzanares el Real'),
(3643, 29, 82, 5, 'Rincón de la Victoria'),
(3644, 31, 82, 6, 'Etxalar'),
(3645, 32, 82, 1, 'Trasmiras'),
(3646, 34, 82, 2, 'Hérmedes de Cerrato'),
(3647, 37, 82, 4, 'Cantalpino'),
(3648, 39, 82, 3, 'Selaya'),
(3649, 40, 82, 7, 'Fuente de Santa Cruz'),
(3650, 41, 82, 4, 'Roda de Andalucía, La'),
(3651, 42, 82, 9, 'Estepa de San Juan'),
(3652, 43, 82, 5, 'Masroig, El'),
(3653, 44, 82, 0, 'Corbalán'),
(3654, 45, 82, 3, 'Lagartera'),
(3655, 46, 82, 6, 'Canet d\'En Berenguer'),
(3656, 47, 82, 2, 'Matapozuelos'),
(3657, 48, 82, 8, 'Santurtzi'),
(3658, 49, 82, 1, 'Fuentes de Ropel'),
(3659, 50, 82, 4, 'Cimballa'),
(3660, 2, 83, 3, 'Villavaliente'),
(3661, 3, 83, 9, 'Jijona/Xixona'),
(3662, 4, 83, 4, 'Serón'),
(3663, 5, 83, 7, 'Gemuño'),
(3664, 6, 83, 0, 'Mérida'),
(3665, 8, 83, 2, 'Folgueroles'),
(3666, 9, 83, 5, 'Castil de Peones'),
(3667, 10, 83, 9, 'Garvín'),
(3668, 12, 83, 1, 'Olocau del Rey'),
(3669, 13, 83, 7, 'Torralba de Calatrava'),
(3670, 15, 83, 5, 'Toques'),
(3671, 16, 83, 8, 'Fresneda de Altarejos'),
(3672, 17, 83, 4, 'Hostalric'),
(3673, 18, 83, 0, 'Gobernador'),
(3674, 22, 83, 9, 'Castejón de Monegros'),
(3675, 24, 83, 0, 'Igüeña'),
(3676, 26, 83, 6, 'Lagunilla del Jubera'),
(3677, 28, 83, 8, 'Meco'),
(3678, 29, 83, 1, 'Riogordo'),
(3679, 31, 83, 2, 'Echarri'),
(3680, 32, 83, 7, 'Veiga, A'),
(3681, 34, 83, 8, 'Herrera de Pisuerga'),
(3682, 37, 83, 0, 'Cantaracillo'),
(3683, 39, 83, 9, 'Soba'),
(3684, 40, 83, 3, 'Fuente el Olmo de Fuentidueña'),
(3685, 41, 83, 0, 'Ronquillo, El'),
(3686, 42, 83, 5, 'Frechilla de Almazán'),
(3687, 43, 83, 1, 'Milà, El'),
(3688, 45, 83, 9, 'Layos'),
(3689, 46, 83, 2, 'Carcaixent'),
(3690, 47, 83, 8, 'Matilla de los Caños'),
(3691, 48, 83, 4, 'Ortuella'),
(3692, 49, 83, 7, 'Fuentesecas'),
(3693, 50, 83, 0, 'Cinco Olivas'),
(3694, 2, 84, 8, 'Villaverde de Guadalimar'),
(3695, 3, 84, 4, 'Lorcha/Orxa, l\''),
(3696, 4, 84, 9, 'Sierro'),
(3697, 5, 84, 2, 'Gilbuena'),
(3698, 6, 84, 5, 'Mirandilla'),
(3699, 8, 84, 7, 'Fonollosa'),
(3700, 9, 84, 0, 'Castrillo de la Reina'),
(3701, 10, 84, 4, 'Gata'),
(3702, 12, 84, 6, 'Onda'),
(3703, 13, 84, 2, 'Torre de Juan Abad'),
(3704, 15, 84, 0, 'Tordoia'),
(3705, 16, 84, 3, 'Fresneda de la Sierra'),
(3706, 17, 84, 9, 'Isòvol'),
(3707, 18, 84, 5, 'Gójar'),
(3708, 22, 84, 4, 'Castejón de Sos'),
(3709, 23, 84, 0, 'Sorihuela del Guadalimar'),
(3710, 24, 84, 5, 'Izagre'),
(3711, 26, 84, 1, 'Lardero'),
(3712, 28, 84, 3, 'Mejorada del Campo'),
(3713, 29, 84, 6, 'Ronda'),
(3714, 31, 84, 7, 'Etxarri-Aranatz'),
(3715, 32, 84, 2, 'Verea'),
(3716, 34, 84, 3, 'Herrera de Valdecañas'),
(3717, 39, 84, 4, 'Solórzano'),
(3718, 40, 84, 8, 'Fuente el Olmo de Íscar'),
(3719, 41, 84, 5, 'Rubio, El'),
(3720, 42, 84, 0, 'Fresno de Caracena'),
(3721, 43, 84, 6, 'Miravet'),
(3722, 44, 84, 1, 'Cortes de Aragón'),
(3723, 45, 84, 4, 'Lillo'),
(3724, 46, 84, 7, 'Càrcer'),
(3725, 47, 84, 3, 'Mayorga'),
(3726, 48, 84, 9, 'Sestao'),
(3727, 49, 84, 2, 'Fuentespreadas'),
(3728, 50, 84, 5, 'Clarés de Ribota'),
(3729, 2, 85, 1, 'Viveros'),
(3730, 3, 85, 7, 'Llíber'),
(3731, 4, 85, 2, 'Somontín'),
(3732, 5, 85, 5, 'Gil García'),
(3733, 6, 85, 8, 'Monesterio'),
(3734, 8, 85, 0, 'Font-rubí'),
(3735, 9, 85, 3, 'Castrillo de la Vega'),
(3736, 10, 85, 7, 'Gordo, El'),
(3737, 12, 85, 9, 'Oropesa del Mar/Orpesa'),
(3738, 13, 85, 5, 'Torrenueva'),
(3739, 15, 85, 3, 'Touro'),
(3740, 16, 85, 6, 'Frontera, La'),
(3741, 17, 85, 2, 'Jafre'),
(3742, 18, 85, 8, 'Gor'),
(3743, 22, 85, 7, 'Castelflorite'),
(3744, 23, 85, 3, 'Torreblascopedro'),
(3745, 25, 85, 1, 'Estaràs'),
(3746, 28, 85, 6, 'Miraflores de la Sierra'),
(3747, 29, 85, 9, 'Salares'),
(3748, 31, 85, 0, 'Etxauri'),
(3749, 32, 85, 5, 'Verín'),
(3750, 37, 85, 8, 'Carbajosa de la Sagrada'),
(3751, 39, 85, 7, 'Suances'),
(3752, 41, 85, 8, 'Salteras'),
(3753, 42, 85, 3, 'Fuentearmegil'),
(3754, 43, 85, 9, 'Molar, El'),
(3755, 44, 85, 4, 'Cosa'),
(3756, 45, 85, 7, 'Lominchar'),
(3757, 46, 85, 0, 'Carlet'),
(3758, 47, 85, 6, 'Medina del Campo'),
(3759, 48, 85, 2, 'Sopelana'),
(3760, 49, 85, 5, 'Galende'),
(3761, 50, 85, 8, 'Codo'),
(3762, 2, 86, 4, 'Yeste'),
(3763, 3, 86, 0, 'Millena'),
(3764, 4, 86, 5, 'Sorbas'),
(3765, 5, 86, 8, 'Gimialcón'),
(3766, 6, 86, 1, 'Montemolín'),
(3767, 8, 86, 3, 'Franqueses del Vallès, Les'),
(3768, 9, 86, 6, 'Castrillo del Val'),
(3769, 10, 86, 0, 'Granja, La'),
(3770, 13, 86, 8, 'Valdemanco del Esteras'),
(3771, 15, 86, 6, 'Trazo'),
(3772, 16, 86, 9, 'Fuente de Pedro Naharro'),
(3773, 17, 86, 5, 'Jonquera, La'),
(3774, 18, 86, 1, 'Gorafe'),
(3775, 19, 86, 4, 'Cifuentes'),
(3776, 22, 86, 0, 'Castiello de Jaca'),
(3777, 23, 86, 6, 'Torre del Campo'),
(3778, 24, 86, 1, 'Joarilla de las Matas'),
(3779, 25, 86, 4, 'Esterri d\'Àneu'),
(3780, 26, 86, 7, 'Ledesma de la Cogolla'),
(3781, 28, 86, 9, 'Molar, El'),
(3782, 29, 86, 2, 'Sayalonga'),
(3783, 31, 86, 3, 'Egüés'),
(3784, 32, 86, 8, 'Viana do Bolo'),
(3785, 34, 86, 9, 'Hontoria de Cerrato'),
(3786, 37, 86, 1, 'Carpio de Azaba'),
(3787, 39, 86, 0, 'Tojos, Los'),
(3788, 40, 86, 4, 'Fuentepelayo'),
(3789, 41, 86, 1, 'San Juan de Aznalfarache'),
(3790, 42, 86, 6, 'Fuentecambrón'),
(3791, 43, 86, 2, 'Montblanc'),
(3792, 44, 86, 7, 'Cretas'),
(3793, 45, 86, 0, 'Lucillos'),
(3794, 46, 86, 3, 'Carrícola'),
(3795, 47, 86, 9, 'Medina de Rioseco'),
(3796, 48, 86, 5, 'Sopuerta'),
(3797, 49, 86, 8, 'Gallegos del Pan'),
(3798, 50, 86, 1, 'Codos'),
(3799, 4, 87, 1, 'Suflí'),
(3800, 5, 87, 4, 'Gotarrendura'),
(3801, 6, 87, 7, 'Monterrubio de la Serena'),
(3802, 8, 87, 9, 'Gallifa'),
(3803, 10, 87, 6, 'Guadalupe'),
(3804, 12, 87, 8, 'Palanques'),
(3805, 13, 87, 4, 'Valdepeñas'),
(3806, 15, 87, 2, 'Valdoviño'),
(3807, 16, 87, 5, 'Fuentelespino de Haro'),
(3808, 17, 87, 1, 'Juià'),
(3809, 18, 87, 7, 'Granada'),
(3810, 19, 87, 0, 'Cincovillas'),
(3811, 22, 87, 6, 'Castigaleu'),
(3812, 23, 87, 2, 'Torredonjimeno'),
(3813, 24, 87, 7, 'Laguna Dalga'),
(3814, 25, 87, 0, 'Esterri de Cardós'),
(3815, 26, 87, 3, 'Leiva'),
(3816, 28, 87, 5, 'Molinos, Los'),
(3817, 29, 87, 8, 'Sedella'),
(3818, 31, 87, 9, 'Elgorriaga'),
(3819, 32, 87, 4, 'Vilamarín'),
(3820, 34, 87, 5, 'Hornillos de Cerrato'),
(3821, 37, 87, 7, 'Carrascal de Barregas'),
(3822, 39, 87, 6, 'Torrelavega'),
(3823, 40, 87, 0, 'Fuentepiñel'),
(3824, 41, 87, 7, 'Sanlúcar la Mayor'),
(3825, 42, 87, 2, 'Fuentecantos'),
(3826, 44, 87, 3, 'Crivillén'),
(3827, 45, 87, 6, 'Madridejos'),
(3828, 46, 87, 9, 'Casas Altas'),
(3829, 47, 87, 5, 'Megeces'),
(3830, 48, 87, 1, 'Trucios-Turtzioz'),
(3831, 49, 87, 4, 'Gallegos del Río'),
(3832, 50, 87, 7, 'Contamina'),
(3833, 3, 88, 2, 'Monforte del Cid'),
(3834, 4, 88, 7, 'Tabernas'),
(3835, 5, 88, 0, 'Grandes y San Martín'),
(3836, 6, 88, 3, 'Montijo'),
(3837, 8, 88, 5, 'Garriga, La'),
(3838, 9, 88, 8, 'Castrillo de Riopisuerga'),
(3839, 10, 88, 2, 'Guijo de Coria'),
(3840, 12, 88, 4, 'Pavías'),
(3841, 13, 88, 0, 'Valenzuela de Calatrava'),
(3842, 15, 88, 8, 'Val do Dubra'),
(3843, 16, 88, 1, 'Fuentelespino de Moya'),
(3844, 17, 88, 7, 'Lladó'),
(3845, 18, 88, 3, 'Guadahortuna'),
(3846, 19, 88, 6, 'Ciruelas'),
(3847, 22, 88, 2, 'Castillazuelo'),
(3848, 23, 88, 8, 'Torreperogil'),
(3849, 24, 88, 3, 'Laguna de Negrillos'),
(3850, 25, 88, 6, 'Estamariu'),
(3851, 26, 88, 9, 'Leza de Río Leza'),
(3852, 28, 88, 1, 'Montejo de la Sierra'),
(3853, 29, 88, 4, 'Sierra de Yeguas'),
(3854, 31, 88, 5, 'Noáin (Valle de Elorz)/Noain (Elortzibar)'),
(3855, 32, 88, 0, 'Vilamartín de Valdeorras'),
(3856, 34, 88, 1, 'Husillos'),
(3857, 37, 88, 3, 'Carrascal del Obispo'),
(3858, 39, 88, 2, 'Tresviso'),
(3859, 40, 88, 6, 'Fuenterrebollo'),
(3860, 41, 88, 3, 'San Nicolás del Puerto'),
(3861, 42, 88, 8, 'Fuentelmonge'),
(3862, 43, 88, 4, 'Montbrió del Camp'),
(3863, 44, 88, 9, 'Cuba, La'),
(3864, 45, 88, 2, 'Magán'),
(3865, 46, 88, 5, 'Casas Bajas'),
(3866, 47, 88, 1, 'Melgar de Abajo'),
(3867, 48, 88, 7, 'Ubide'),
(3868, 49, 88, 0, 'Gamones'),
(3869, 50, 88, 3, 'Cosuenda'),
(3870, 3, 89, 5, 'Monóvar/Monòver'),
(3871, 4, 89, 0, 'Taberno'),
(3872, 5, 89, 3, 'Guisando'),
(3873, 6, 89, 6, 'Morera, La'),
(3874, 8, 89, 8, 'Gavà'),
(3875, 10, 89, 5, 'Guijo de Galisteo'),
(3876, 12, 89, 7, 'Peníscola/Peñíscola'),
(3877, 13, 89, 3, 'Villahermosa'),
(3878, 15, 89, 1, 'Vedra'),
(3879, 16, 89, 4, 'Fuentes'),
(3880, 17, 89, 0, 'Llagostera'),
(3881, 18, 89, 6, 'Guadix'),
(3882, 19, 89, 9, 'Ciruelos del Pinar'),
(3883, 22, 89, 5, 'Castillonroy'),
(3884, 24, 89, 6, 'León'),
(3885, 25, 89, 9, 'Farrera'),
(3886, 26, 89, 2, 'Logroño'),
(3887, 28, 89, 4, 'Moraleja de Enmedio'),
(3888, 29, 89, 7, 'Teba'),
(3889, 31, 89, 8, 'Enériz/Eneritz'),
(3890, 32, 89, 3, 'Vilar de Barrio'),
(3891, 34, 89, 4, 'Itero de la Vega'),
(3892, 37, 89, 6, 'Casafranca'),
(3893, 39, 89, 5, 'Tudanca'),
(3894, 40, 89, 9, 'Fuentesaúco de Fuentidueña'),
(3895, 41, 89, 6, 'Santiponce'),
(3896, 42, 89, 1, 'Fuentelsaz de Soria'),
(3897, 43, 89, 7, 'Montferri'),
(3898, 44, 89, 2, 'Cubla'),
(3899, 45, 89, 5, 'Malpica de Tajo'),
(3900, 46, 89, 8, 'Casinos'),
(3901, 47, 89, 4, 'Melgar de Arriba'),
(3902, 48, 89, 0, 'Urduliz'),
(3903, 50, 89, 6, 'Cuarte de Huerva'),
(3904, 3, 90, 9, 'Mutxamel'),
(3905, 4, 90, 4, 'Tahal'),
(3906, 5, 90, 7, 'Gutierre-Muñoz'),
(3907, 6, 90, 0, 'Nava de Santiago, La'),
(3908, 8, 90, 2, 'Gaià'),
(3909, 9, 90, 5, 'Castrillo Matajudíos'),
(3910, 10, 90, 9, 'Guijo de Granadilla'),
(3911, 12, 90, 1, 'Pina de Montalgrao'),
(3912, 13, 90, 7, 'Villamanrique'),
(3913, 15, 90, 5, 'Vilasantar'),
(3914, 17, 90, 4, 'Llambilles'),
(3915, 19, 90, 3, 'Cobeta'),
(3916, 22, 90, 9, 'Colungo'),
(3917, 23, 90, 5, 'Torres'),
(3918, 24, 90, 0, 'Lucillo'),
(3919, 28, 90, 8, 'Moralzarzal'),
(3920, 29, 90, 1, 'Tolox'),
(3921, 31, 90, 2, 'Eratsun'),
(3922, 32, 90, 7, 'Vilar de Santos'),
(3923, 37, 90, 0, 'Casas del Conde, Las'),
(3924, 39, 90, 9, 'Udías'),
(3925, 41, 90, 0, 'Saucejo, El'),
(3926, 42, 90, 5, 'Fuentepinilla'),
(3927, 43, 90, 1, 'Montmell, El'),
(3928, 44, 90, 6, 'Cucalón'),
(3929, 45, 90, 9, 'Manzaneque'),
(3930, 46, 90, 2, 'Castelló de Rugat'),
(3931, 47, 90, 8, 'Mojados'),
(3932, 48, 90, 4, 'Balmaseda'),
(3933, 49, 90, 7, 'Gema'),
(3934, 50, 90, 0, 'Cubel'),
(3935, 3, 91, 6, 'Murla'),
(3936, 4, 91, 1, 'Terque'),
(3937, 6, 91, 7, 'Navalvillar de Pela'),
(3938, 8, 91, 9, 'Gelida'),
(3939, 9, 91, 2, 'Castrojeriz'),
(3940, 10, 91, 6, 'Guijo de Santa Bárbara'),
(3941, 12, 91, 8, 'Portell de Morella'),
(3942, 13, 91, 4, 'Villamayor de Calatrava'),
(3943, 15, 91, 2, 'Vilarmaior'),
(3944, 16, 91, 5, 'Fuertescusa'),
(3945, 17, 91, 1, 'Llanars'),
(3946, 19, 91, 0, 'Cogollor'),
(3947, 23, 91, 2, 'Torres de Albánchez'),
(3948, 24, 91, 7, 'Luyego'),
(3949, 26, 91, 3, 'Lumbreras'),
(3950, 28, 91, 5, 'Morata de Tajuña'),
(3951, 29, 91, 8, 'Torrox'),
(3952, 31, 91, 9, 'Ergoiena'),
(3953, 32, 91, 4, 'Vilardevós'),
(3954, 34, 91, 5, 'Lagartos'),
(3955, 37, 91, 7, 'Casillas de Flores'),
(3956, 39, 91, 6, 'Valdáliga'),
(3957, 40, 91, 0, 'Fuentesoto'),
(3958, 41, 91, 7, 'Sevilla'),
(3959, 43, 91, 8, 'Mont-ral'),
(3960, 45, 91, 6, 'Maqueda'),
(3961, 46, 91, 9, 'Castellonet de la Conquesta'),
(3962, 47, 91, 5, 'Monasterio de Vega'),
(3963, 48, 91, 1, 'Atxondo'),
(3964, 49, 91, 4, 'Granja de Moreruela'),
(3965, 50, 91, 7, 'Cuerlas, Las'),
(3966, 3, 92, 1, 'Muro de Alcoy'),
(3967, 4, 92, 6, 'Tíjola'),
(3968, 5, 92, 9, 'Hernansancho'),
(3969, 6, 92, 2, 'Nogales'),
(3970, 8, 92, 4, 'Gironella'),
(3971, 10, 92, 1, 'Herguijuela'),
(3972, 12, 92, 3, 'Puebla de Arenoso'),
(3973, 13, 92, 9, 'Villanueva de la Fuente'),
(3974, 15, 92, 7, 'Vimianzo'),
(3975, 16, 92, 0, 'Gabaldón'),
(3976, 17, 92, 6, 'Llançà'),
(3977, 19, 92, 5, 'Cogolludo'),
(3978, 23, 92, 7, 'Úbeda'),
(3979, 24, 92, 2, 'Llamas de la Ribera'),
(3980, 25, 92, 5, 'Floresta, La'),
(3981, 26, 92, 8, 'Manjarrés'),
(3982, 28, 92, 0, 'Móstoles'),
(3983, 29, 92, 3, 'Totalán'),
(3984, 31, 92, 4, 'Erro'),
(3985, 32, 92, 9, 'Vilariño de Conso'),
(3986, 34, 92, 0, 'Lantadilla'),
(3987, 37, 92, 2, 'Castellanos de Moriscos'),
(3988, 39, 92, 1, 'Valdeolea'),
(3989, 40, 92, 5, 'Fuentidueña'),
(3990, 41, 92, 2, 'Tocina'),
(3991, 42, 92, 7, 'Fuentes de Magaña'),
(3992, 43, 92, 3, 'Mont-roig del Camp'),
(3993, 44, 92, 8, 'Cuervo, El'),
(3994, 45, 92, 1, 'Marjaliza'),
(3995, 46, 92, 4, 'Castielfabib'),
(3996, 47, 92, 0, 'Montealegre de Campos'),
(3997, 48, 92, 6, 'Bedia'),
(3998, 49, 92, 9, 'Granucillo'),
(3999, 50, 92, 2, 'Chiprana'),
(4000, 3, 93, 7, 'Novelda'),
(4001, 4, 93, 2, 'Turre'),
(4002, 5, 93, 5, 'Herradón de Pinares'),
(4003, 6, 93, 8, 'Oliva de la Frontera'),
(4004, 8, 93, 0, 'Gisclareny'),
(4005, 9, 93, 3, 'Cayuela'),
(4006, 10, 93, 7, 'Hernán-Pérez'),
(4007, 12, 93, 9, 'Pobla de Benifassà, la'),
(4008, 13, 93, 5, 'Villanueva de los Infantes'),
(4009, 15, 93, 3, 'Zas'),
(4010, 16, 93, 6, 'Garaballa'),
(4011, 17, 93, 2, 'Llers'),
(4012, 18, 93, 8, 'Gualchos'),
(4013, 23, 93, 3, 'Valdepeñas de Jaén'),
(4014, 24, 93, 8, 'Magaz de Cepeda'),
(4015, 25, 93, 1, 'Fondarella'),
(4016, 26, 93, 4, 'Mansilla de la Sierra'),
(4017, 28, 93, 6, 'Navacerrada'),
(4018, 29, 93, 9, 'Valle de Abdalajís'),
(4019, 31, 93, 0, 'Ezcároz/Ezkaroze'),
(4020, 34, 93, 6, 'Vid de Ojeda, La'),
(4021, 39, 93, 7, 'Valdeprado del Río'),
(4022, 40, 93, 1, 'Gallegos'),
(4023, 41, 93, 8, 'Tomares'),
(4024, 42, 93, 3, 'Fuentestrún'),
(4025, 43, 93, 9, 'Móra d\'Ebre'),
(4026, 44, 93, 4, 'Cuevas de Almudén'),
(4027, 45, 93, 7, 'Marrupe'),
(4028, 46, 93, 0, 'Catadau'),
(4029, 47, 93, 6, 'Montemayor de Pililla'),
(4030, 48, 93, 2, 'Areatza'),
(4031, 49, 93, 5, 'Guarrate'),
(4032, 50, 93, 8, 'Chodes'),
(4033, 3, 94, 2, 'Nucia, la'),
(4034, 4, 94, 7, 'Turrillas'),
(4035, 5, 94, 0, 'Herreros de Suso'),
(4036, 6, 94, 3, 'Oliva de Mérida'),
(4037, 8, 94, 5, 'Granada, La'),
(4038, 9, 94, 8, 'Cebrecos'),
(4039, 10, 94, 2, 'Herrera de Alcántara'),
(4040, 12, 94, 4, 'Pobla Tornesa, la'),
(4041, 13, 94, 0, 'Villanueva de San Carlos'),
(4042, 16, 94, 1, 'Gascueña'),
(4043, 17, 94, 7, 'Llívia'),
(4044, 18, 94, 3, 'Güejar Sierra'),
(4045, 22, 94, 2, 'Chalamera'),
(4046, 23, 94, 8, 'Vilches'),
(4047, 24, 94, 3, 'Mansilla de las Mulas'),
(4048, 25, 94, 6, 'Foradada'),
(4049, 26, 94, 9, 'Manzanares de Rioja'),
(4050, 28, 94, 1, 'Navalafuente'),
(4051, 29, 94, 4, 'Vélez-Málaga'),
(4052, 31, 94, 5, 'Eslava'),
(4053, 34, 94, 1, 'Ledigos'),
(4054, 39, 94, 2, 'Valderredible'),
(4055, 40, 94, 6, 'Garcillán'),
(4056, 41, 94, 3, 'Umbrete'),
(4057, 42, 94, 8, 'Garray'),
(4058, 43, 94, 4, 'Móra la Nova'),
(4059, 44, 94, 9, 'Cuevas Labradas'),
(4060, 45, 94, 2, 'Mascaraque'),
(4061, 46, 94, 5, 'Catarroja'),
(4062, 47, 94, 1, 'Moral de la Reina'),
(4063, 48, 94, 7, 'Igorre'),
(4064, 49, 94, 0, 'Hermisende'),
(4065, 50, 94, 3, 'Daroca'),
(4066, 3, 95, 5, 'Ondara'),
(4067, 4, 95, 0, 'Uleila del Campo'),
(4068, 5, 95, 3, 'Higuera de las Dueñas'),
(4069, 6, 95, 6, 'Olivenza'),
(4070, 8, 95, 8, 'Granera'),
(4071, 9, 95, 1, 'Celada del Camino'),
(4072, 10, 95, 5, 'Herreruela'),
(4073, 12, 95, 7, 'Ribesalbes'),
(4074, 13, 95, 3, 'Villar del Pozo'),
(4075, 16, 95, 4, 'Graja de Campalbo'),
(4076, 17, 95, 0, 'Lloret de Mar'),
(4077, 18, 95, 6, 'Güevéjar'),
(4078, 19, 95, 9, 'Condemios de Abajo'),
(4079, 22, 95, 5, 'Chía'),
(4080, 23, 95, 1, 'Villacarrillo'),
(4081, 24, 95, 6, 'Mansilla Mayor'),
(4082, 26, 95, 2, 'Matute'),
(4083, 28, 95, 4, 'Navalagamella'),
(4084, 29, 95, 7, 'Villanueva de Algaidas'),
(4085, 31, 95, 8, 'Esparza de Salazar/Espartza Zaraitzu'),
(4086, 39, 95, 5, 'Val de San Vicente'),
(4087, 40, 95, 9, 'Gomezserracín'),
(4088, 41, 95, 6, 'Utrera'),
(4089, 42, 95, 1, 'Golmayo'),
(4090, 43, 95, 7, 'Morell, El'),
(4091, 45, 95, 5, 'Mata, La'),
(4092, 46, 95, 8, 'Caudete de las Fuentes'),
(4093, 47, 95, 4, 'Moraleja de las Panaderas'),
(4094, 48, 95, 0, 'Zaldibar'),
(4095, 49, 95, 3, 'Hiniesta, La'),
(4096, 50, 95, 6, 'Ejea de los Caballeros'),
(4097, 3, 96, 8, 'Onil'),
(4098, 4, 96, 3, 'Urrácal'),
(4099, 5, 96, 6, 'Hija de Dios, La'),
(4100, 6, 96, 9, 'Orellana de la Sierra'),
(4101, 8, 96, 1, 'Granollers'),
(4102, 10, 96, 8, 'Hervás'),
(4103, 12, 96, 0, 'Rossell'),
(4104, 13, 96, 6, 'Villarrubia de los Ojos'),
(4105, 16, 96, 7, 'Graja de Iniesta'),
(4106, 17, 96, 3, 'Llosses, Les'),
(4107, 18, 96, 9, 'Huélago'),
(4108, 19, 96, 2, 'Condemios de Arriba'),
(4109, 22, 96, 8, 'Chimillas'),
(4110, 23, 96, 4, 'Villanueva de la Reina'),
(4111, 24, 96, 9, 'Maraña'),
(4112, 25, 96, 2, 'Fuliola, La'),
(4113, 26, 96, 5, 'Medrano'),
(4114, 28, 96, 7, 'Navalcarnero'),
(4115, 29, 96, 0, 'Villanueva del Rosario'),
(4116, 31, 96, 1, 'Espronceda'),
(4117, 34, 96, 7, 'Lomas'),
(4118, 37, 96, 9, 'Castillejo de Martín Viejo'),
(4119, 39, 96, 8, 'Vega de Liébana'),
(4120, 41, 96, 9, 'Valencina de la Concepción'),
(4121, 42, 96, 4, 'Gómara'),
(4122, 43, 96, 0, 'Morera de Montsant, La'),
(4123, 44, 96, 5, 'Ejulve'),
(4124, 45, 96, 8, 'Mazarambroz'),
(4125, 46, 96, 1, 'Cerdà'),
(4126, 47, 96, 7, 'Morales de Campos'),
(4127, 48, 96, 3, 'Zalla'),
(4128, 49, 96, 6, 'Jambrina'),
(4129, 50, 96, 9, 'Embid de Ariza'),
(4130, 3, 97, 4, 'Orba'),
(4131, 4, 97, 9, 'Velefique'),
(4132, 5, 97, 2, 'Horcajada, La'),
(4133, 6, 97, 5, 'Orellana la Vieja'),
(4134, 8, 97, 7, 'Gualba'),
(4135, 10, 97, 4, 'Higuera'),
(4136, 12, 97, 6, 'Sacañet'),
(4137, 13, 97, 2, 'Villarta de San Juan'),
(4138, 16, 97, 3, 'Henarejos'),
(4139, 17, 97, 9, 'Madremanya'),
(4140, 18, 97, 5, 'Huéneja'),
(4141, 19, 97, 8, 'Congostrina'),
(4142, 23, 97, 0, 'Villanueva del Arzobispo'),
(4143, 24, 97, 5, 'Matadeón de los Oteros'),
(4144, 25, 97, 8, 'Fulleda'),
(4145, 28, 97, 3, 'Navarredonda y San Mamés'),
(4146, 29, 97, 6, 'Villanueva del Trabuco'),
(4147, 31, 97, 7, 'Estella-Lizarra'),
(4148, 37, 97, 5, 'Castraz'),
(4149, 39, 97, 4, 'Vega de Pas'),
(4150, 40, 97, 8, 'Grajera'),
(4151, 41, 97, 5, 'Villamanrique de la Condesa'),
(4152, 42, 97, 0, 'Gormaz'),
(4153, 43, 97, 6, 'Nou de Gaià, La'),
(4154, 44, 97, 1, 'Escorihuela'),
(4155, 45, 97, 4, 'Mejorada'),
(4156, 46, 97, 7, 'Cofrentes'),
(4157, 47, 97, 3, 'Mota del Marqués'),
(4158, 48, 97, 9, 'Zaratamo'),
(4159, 49, 97, 2, 'Justel'),
(4160, 3, 98, 0, 'Orxeta'),
(4161, 4, 98, 5, 'Vélez-Blanco'),
(4162, 6, 98, 1, 'Palomas'),
(4163, 8, 98, 3, 'Sant Salvador de Guardiola'),
(4164, 9, 98, 6, 'Cerezo de Río Tirón'),
(4165, 10, 98, 0, 'Hinojal'),
(4166, 12, 98, 2, 'Salzadella, la'),
(4167, 13, 98, 8, 'Viso del Marqués'),
(4168, 16, 98, 9, 'Herrumblar, El'),
(4169, 17, 98, 5, 'Maià de Montcal'),
(4170, 18, 98, 1, 'Huéscar'),
(4171, 19, 98, 4, 'Copernal'),
(4172, 23, 98, 6, 'Villardompardo'),
(4173, 24, 98, 1, 'Matallana de Torío'),
(4174, 25, 98, 4, 'Gavet de la Conca'),
(4175, 26, 98, 7, 'Munilla'),
(4176, 29, 98, 2, 'Villanueva de Tapia'),
(4177, 31, 98, 3, 'Esteribar'),
(4178, 34, 98, 9, 'Magaz de Pisuerga'),
(4179, 37, 98, 1, 'Cepeda'),
(4180, 39, 98, 0, 'Villacarriedo'),
(4181, 41, 98, 1, 'Villanueva del Ariscal'),
(4182, 42, 98, 6, 'Herrera de Soria'),
(4183, 43, 98, 2, 'Nulles'),
(4184, 45, 98, 0, 'Menasalbas'),
(4185, 46, 98, 3, 'Corbera'),
(4186, 47, 98, 9, 'Mucientes'),
(4187, 49, 98, 8, 'Losacino'),
(4188, 50, 98, 1, 'Encinacorba'),
(4189, 3, 99, 3, 'Orihuela'),
(4190, 4, 99, 8, 'Vélez-Rubio'),
(4191, 5, 99, 1, 'Horcajo de las Torres'),
(4192, 6, 99, 4, 'Parra, La'),
(4193, 8, 99, 6, 'Guardiola de Berguedà'),
(4194, 10, 99, 3, 'Holguera'),
(4195, 12, 99, 5, 'Sant Jordi/San Jorge'),
(4196, 16, 99, 2, 'Hinojosa, La'),
(4197, 17, 99, 8, 'Meranges'),
(4198, 18, 99, 4, 'Huétor de Santillán'),
(4199, 19, 99, 7, 'Corduente'),
(4200, 22, 99, 3, 'Esplús'),
(4201, 23, 99, 9, 'Villares, Los'),
(4202, 24, 99, 4, 'Matanza'),
(4203, 25, 99, 7, 'Golmés'),
(4204, 26, 99, 0, 'Murillo de Río Leza'),
(4205, 28, 99, 2, 'Navas del Rey'),
(4206, 29, 99, 5, 'Viñuela'),
(4207, 31, 99, 6, 'Etayo'),
(4208, 34, 99, 2, 'Manquillos'),
(4209, 37, 99, 4, 'Cereceda de la Sierra'),
(4210, 39, 99, 3, 'Villaescusa'),
(4211, 40, 99, 7, 'Honrubia de la Cuesta'),
(4212, 41, 99, 4, 'Villanueva del Río y Minas'),
(4213, 43, 99, 5, 'Palma d\'Ebre, La'),
(4214, 44, 99, 0, 'Escucha'),
(4215, 45, 99, 3, 'Méntrida'),
(4216, 46, 99, 6, 'Cortes de Pallás'),
(4217, 47, 99, 2, 'Mudarra, La'),
(4218, 49, 99, 1, 'Losacio'),
(4219, 50, 99, 4, 'Épila'),
(4220, 3, 100, 7, 'Parcent'),
(4221, 4, 100, 2, 'Vera'),
(4222, 5, 100, 5, 'Hornillo, El'),
(4223, 6, 100, 8, 'Peñalsordo'),
(4224, 8, 100, 0, 'Gurb'),
(4225, 9, 100, 3, 'Cerratón de Juarros'),
(4226, 10, 100, 7, 'Hoyos'),
(4227, 12, 100, 9, 'Sant Mateu'),
(4228, 16, 100, 6, 'Hinojosos, Los'),
(4229, 17, 100, 2, 'Masarac'),
(4230, 18, 100, 8, 'Huétor Tájar'),
(4231, 24, 100, 8, 'Molinaseca'),
(4232, 25, 100, 1, 'Gósol'),
(4233, 26, 100, 4, 'Muro de Aguas'),
(4234, 28, 100, 6, 'Nuevo Baztán'),
(4235, 29, 100, 9, 'Yunquera'),
(4236, 31, 100, 0, 'Eulate'),
(4237, 34, 100, 6, 'Mantinos'),
(4238, 37, 100, 8, 'Cerezal de Peñahorcada'),
(4239, 39, 100, 7, 'Villafufre'),
(4240, 40, 100, 1, 'Hontalbilla'),
(4241, 41, 100, 8, 'Villanueva de San Juan'),
(4242, 42, 100, 3, 'Hinojosa del Campo'),
(4243, 43, 100, 9, 'Pallaresos, Els'),
(4244, 44, 100, 4, 'Estercuel'),
(4245, 45, 100, 7, 'Mesegar de Tajo'),
(4246, 46, 100, 0, 'Cotes'),
(4247, 47, 100, 6, 'Muriel'),
(4248, 49, 100, 5, 'Lubián'),
(4249, 50, 100, 8, 'Erla'),
(4250, 3, 101, 4, 'Pedreguer'),
(4251, 4, 101, 9, 'Viator'),
(4252, 5, 101, 2, 'Hoyocasero'),
(4253, 6, 101, 5, 'Peraleda del Zaucejo'),
(4254, 8, 101, 7, 'Hospitalet de Llobregat, L\''),
(4255, 9, 101, 0, 'Ciadoncha'),
(4256, 10, 101, 4, 'Huélaga'),
(4257, 12, 101, 6, 'San Rafael del Río'),
(4258, 16, 101, 3, 'Hito, El'),
(4259, 17, 101, 9, 'Massanes'),
(4260, 18, 101, 5, 'Huétor Vega'),
(4261, 23, 101, 0, 'Villarrodrigo'),
(4262, 24, 101, 5, 'Murias de Paredes'),
(4263, 25, 101, 8, 'Granadella, La'),
(4264, 26, 101, 1, 'Muro en Cameros'),
(4265, 28, 101, 3, 'Olmeda de las Fuentes'),
(4266, 31, 101, 7, 'Ezcabarte'),
(4267, 34, 101, 3, 'Marcilla de Campos'),
(4268, 37, 101, 5, 'Cerralbo'),
(4269, 39, 101, 4, 'Valle de Villaverde'),
(4270, 40, 101, 8, 'Hontanares de Eresma'),
(4271, 41, 101, 5, 'Villaverde del Río'),
(4272, 43, 101, 6, 'Passanant i Belltall'),
(4273, 44, 101, 1, 'Ferreruela de Huerva'),
(4274, 45, 101, 4, 'Miguel Esteban'),
(4275, 46, 101, 7, 'Quart de les Valls'),
(4276, 47, 101, 3, 'Nava del Rey'),
(4277, 49, 101, 2, 'Luelmo'),
(4278, 50, 101, 5, 'Escatrón'),
(4279, 3, 102, 9, 'Pego'),
(4280, 4, 102, 4, 'Vícar'),
(4281, 5, 102, 7, 'Hoyo de Pinares, El'),
(4282, 6, 102, 0, 'Puebla de Alcocer'),
(4283, 8, 102, 2, 'Igualada'),
(4284, 9, 102, 5, 'Cillaperlata'),
(4285, 10, 102, 9, 'Ibahernando'),
(4286, 12, 102, 1, 'Santa Magdalena de Pulpis'),
(4287, 16, 102, 8, 'Honrubia'),
(4288, 17, 102, 4, 'Maçanet de Cabrenys'),
(4289, 18, 102, 0, 'Illora'),
(4290, 19, 102, 3, 'Cubillo de Uceda, El'),
(4291, 22, 102, 9, 'Estada'),
(4292, 24, 102, 0, 'Noceda del Bierzo'),
(4293, 25, 102, 3, 'Granja d\'Escarp, La'),
(4294, 26, 102, 6, 'Nájera'),
(4295, 28, 102, 8, 'Orusco de Tajuña'),
(4296, 31, 102, 2, 'Ezkurra'),
(4297, 34, 102, 8, 'Mazariegos'),
(4298, 37, 102, 0, 'Cerro, El'),
(4299, 39, 102, 9, 'Voto'),
(4300, 41, 102, 0, 'Viso del Alcor, El'),
(4301, 43, 102, 1, 'Paüls'),
(4302, 44, 102, 6, 'Fonfría'),
(4303, 45, 102, 9, 'Mocejón'),
(4304, 46, 102, 2, 'Quart de Poblet'),
(4305, 47, 102, 8, 'Nueva Villa de las Torres'),
(4306, 49, 102, 7, 'Maderal, El'),
(4307, 50, 102, 0, 'Fabara'),
(4308, 3, 103, 5, 'Penàguila'),
(4309, 4, 103, 0, 'Zurgena'),
(4310, 5, 103, 3, 'Hoyorredondo'),
(4311, 6, 103, 6, 'Puebla de la Calzada'),
(4312, 8, 103, 8, 'Jorba'),
(4313, 9, 103, 1, 'Cilleruelo de Abajo'),
(4314, 10, 103, 5, 'Jaraicejo'),
(4315, 12, 103, 7, 'Sarratella'),
(4316, 16, 103, 4, 'Hontanaya'),
(4317, 17, 103, 0, 'Maçanet de la Selva'),
(4318, 18, 103, 6, 'Itrabo'),
(4319, 19, 103, 9, 'Checa'),
(4320, 22, 103, 5, 'Estadilla'),
(4321, 24, 103, 6, 'Oencia'),
(4322, 25, 103, 9, 'Granyanella'),
(4323, 26, 103, 2, 'Nalda'),
(4324, 31, 103, 8, 'Ezprogui'),
(4325, 34, 103, 4, 'Mazuecos de Valdeginate'),
(4326, 37, 103, 6, 'Cespedosa de Tormes'),
(4327, 40, 103, 9, 'Huertos, Los'),
(4328, 42, 103, 1, 'Langa de Duero'),
(4329, 43, 103, 7, 'Perafort'),
(4330, 44, 103, 2, 'Formiche Alto'),
(4331, 45, 103, 5, 'Mohedas de la Jara'),
(4332, 46, 103, 8, 'Quartell'),
(4333, 47, 103, 4, 'Olivares de Duero'),
(4334, 49, 103, 3, 'Madridanos'),
(4335, 3, 104, 0, 'Petrer'),
(4336, 5, 104, 8, 'Hoyos del Collado'),
(4337, 6, 104, 1, 'Puebla de la Reina'),
(4338, 8, 104, 3, 'Llacuna, La'),
(4339, 9, 104, 6, 'Cilleruelo de Arriba'),
(4340, 10, 104, 0, 'Jaraíz de la Vera'),
(4341, 12, 104, 2, 'Segorbe'),
(4342, 16, 104, 9, 'Hontecillas'),
(4343, 19, 104, 4, 'Chequilla'),
(4344, 24, 104, 1, 'Omañas, Las'),
(4345, 25, 104, 4, 'Granyena de Segarra'),
(4346, 26, 104, 7, 'Navajún'),
(4347, 28, 104, 9, 'Paracuellos de Jarama'),
(4348, 31, 104, 3, 'Falces'),
(4349, 34, 104, 9, 'Melgar de Yuso'),
(4350, 37, 104, 1, 'Cilleros de la Bastida'),
(4351, 40, 104, 4, 'Ituero y Lama'),
(4352, 43, 104, 2, 'Perelló, El'),
(4353, 45, 104, 0, 'Montearagón'),
(4354, 46, 104, 3, 'Quatretonda'),
(4355, 47, 104, 9, 'Olmedo'),
(4356, 49, 104, 8, 'Mahide'),
(4357, 50, 104, 1, 'Farlete'),
(4358, 3, 105, 3, 'Pinós, el/Pinoso'),
(4359, 5, 105, 1, 'Hoyos del Espino'),
(4360, 6, 105, 4, 'Puebla del Maestre'),
(4361, 8, 105, 6, 'Llagosta, La'),
(4362, 9, 105, 9, 'Ciruelos de Cervera'),
(4363, 10, 105, 3, 'Jarandilla de la Vera'),
(4364, 12, 105, 5, 'Sierra Engarcerán'),
(4365, 17, 105, 8, 'Mieres'),
(4366, 18, 105, 4, 'Iznalloz'),
(4367, 19, 105, 7, 'Chiloeches'),
(4368, 22, 105, 3, 'Estopiñán del Castillo'),
(4369, 24, 105, 4, 'Onzonilla'),
(4370, 25, 105, 7, 'Granyena de les Garrigues'),
(4371, 26, 105, 0, 'Navarrete'),
(4372, 31, 105, 6, 'Fitero'),
(4373, 40, 105, 7, 'Juarros de Riomoros'),
(4374, 42, 105, 9, 'Liceras'),
(4375, 43, 105, 5, 'Piles, Les'),
(4376, 44, 105, 0, 'Fórnoles'),
(4377, 45, 105, 3, 'Montesclaros'),
(4378, 46, 105, 6, 'Cullera'),
(4379, 47, 105, 2, 'Olmos de Esgueva'),
(4380, 49, 105, 1, 'Maire de Castroponce'),
(4381, 50, 105, 4, 'Fayón'),
(4382, 3, 106, 6, 'Planes'),
(4383, 5, 106, 4, 'Hoyos de Miguel Muñoz'),
(4384, 6, 106, 7, 'Puebla del Prior'),
(4385, 8, 106, 9, 'Llinars del Vallès'),
(4386, 10, 106, 6, 'Jarilla'),
(4387, 12, 106, 8, 'Soneja'),
(4388, 16, 106, 5, 'Horcajo de Santiago'),
(4389, 17, 106, 1, 'Mollet de Peralada'),
(4390, 19, 106, 0, 'Chillarón del Rey'),
(4391, 22, 106, 6, 'Fago'),
(4392, 24, 106, 7, 'Oseja de Sajambre'),
(4393, 26, 106, 3, 'Nestares'),
(4394, 28, 106, 5, 'Parla'),
(4395, 31, 106, 9, 'Fontellas'),
(4396, 34, 106, 5, 'Meneses de Campos'),
(4397, 37, 106, 7, 'Cipérez'),
(4398, 40, 106, 0, 'Juarros de Voltoya'),
(4399, 42, 106, 2, 'Losilla, La'),
(4400, 43, 106, 8, 'Pinell de Brai, El'),
(4401, 44, 106, 3, 'Fortanete'),
(4402, 45, 106, 6, 'Mora'),
(4403, 46, 106, 9, 'Chelva'),
(4404, 47, 106, 5, 'Olmos de Peñafiel'),
(4405, 50, 106, 7, 'Fayos, Los'),
(4406, 3, 107, 2, 'Polop'),
(4407, 5, 107, 0, 'Hurtumpascual'),
(4408, 6, 107, 3, 'Puebla de Obando'),
(4409, 8, 107, 5, 'Lliçà d\'Amunt'),
(4410, 10, 107, 2, 'Jerte'),
(4411, 12, 107, 4, 'Sot de Ferrer'),
(4412, 16, 107, 1, 'Huélamo'),
(4413, 17, 107, 7, 'Molló'),
(4414, 18, 107, 3, 'Jayena'),
(4415, 19, 107, 6, 'Driebes'),
(4416, 22, 107, 2, 'Fanlo'),
(4417, 24, 107, 3, 'Pajares de los Oteros'),
(4418, 26, 107, 9, 'Nieva de Cameros'),
(4419, 28, 107, 1, 'Patones'),
(4420, 31, 107, 5, 'Funes'),
(4421, 34, 107, 1, 'Micieces de Ojeda'),
(4422, 37, 107, 3, 'Ciudad Rodrigo'),
(4423, 40, 107, 6, 'Labajos'),
(4424, 42, 107, 8, 'Magaña'),
(4425, 43, 107, 4, 'Pira'),
(4426, 44, 107, 9, 'Foz-Calanda'),
(4427, 45, 107, 2, 'Nambroca'),
(4428, 46, 107, 5, 'Chella'),
(4429, 49, 107, 0, 'Malva'),
(4430, 50, 107, 3, 'Figueruelas'),
(4431, 5, 108, 6, 'Junciana'),
(4432, 6, 108, 9, 'Puebla de Sancho Pérez'),
(4433, 8, 108, 1, 'Lliçà de Vall'),
(4434, 9, 108, 4, 'Cogollos'),
(4435, 10, 108, 8, 'Ladrillar'),
(4436, 12, 108, 0, 'Sueras/Suera'),
(4437, 16, 108, 7, 'Huelves'),
(4438, 18, 108, 9, 'Jerez del Marquesado'),
(4439, 19, 108, 2, 'Durón'),
(4440, 24, 108, 9, 'Palacios de la Valduerna'),
(4441, 26, 108, 5, 'Ocón'),
(4442, 28, 108, 7, 'Pedrezuela'),
(4443, 31, 108, 1, 'Fustiñana'),
(4444, 34, 108, 7, 'Monzón de Campos'),
(4445, 37, 108, 9, 'Coca de Alba'),
(4446, 40, 108, 2, 'Laguna de Contreras'),
(4447, 42, 108, 4, 'Maján'),
(4448, 43, 108, 0, 'Pla de Santa Maria, El'),
(4449, 44, 108, 5, 'Fresneda, La'),
(4450, 45, 108, 8, 'Nava de Ricomalillo, La'),
(4451, 46, 108, 1, 'Chera'),
(4452, 49, 108, 6, 'Manganeses de la Lampreana'),
(4453, 50, 108, 9, 'Fombuena'),
(4454, 3, 109, 1, 'Rafal'),
(4455, 5, 109, 9, 'Langa'),
(4456, 6, 109, 2, 'Quintana de la Serena'),
(4457, 8, 109, 4, 'Lluçà'),
(4458, 9, 109, 7, 'Condado de Treviño'),
(4459, 10, 109, 1, 'Logrosán'),
(4460, 12, 109, 3, 'Tales'),
(4461, 16, 109, 0, 'Huérguina'),
(4462, 17, 109, 6, 'Montagut i Oix'),
(4463, 18, 109, 2, 'Jete'),
(4464, 19, 109, 5, 'Embid'),
(4465, 22, 109, 1, 'Fiscal'),
(4466, 24, 109, 2, 'Palacios del Sil'),
(4467, 25, 109, 5, 'Guimerà'),
(4468, 26, 109, 8, 'Ochánduri'),
(4469, 28, 109, 0, 'Pelayos de la Presa'),
(4470, 31, 109, 4, 'Galar'),
(4471, 34, 109, 0, 'Moratinos'),
(4472, 37, 109, 2, 'Colmenar de Montemayor'),
(4473, 40, 109, 5, 'Languilla'),
(4474, 43, 109, 3, 'Pobla de Mafumet, La'),
(4475, 44, 109, 8, 'Frías de Albarracín'),
(4476, 45, 109, 1, 'Navahermosa'),
(4477, 46, 109, 4, 'Cheste'),
(4478, 47, 109, 0, 'Palazuelo de Vedija'),
(4479, 49, 109, 9, 'Manganeses de la Polvorosa'),
(4480, 50, 109, 2, 'Frago, El'),
(4481, 3, 110, 5, 'Ràfol d\'Almúnia, El'),
(4482, 5, 110, 3, 'Lanzahíta'),
(4483, 6, 110, 6, 'Reina'),
(4484, 8, 110, 8, 'Malgrat de Mar'),
(4485, 9, 110, 1, 'Contreras'),
(4486, 10, 110, 5, 'Losar de la Vera'),
(4487, 12, 110, 7, 'Teresa'),
(4488, 16, 110, 4, 'Huerta de la Obispalía'),
(4489, 17, 110, 0, 'Mont-ras'),
(4490, 19, 110, 9, 'Escamilla'),
(4491, 22, 110, 5, 'Fonz'),
(4492, 24, 110, 6, 'Páramo del Sil'),
(4493, 25, 110, 9, 'Guissona'),
(4494, 26, 110, 2, 'Ojacastro'),
(4495, 28, 110, 4, 'Perales de Tajuña'),
(4496, 31, 110, 8, 'Gallipienzo/Galipentzu'),
(4497, 34, 110, 4, 'Mudá'),
(4498, 37, 110, 6, 'Cordovilla'),
(4499, 40, 110, 9, 'Lastras de Cuéllar'),
(4500, 42, 110, 1, 'Matalebreras'),
(4501, 43, 110, 7, 'Pobla de Massaluca, La'),
(4502, 44, 110, 2, 'Fuenferrada'),
(4503, 45, 110, 5, 'Navalcán'),
(4504, 46, 110, 8, 'Xirivella'),
(4505, 47, 110, 4, 'Parrilla, La'),
(4506, 49, 110, 3, 'Manzanal de Arriba'),
(4507, 50, 110, 6, 'Frasno, El'),
(4508, 3, 111, 2, 'Redován'),
(4509, 6, 111, 3, 'Rena'),
(4510, 8, 111, 5, 'Malla'),
(4511, 10, 111, 2, 'Madrigal de la Vera'),
(4512, 12, 111, 4, 'Tírig'),
(4513, 16, 111, 1, 'Huerta del Marquesado'),
(4514, 17, 111, 7, 'Navata'),
(4515, 18, 111, 3, 'Jun'),
(4516, 19, 111, 6, 'Escariche'),
(4517, 22, 111, 2, 'Foradada del Toscar'),
(4518, 25, 111, 6, 'Guixers'),
(4519, 26, 111, 9, 'Ollauri'),
(4520, 28, 111, 1, 'Pezuela de las Torres'),
(4521, 31, 111, 5, 'Gallués/Galoze'),
(4522, 40, 111, 6, 'Lastras del Pozo'),
(4523, 42, 111, 8, 'Matamala de Almazán'),
(4524, 43, 111, 4, 'Pobla de Montornès, La'),
(4525, 44, 111, 9, 'Fuentes Calientes'),
(4526, 45, 111, 2, 'Navalmoralejo'),
(4527, 46, 111, 5, 'Chiva'),
(4528, 47, 111, 1, 'Pedraja de Portillo, La'),
(4529, 49, 111, 0, 'Manzanal del Barco'),
(4530, 50, 111, 3, 'Fréscano'),
(4531, 3, 112, 7, 'Relleu'),
(4532, 5, 112, 5, 'Losar del Barco, El'),
(4533, 6, 112, 8, 'Retamal de Llerena'),
(4534, 8, 112, 0, 'Manlleu'),
(4535, 9, 112, 3, 'Coruña del Conde'),
(4536, 10, 112, 7, 'Madrigalejo'),
(4537, 12, 112, 9, 'Todolella'),
(4538, 16, 112, 6, 'Huete'),
(4539, 17, 112, 2, 'Ogassa'),
(4540, 18, 112, 8, 'Juviles'),
(4541, 19, 112, 1, 'Escopete'),
(4542, 22, 112, 7, 'Fraga'),
(4543, 24, 112, 8, 'Peranzanes'),
(4544, 25, 112, 1, 'Ivars de Noguera'),
(4545, 26, 112, 4, 'Ortigosa de Cameros'),
(4546, 28, 112, 6, 'Pinilla del Valle'),
(4547, 31, 112, 0, 'Garaioa'),
(4548, 34, 112, 6, 'Nogal de las Huertas'),
(4549, 37, 112, 8, 'Cristóbal'),
(4550, 40, 112, 1, 'Lastrilla, La'),
(4551, 43, 112, 9, 'Poboleda'),
(4552, 44, 112, 4, 'Fuentes Claras'),
(4553, 45, 112, 7, 'Navalmorales, Los'),
(4554, 46, 112, 0, 'Chulilla'),
(4555, 47, 112, 6, 'Pedrajas de San Esteban'),
(4556, 49, 112, 5, 'Manzanal de los Infantes'),
(4557, 3, 113, 3, 'Rojales'),
(4558, 5, 113, 1, 'Llanos de Tormes, Los'),
(4559, 6, 113, 4, 'Ribera del Fresno'),
(4560, 8, 113, 6, 'Manresa'),
(4561, 9, 113, 9, 'Covarrubias'),
(4562, 10, 113, 3, 'Madroñera'),
(4563, 12, 113, 5, 'Toga'),
(4564, 16, 113, 2, 'Iniesta'),
(4565, 19, 113, 7, 'Espinosa de Henares'),
(4566, 22, 113, 3, 'Fueva, La'),
(4567, 24, 113, 4, 'Pobladura de Pelayo García'),
(4568, 25, 113, 7, 'Ivars d\'Urgell'),
(4569, 26, 113, 0, 'Pazuengos'),
(4570, 28, 113, 2, 'Pinto'),
(4571, 31, 113, 6, 'Garde'),
(4572, 34, 113, 2, 'Olea de Boedo'),
(4573, 37, 113, 4, 'Cubo de Don Sancho, El'),
(4574, 40, 113, 7, 'Losa, La'),
(4575, 42, 113, 9, 'Medinaceli'),
(4576, 43, 113, 5, 'Pont d\'Armentera, El'),
(4577, 44, 113, 0, 'Fuentes de Rubielos'),
(4578, 45, 113, 3, 'Navalucillos, Los'),
(4579, 46, 113, 6, 'Daimús'),
(4580, 47, 113, 2, 'Pedrosa del Rey'),
(4581, 49, 113, 1, 'Matilla de Arzón'),
(4582, 50, 113, 4, 'Fuendejalón'),
(4583, 3, 114, 8, 'Romana, la'),
(4584, 5, 114, 6, 'Madrigal de las Altas Torres'),
(4585, 6, 114, 9, 'Risco'),
(4586, 8, 114, 1, 'Martorell'),
(4587, 9, 114, 4, 'Cubillo del Campo'),
(4588, 10, 114, 8, 'Majadas'),
(4589, 12, 114, 0, 'Torás'),
(4590, 17, 114, 3, 'Olot'),
(4591, 18, 114, 9, 'Calahorra, La'),
(4592, 19, 114, 2, 'Esplegares'),
(4593, 22, 114, 8, 'Gistaín'),
(4594, 24, 114, 9, 'Pola de Gordón, La'),
(4595, 25, 114, 2, 'Ivorra'),
(4596, 26, 114, 5, 'Pedroso'),
(4597, 28, 114, 7, 'Piñuécar-Gandullas'),
(4598, 31, 114, 1, 'Garínoain'),
(4599, 34, 114, 7, 'Olmos de Ojeda'),
(4600, 37, 114, 9, 'Chagarcía Medianero'),
(4601, 43, 114, 0, 'Porrera'),
(4602, 44, 114, 5, 'Fuentespalda'),
(4603, 45, 114, 8, 'Navamorcuende'),
(4604, 46, 114, 1, 'Domeño'),
(4605, 47, 114, 7, 'Peñafiel'),
(4606, 49, 114, 6, 'Matilla la Seca'),
(4607, 50, 114, 9, 'Fuendetodos'),
(4608, 3, 115, 1, 'Sagra'),
(4609, 5, 115, 9, 'Maello'),
(4610, 6, 115, 2, 'Roca de la Sierra, La'),
(4611, 8, 115, 4, 'Martorelles'),
(4612, 9, 115, 7, 'Cubo de Bureba'),
(4613, 10, 115, 1, 'Malpartida de Cáceres'),
(4614, 12, 115, 3, 'Toro, El'),
(4615, 16, 115, 0, 'Laguna del Marquesado'),
(4616, 17, 115, 6, 'Ordis'),
(4617, 18, 115, 2, 'Láchar'),
(4618, 19, 115, 5, 'Establés'),
(4619, 22, 115, 1, 'Grado, El'),
(4620, 24, 115, 2, 'Ponferrada'),
(4621, 25, 115, 5, 'Isona i Conca Dellà'),
(4622, 26, 115, 8, 'Pinillos'),
(4623, 28, 115, 0, 'Pozuelo de Alarcón'),
(4624, 31, 115, 4, 'Garralda'),
(4625, 37, 115, 2, 'Dios le Guarde'),
(4626, 40, 115, 5, 'Maderuelo'),
(4627, 42, 115, 7, 'Miño de Medinaceli'),
(4628, 43, 115, 3, 'Pradell de la Teixeta'),
(4629, 44, 115, 8, 'Galve'),
(4630, 45, 115, 1, 'Noblejas'),
(4631, 46, 115, 4, 'Dos Aguas'),
(4632, 47, 115, 0, 'Peñaflor de Hornija'),
(4633, 49, 115, 9, 'Mayalde'),
(4634, 50, 115, 2, 'Fuentes de Ebro'),
(4635, 3, 116, 4, 'Salinas'),
(4636, 5, 116, 2, 'Malpartida de Corneja'),
(4637, 6, 116, 5, 'Salvaleón'),
(4638, 8, 116, 7, 'Masies de Roda, Les'),
(4639, 10, 116, 4, 'Malpartida de Plasencia'),
(4640, 12, 116, 6, 'Torralba del Pinar'),
(4641, 16, 116, 3, 'Lagunaseca'),
(4642, 17, 116, 9, 'Osor'),
(4643, 18, 116, 5, 'Lanjarón'),
(4644, 19, 116, 8, 'Estriégana'),
(4645, 22, 116, 4, 'Grañén'),
(4646, 24, 116, 5, 'Posada de Valdeón'),
(4647, 28, 116, 3, 'Pozuelo del Rey'),
(4648, 31, 116, 7, 'Genevilla'),
(4649, 34, 116, 3, 'Osornillo'),
(4650, 37, 116, 5, 'Doñinos de Ledesma'),
(4651, 42, 116, 0, 'Miño de San Esteban'),
(4652, 43, 116, 6, 'Prades'),
(4653, 44, 116, 1, 'Gargallo'),
(4654, 45, 116, 4, 'Noez'),
(4655, 46, 116, 7, 'Eliana, l\''),
(4656, 47, 116, 3, 'Pesquera de Duero'),
(4657, 49, 116, 2, 'Melgar de Tera'),
(4658, 50, 116, 5, 'Fuentes de Jiloca'),
(4659, 3, 117, 0, 'Sanet y Negrals'),
(4660, 5, 117, 8, 'Mamblas'),
(4661, 6, 117, 1, 'Salvatierra de los Barros'),
(4662, 8, 117, 3, 'Masies de Voltregà, Les'),
(4663, 9, 117, 6, 'Cueva de Roa, La'),
(4664, 10, 117, 0, 'Marchagaz'),
(4665, 12, 117, 2, 'Torreblanca'),
(4666, 16, 117, 9, 'Landete'),
(4667, 17, 117, 5, 'Palafrugell'),
(4668, 18, 117, 1, 'Lanteira'),
(4669, 19, 117, 4, 'Fontanar'),
(4670, 22, 117, 0, 'Graus'),
(4671, 24, 117, 1, 'Pozuelo del Páramo'),
(4672, 26, 117, 7, 'Pradejón'),
(4673, 28, 117, 9, 'Prádena del Rincón'),
(4674, 31, 117, 3, 'Goizueta'),
(4675, 37, 117, 1, 'Doñinos de Salamanca'),
(4676, 42, 117, 6, 'Molinos de Duero'),
(4677, 43, 117, 2, 'Prat de Comte');
INSERT INTO `municipios` (`id_municipio`, `id_provincia`, `cod_municipio`, `DC`, `nombre`) VALUES
(4678, 44, 117, 7, 'Gea de Albarracín'),
(4679, 45, 117, 0, 'Nombela'),
(4680, 46, 117, 3, 'Emperador'),
(4681, 47, 117, 9, 'Piña de Esgueva'),
(4682, 49, 117, 8, 'Micereces de Tera'),
(4683, 50, 117, 1, 'Gallocanta'),
(4684, 3, 118, 6, 'San Fulgencio'),
(4685, 5, 118, 4, 'Mancera de Arriba'),
(4686, 6, 118, 7, 'Sancti-Spíritus'),
(4687, 8, 118, 9, 'Masnou, El'),
(4688, 10, 118, 6, 'Mata de Alcántara'),
(4689, 12, 118, 8, 'Torrechiva'),
(4690, 16, 118, 5, 'Ledaña'),
(4691, 17, 118, 1, 'Palamós'),
(4692, 19, 118, 0, 'Fuembellida'),
(4693, 24, 118, 7, 'Prado de la Guzpeña'),
(4694, 25, 118, 0, 'Juncosa'),
(4695, 26, 118, 3, 'Pradillo'),
(4696, 28, 118, 5, 'Puebla de la Sierra'),
(4697, 31, 118, 9, 'Goñi'),
(4698, 37, 118, 7, 'Ejeme'),
(4699, 40, 118, 0, 'Marazuela'),
(4700, 42, 118, 2, 'Momblona'),
(4701, 43, 118, 8, 'Pratdip'),
(4702, 44, 118, 3, 'Ginebrosa, La'),
(4703, 45, 118, 6, 'Novés'),
(4704, 46, 118, 9, 'Enguera'),
(4705, 47, 118, 5, 'Piñel de Abajo'),
(4706, 49, 118, 4, 'Milles de la Polvorosa'),
(4707, 50, 118, 7, 'Gallur'),
(4708, 3, 119, 9, 'Sant Joan d\'Alacant'),
(4709, 5, 119, 7, 'Manjabálago'),
(4710, 6, 119, 0, 'San Pedro de Mérida'),
(4711, 8, 119, 2, 'Masquefa'),
(4712, 9, 119, 5, 'Cuevas de San Clemente'),
(4713, 10, 119, 9, 'Membrío'),
(4714, 12, 119, 1, 'Torre d\'En Besora, la'),
(4715, 16, 119, 8, 'Leganiel'),
(4716, 17, 119, 4, 'Palau de Santa Eulàlia'),
(4717, 18, 119, 0, 'Lecrín'),
(4718, 19, 119, 3, 'Fuencemillán'),
(4719, 22, 119, 9, 'Gurrea de Gállego'),
(4720, 24, 119, 0, 'Priaranza del Bierzo'),
(4721, 25, 119, 3, 'Juneda'),
(4722, 26, 119, 6, 'Préjano'),
(4723, 28, 119, 8, 'Quijorna'),
(4724, 31, 119, 2, 'Güesa/Gorza'),
(4725, 37, 119, 0, 'Encina, La'),
(4726, 40, 119, 3, 'Martín Miguel'),
(4727, 42, 119, 5, 'Monteagudo de las Vicarías'),
(4728, 43, 119, 1, 'Puigpelat'),
(4729, 44, 119, 6, 'Griegos'),
(4730, 45, 119, 9, 'Numancia de la Sagra'),
(4731, 46, 119, 2, 'Ènova, l\''),
(4732, 47, 119, 8, 'Piñel de Arriba'),
(4733, 49, 119, 7, 'Molacillos'),
(4734, 50, 119, 0, 'Gelsa'),
(4735, 3, 120, 3, 'San Miguel de Salinas'),
(4736, 5, 120, 1, 'Marlín'),
(4737, 6, 120, 4, 'Santa Amalia'),
(4738, 8, 120, 6, 'Matadepera'),
(4739, 9, 120, 9, 'Encío'),
(4740, 10, 120, 3, 'Mesas de Ibor'),
(4741, 12, 120, 5, 'Torre d\'en Doménec, la'),
(4742, 17, 120, 8, 'Palau-saverdera'),
(4743, 18, 120, 4, 'Lentegí'),
(4744, 19, 120, 7, 'Fuentelahiguera de Albatages'),
(4745, 24, 120, 4, 'Prioro'),
(4746, 25, 120, 7, 'Lleida'),
(4747, 26, 120, 0, 'Quel'),
(4748, 28, 120, 2, 'Rascafría'),
(4749, 31, 120, 6, 'Guesálaz/Gesalatz'),
(4750, 34, 120, 2, 'Palencia'),
(4751, 37, 120, 4, 'Encina de San Silvestre'),
(4752, 40, 120, 7, 'Martín Muñoz de la Dehesa'),
(4753, 42, 120, 9, 'Montejo de Tiermes'),
(4754, 43, 120, 5, 'Querol'),
(4755, 44, 120, 0, 'Guadalaviar'),
(4756, 45, 120, 3, 'Nuño Gómez'),
(4757, 46, 120, 6, 'Estivella'),
(4758, 49, 120, 1, 'Molezuelas de la Carballeda'),
(4759, 50, 120, 4, 'Godojos'),
(4760, 3, 121, 0, 'Santa Pola'),
(4761, 5, 121, 8, 'Martiherrero'),
(4762, 6, 121, 1, 'Santa Marta'),
(4763, 8, 121, 3, 'Mataró'),
(4764, 10, 121, 0, 'Miajadas'),
(4765, 12, 121, 2, 'Traiguera'),
(4766, 16, 121, 9, 'Majadas, Las'),
(4767, 17, 121, 5, 'Palau-sator'),
(4768, 18, 121, 1, 'Lobras'),
(4769, 19, 121, 4, 'Fuentelencina'),
(4770, 24, 121, 1, 'Puebla de Lillo'),
(4771, 25, 121, 4, 'Les'),
(4772, 26, 121, 7, 'Rabanera'),
(4773, 28, 121, 9, 'Redueña'),
(4774, 31, 121, 3, 'Guirguillano'),
(4775, 34, 121, 9, 'Palenzuela'),
(4776, 37, 121, 1, 'Encinas de Abajo'),
(4777, 40, 121, 4, 'Martín Muñoz de las Posadas'),
(4778, 42, 121, 6, 'Montenegro de Cameros'),
(4779, 43, 121, 2, 'Rasquera'),
(4780, 44, 121, 7, 'Gúdar'),
(4781, 45, 121, 0, 'Ocaña'),
(4782, 46, 121, 3, 'Estubeny'),
(4783, 47, 121, 9, 'Pollos'),
(4784, 49, 121, 8, 'Mombuey'),
(4785, 50, 121, 1, 'Gotor'),
(4786, 3, 122, 5, 'San Vicente del Raspeig/Sant Vicent del Raspeig'),
(4787, 5, 122, 3, 'Martínez'),
(4788, 6, 122, 6, 'Santos de Maimona, Los'),
(4789, 8, 122, 8, 'Mediona'),
(4790, 9, 122, 1, 'Espinosa de Cervera'),
(4791, 10, 122, 5, 'Millanes'),
(4792, 12, 122, 7, 'Useras/Useres, les'),
(4793, 16, 122, 4, 'Mariana'),
(4794, 18, 122, 6, 'Loja'),
(4795, 19, 122, 9, 'Fuentelsaz'),
(4796, 22, 122, 5, 'Hoz de Jaca'),
(4797, 24, 122, 6, 'Puente de Domingo Flórez'),
(4798, 25, 122, 9, 'Linyola'),
(4799, 26, 122, 2, 'Rasillo de Cameros, El'),
(4800, 28, 122, 4, 'Ribatejada'),
(4801, 31, 122, 8, 'Huarte/Uharte'),
(4802, 34, 122, 4, 'Páramo de Boedo'),
(4803, 37, 122, 6, 'Encinas de Arriba'),
(4804, 40, 122, 9, 'Marugán'),
(4805, 43, 122, 7, 'Renau'),
(4806, 44, 122, 2, 'Híjar'),
(4807, 45, 122, 5, 'Olías del Rey'),
(4808, 46, 122, 8, 'Faura'),
(4809, 47, 122, 4, 'Portillo'),
(4810, 49, 122, 3, 'Monfarracinos'),
(4811, 50, 122, 6, 'Grisel'),
(4812, 3, 123, 1, 'Sax'),
(4813, 5, 123, 9, 'Mediana de Voltoya'),
(4814, 6, 123, 2, 'San Vicente de Alcántara'),
(4815, 8, 123, 4, 'Molins de Rei'),
(4816, 9, 123, 7, 'Espinosa del Camino'),
(4817, 10, 123, 1, 'Mirabel'),
(4818, 12, 123, 3, 'Vallat'),
(4819, 16, 123, 0, 'Masegosa'),
(4820, 17, 123, 6, 'Palol de Revardit'),
(4821, 18, 123, 2, 'Lugros'),
(4822, 19, 123, 5, 'Fuentelviejo'),
(4823, 24, 123, 2, 'Quintana del Castillo'),
(4824, 25, 123, 5, 'Lladorre'),
(4825, 26, 123, 8, 'Redal, El'),
(4826, 28, 123, 0, 'Rivas-Vaciamadrid'),
(4827, 31, 123, 4, 'Uharte-Arakil'),
(4828, 34, 123, 0, 'Paredes de Nava'),
(4829, 37, 123, 2, 'Encinasola de los Comendadores'),
(4830, 40, 123, 5, 'Matabuena'),
(4831, 42, 123, 7, 'Morón de Almazán'),
(4832, 43, 123, 3, 'Reus'),
(4833, 44, 123, 8, 'Hinojosa de Jarque'),
(4834, 45, 123, 1, 'Ontígola'),
(4835, 46, 123, 4, 'Favara'),
(4836, 47, 123, 0, 'Pozal de Gallinas'),
(4837, 49, 123, 9, 'Montamarta'),
(4838, 50, 123, 2, 'Grisén'),
(4839, 3, 124, 6, 'Sella'),
(4840, 5, 124, 4, 'Medinilla'),
(4841, 6, 124, 7, 'Segura de León'),
(4842, 8, 124, 9, 'Mollet del Vallès'),
(4843, 9, 124, 2, 'Espinosa de los Monteros'),
(4844, 10, 124, 6, 'Mohedas de Granadilla'),
(4845, 12, 124, 8, 'Vall d\'Alba'),
(4846, 16, 124, 5, 'Mesas, Las'),
(4847, 17, 124, 1, 'Pals'),
(4848, 18, 124, 7, 'Lújar'),
(4849, 19, 124, 0, 'Fuentenovilla'),
(4850, 22, 124, 6, 'Huerto'),
(4851, 24, 124, 7, 'Quintana del Marco'),
(4852, 25, 124, 0, 'Lladurs'),
(4853, 26, 124, 3, 'Ribafrecha'),
(4854, 28, 124, 5, 'Robledillo de la Jara'),
(4855, 31, 124, 9, 'Ibargoiti'),
(4856, 34, 124, 5, 'Payo de Ojeda'),
(4857, 37, 124, 7, 'Endrinal'),
(4858, 40, 124, 0, 'Mata de Cuéllar'),
(4859, 42, 124, 2, 'Muriel de la Fuente'),
(4860, 43, 124, 8, 'Riba, La'),
(4861, 44, 124, 3, 'Hoz de la Vieja, La'),
(4862, 45, 124, 6, 'Orgaz'),
(4863, 46, 124, 9, 'Fontanars dels Alforins'),
(4864, 47, 124, 5, 'Pozaldez'),
(4865, 49, 124, 4, 'Moral de Sayago'),
(4866, 50, 124, 7, 'Herrera de los Navarros'),
(4867, 3, 125, 9, 'Senija'),
(4868, 5, 125, 7, 'Mengamuñoz'),
(4869, 6, 125, 0, 'Siruela'),
(4870, 8, 125, 2, 'Montcada i Reixac'),
(4871, 9, 125, 5, 'Estépar'),
(4872, 10, 125, 9, 'Monroy'),
(4873, 12, 125, 1, 'Vall de Almonacid'),
(4874, 16, 125, 8, 'Minglanilla'),
(4875, 17, 125, 4, 'Pardines'),
(4876, 19, 125, 3, 'Gajanejos'),
(4877, 22, 125, 9, 'Huesca'),
(4878, 24, 125, 0, 'Quintana y Congosto'),
(4879, 25, 125, 3, 'Llardecans'),
(4880, 26, 125, 6, 'Rincón de Soto'),
(4881, 28, 125, 8, 'Robledo de Chavela'),
(4882, 31, 125, 2, 'Igúzquiza'),
(4883, 34, 125, 8, 'Pedraza de Campos'),
(4884, 37, 125, 0, 'Escurial de la Sierra'),
(4885, 40, 125, 3, 'Matilla, La'),
(4886, 42, 125, 5, 'Muriel Viejo'),
(4887, 43, 125, 1, 'Riba-roja d\'Ebre'),
(4888, 44, 125, 6, 'Huesa del Común'),
(4889, 45, 125, 9, 'Oropesa'),
(4890, 46, 125, 2, 'Fortaleny'),
(4891, 47, 125, 8, 'Pozuelo de la Orden'),
(4892, 49, 125, 7, 'Moraleja del Vino'),
(4893, 50, 125, 0, 'Ibdes'),
(4894, 5, 126, 0, 'Mesegar de Corneja'),
(4895, 6, 126, 3, 'Solana de los Barros'),
(4896, 8, 126, 5, 'Montgat'),
(4897, 10, 126, 2, 'Montánchez'),
(4898, 12, 126, 4, 'Vall d\'Uixó, la'),
(4899, 16, 126, 1, 'Mira'),
(4900, 17, 126, 7, 'Parlavà'),
(4901, 18, 126, 3, 'Malahá, La'),
(4902, 19, 126, 6, 'Galápagos'),
(4903, 22, 126, 2, 'Ibieca'),
(4904, 25, 126, 6, 'Llavorsí'),
(4905, 26, 126, 9, 'Robres del Castillo'),
(4906, 28, 126, 1, 'Robregordo'),
(4907, 31, 126, 5, 'Imotz'),
(4908, 34, 126, 1, 'Pedrosa de la Vega'),
(4909, 37, 126, 3, 'Espadaña'),
(4910, 40, 126, 6, 'Melque de Cercos'),
(4911, 43, 126, 4, 'Riera de Gaià, La'),
(4912, 44, 126, 9, 'Iglesuela del Cid, La'),
(4913, 45, 126, 2, 'Otero'),
(4914, 46, 126, 5, 'Foios'),
(4915, 47, 126, 1, 'Puras'),
(4916, 49, 126, 0, 'Moraleja de Sayago'),
(4917, 50, 126, 3, 'Illueca'),
(4918, 3, 127, 8, 'Tàrbena'),
(4919, 5, 127, 6, 'Mijares'),
(4920, 6, 127, 9, 'Talarrubias'),
(4921, 8, 127, 1, 'Monistrol de Montserrat'),
(4922, 9, 127, 4, 'Fontioso'),
(4923, 10, 127, 8, 'Montehermoso'),
(4924, 12, 127, 0, 'Vallibona'),
(4925, 18, 127, 9, 'Maracena'),
(4926, 19, 127, 2, 'Galve de Sorbe'),
(4927, 22, 127, 8, 'Igriés'),
(4928, 24, 127, 9, 'Regueras de Arriba'),
(4929, 25, 127, 2, 'Lles de Cerdanya'),
(4930, 26, 127, 5, 'Rodezno'),
(4931, 28, 127, 7, 'Rozas de Madrid, Las'),
(4932, 31, 127, 1, 'Irañeta'),
(4933, 34, 127, 7, 'Perales'),
(4934, 37, 127, 9, 'Espeja'),
(4935, 40, 127, 2, 'Membibre de la Hoz'),
(4936, 42, 127, 4, 'Nafría de Ucero'),
(4937, 43, 127, 0, 'Riudecanyes'),
(4938, 44, 127, 5, 'Jabaloyas'),
(4939, 45, 127, 8, 'Palomeque'),
(4940, 46, 127, 1, 'Font d\'En Carròs, la'),
(4941, 47, 127, 7, 'Quintanilla de Arriba'),
(4942, 49, 127, 6, 'Morales del Vino'),
(4943, 3, 128, 4, 'Teulada'),
(4944, 5, 128, 2, 'Mingorría'),
(4945, 6, 128, 5, 'Talavera la Real'),
(4946, 8, 128, 7, 'Monistrol de Calders'),
(4947, 9, 128, 0, 'Frandovínez'),
(4948, 10, 128, 4, 'Moraleja'),
(4949, 12, 128, 6, 'Vilafamés'),
(4950, 16, 128, 3, 'Monreal del Llano'),
(4951, 17, 128, 9, 'Pau'),
(4952, 18, 128, 5, 'Marchal'),
(4953, 22, 128, 4, 'Ilche'),
(4954, 25, 128, 8, 'Llimiana'),
(4955, 26, 128, 1, 'Sajazarra'),
(4956, 28, 128, 3, 'Rozas de Puerto Real'),
(4957, 31, 128, 7, 'Isaba/Izaba'),
(4958, 37, 128, 5, 'Espino de la Orbada'),
(4959, 40, 128, 8, 'Migueláñez'),
(4960, 42, 128, 0, 'Narros'),
(4961, 43, 128, 6, 'Riudecols'),
(4962, 44, 128, 1, 'Jarque de la Val'),
(4963, 45, 128, 4, 'Pantoja'),
(4964, 46, 128, 7, 'Font de la Figuera, la'),
(4965, 47, 128, 3, 'Quintanilla del Molar'),
(4966, 49, 128, 2, 'Morales de Rey'),
(4967, 50, 128, 5, 'Isuerre'),
(4968, 3, 129, 7, 'Tibi'),
(4969, 5, 129, 5, 'Mirón, El'),
(4970, 6, 129, 8, 'Táliga'),
(4971, 8, 129, 0, 'Muntanyola'),
(4972, 9, 129, 3, 'Fresneda de la Sierra Tirón'),
(4973, 10, 129, 7, 'Morcillo'),
(4974, 12, 129, 9, 'Villafranca del Cid/Vilafranca'),
(4975, 16, 129, 6, 'Montalbanejo'),
(4976, 17, 129, 2, 'Pedret i Marzà'),
(4977, 19, 129, 1, 'Gascueña de Bornova'),
(4978, 22, 129, 7, 'Isábena'),
(4979, 24, 129, 8, 'Reyero'),
(4980, 25, 129, 1, 'Llobera'),
(4981, 26, 129, 4, 'San Asensio'),
(4982, 28, 129, 6, 'San Agustín del Guadalix'),
(4983, 31, 129, 0, 'Ituren'),
(4984, 34, 129, 6, 'Pino del Río'),
(4985, 37, 129, 8, 'Florida de Liébana'),
(4986, 40, 129, 1, 'Montejo de Arévalo'),
(4987, 42, 129, 3, 'Navaleno'),
(4988, 43, 129, 9, 'Riudoms'),
(4989, 44, 129, 4, 'Jatiel'),
(4990, 45, 129, 7, 'Paredes de Escalona'),
(4991, 46, 129, 0, 'Fuenterrobles'),
(4992, 47, 129, 6, 'Quintanilla de Onésimo'),
(4993, 49, 129, 5, 'Morales de Toro'),
(4994, 50, 129, 8, 'Jaraba'),
(4995, 3, 130, 1, 'Tollos'),
(4996, 5, 130, 9, 'Mironcillo'),
(4997, 6, 130, 2, 'Tamurejo'),
(4998, 8, 130, 4, 'Montclar'),
(4999, 9, 130, 7, 'Fresneña'),
(5000, 10, 130, 1, 'Navaconcejo'),
(5001, 12, 130, 3, 'Villahermosa del Río'),
(5002, 16, 130, 0, 'Montalbo'),
(5003, 17, 130, 6, 'Pera, La'),
(5004, 19, 130, 5, 'Guadalajara'),
(5005, 22, 130, 1, 'Jaca'),
(5006, 24, 130, 2, 'Riaño'),
(5007, 25, 130, 5, 'Maldà'),
(5008, 26, 130, 8, 'San Millán de la Cogolla'),
(5009, 28, 130, 0, 'San Fernando de Henares'),
(5010, 31, 130, 4, 'Iturmendi'),
(5011, 34, 130, 0, 'Piña de Campos'),
(5012, 37, 130, 2, 'Forfoleda'),
(5013, 40, 130, 5, 'Montejo de la Vega de la Serrezuela'),
(5014, 42, 130, 7, 'Nepas'),
(5015, 43, 130, 3, 'Rocafort de Queralt'),
(5016, 44, 130, 8, 'Jorcas'),
(5017, 45, 130, 1, 'Parrillas'),
(5018, 46, 130, 4, 'Gavarda'),
(5019, 47, 130, 0, 'Quintanilla de Trigueros'),
(5020, 49, 130, 9, 'Morales de Valverde'),
(5021, 50, 130, 2, 'Jarque'),
(5022, 3, 131, 8, 'Tormos'),
(5023, 5, 131, 6, 'Mirueña de los Infanzones'),
(5024, 6, 131, 9, 'Torre de Miguel Sesmero'),
(5025, 8, 131, 1, 'Montesquiu'),
(5026, 9, 131, 4, 'Fresnillo de las Dueñas'),
(5027, 10, 131, 8, 'Navalmoral de la Mata'),
(5028, 12, 131, 0, 'Villamalur'),
(5029, 16, 131, 7, 'Monteagudo de las Salinas'),
(5030, 22, 131, 8, 'Jasa'),
(5031, 24, 131, 9, 'Riego de la Vega'),
(5032, 25, 131, 2, 'Massalcoreig'),
(5033, 26, 131, 5, 'San Millán de Yécora'),
(5034, 28, 131, 7, 'San Lorenzo de El Escorial'),
(5035, 31, 131, 1, 'Iza/Itza'),
(5036, 34, 131, 7, 'Población de Arroyo'),
(5037, 37, 131, 9, 'Frades de la Sierra'),
(5038, 40, 131, 2, 'Monterrubio'),
(5039, 42, 131, 4, 'Nolay'),
(5040, 43, 131, 0, 'Roda de Barà'),
(5041, 44, 131, 5, 'Josa'),
(5042, 45, 131, 8, 'Pelahustán'),
(5043, 46, 131, 1, 'Gandia'),
(5044, 47, 131, 7, 'Rábano'),
(5045, 49, 131, 6, 'Moralina'),
(5046, 50, 131, 9, 'Jaulín'),
(5047, 3, 132, 3, 'Torremanzanas/Torre de les Maçanes, la'),
(5048, 5, 132, 1, 'Mombeltrán'),
(5049, 6, 132, 4, 'Torremayor'),
(5050, 8, 132, 6, 'Montmajor'),
(5051, 9, 132, 9, 'Fresno de Río Tirón'),
(5052, 10, 132, 3, 'Navalvillar de Ibor'),
(5053, 12, 132, 5, 'Vilanova d\'Alcolea'),
(5054, 16, 132, 2, 'Mota de Altarejos'),
(5055, 17, 132, 8, 'Peralada'),
(5056, 18, 132, 4, 'Moclín'),
(5057, 19, 132, 7, 'Henche'),
(5058, 24, 132, 4, 'Riello'),
(5059, 25, 132, 7, 'Massoteres'),
(5060, 26, 132, 0, 'San Román de Cameros'),
(5061, 28, 132, 2, 'San Martín de la Vega'),
(5062, 31, 132, 6, 'Izagaondoa'),
(5063, 34, 132, 2, 'Población de Campos'),
(5064, 37, 132, 4, 'Fregeneda, La'),
(5065, 40, 132, 7, 'Moral de Hornuez'),
(5066, 42, 132, 9, 'Noviercas'),
(5067, 43, 132, 5, 'Rodonyà'),
(5068, 44, 132, 0, 'Lagueruela'),
(5069, 45, 132, 3, 'Pepino'),
(5070, 46, 132, 6, 'Genovés'),
(5071, 47, 132, 2, 'Ramiro'),
(5072, 49, 132, 1, 'Moreruela de los Infanzones'),
(5073, 50, 132, 4, 'Joyosa, La'),
(5074, 3, 133, 9, 'Torrevieja'),
(5075, 5, 133, 7, 'Monsalupe'),
(5076, 6, 133, 0, 'Torremejía'),
(5077, 8, 133, 2, 'Montmaneu'),
(5078, 9, 133, 5, 'Fresno de Rodilla'),
(5079, 10, 133, 9, 'Navas del Madroño'),
(5080, 12, 133, 1, 'Villanueva de Viver'),
(5081, 16, 133, 8, 'Mota del Cuervo'),
(5082, 17, 133, 4, 'Planes d\'Hostoles, Les'),
(5083, 18, 133, 0, 'Molvízar'),
(5084, 19, 133, 3, 'Heras de Ayuso'),
(5085, 22, 133, 9, 'Labuerda'),
(5086, 24, 133, 0, 'Rioseco de Tapia'),
(5087, 25, 133, 3, 'Maials'),
(5088, 28, 133, 8, 'San Martín de Valdeiglesias'),
(5089, 31, 133, 2, 'Izalzu/Itzaltzu'),
(5090, 34, 133, 8, 'Población de Cerrato'),
(5091, 37, 133, 0, 'Fresnedoso'),
(5092, 43, 133, 1, 'Roquetes'),
(5093, 44, 133, 6, 'Lanzuela'),
(5094, 45, 133, 9, 'Polán'),
(5095, 46, 133, 2, 'Gestalgar'),
(5096, 47, 133, 8, 'Renedo de Esgueva'),
(5097, 49, 133, 7, 'Moreruela de Tábara'),
(5098, 50, 133, 0, 'Lagata'),
(5099, 3, 134, 4, 'Vall d\'Alcalà, la'),
(5100, 5, 134, 2, 'Moraleja de Matacabras'),
(5101, 6, 134, 5, 'Trasierra'),
(5102, 8, 134, 7, 'Figaró-Montmany'),
(5103, 9, 134, 0, 'Frías'),
(5104, 10, 134, 4, 'Navezuelas'),
(5105, 12, 134, 6, 'Vilar de Canes'),
(5106, 16, 134, 3, 'Motilla del Palancar'),
(5107, 17, 134, 9, 'Planoles'),
(5108, 18, 134, 5, 'Monachil'),
(5109, 19, 134, 8, 'Herrería'),
(5110, 24, 134, 5, 'Robla, La'),
(5111, 25, 134, 8, 'Menàrguens'),
(5112, 26, 134, 1, 'Santa Coloma'),
(5113, 28, 134, 3, 'San Sebastián de los Reyes'),
(5114, 31, 134, 7, 'Jaurrieta'),
(5115, 34, 134, 3, 'Polentinos'),
(5116, 37, 134, 5, 'Fresno Alhándiga'),
(5117, 40, 134, 8, 'Mozoncillo'),
(5118, 42, 134, 0, 'Ólvega'),
(5119, 43, 134, 6, 'Rourell, El'),
(5120, 45, 134, 4, 'Portillo de Toledo'),
(5121, 46, 134, 7, 'Gilet'),
(5122, 47, 134, 3, 'Roales de Campos'),
(5123, 49, 134, 2, 'Muelas de los Caballeros'),
(5124, 50, 134, 5, 'Langa del Castillo'),
(5125, 3, 135, 7, 'Vall d\'Ebo, la'),
(5126, 5, 135, 5, 'Muñana'),
(5127, 6, 135, 8, 'Trujillanos'),
(5128, 8, 135, 0, 'Montmeló'),
(5129, 9, 135, 3, 'Fuentebureba'),
(5130, 10, 135, 7, 'Nuñomoral'),
(5131, 12, 135, 9, 'Vila-real'),
(5132, 16, 135, 6, 'Moya'),
(5133, 17, 135, 2, 'Pont de Molins'),
(5134, 18, 135, 8, 'Montefrío'),
(5135, 19, 135, 1, 'Hiendelaencina'),
(5136, 22, 135, 7, 'Laluenga'),
(5137, 25, 135, 1, 'Miralcamp'),
(5138, 26, 135, 4, 'Santa Engracia del Jubera'),
(5139, 28, 135, 6, 'Santa María de la Alameda'),
(5140, 31, 135, 0, 'Javier'),
(5141, 34, 135, 6, 'Pomar de Valdivia'),
(5142, 37, 135, 8, 'Fuente de San Esteban, La'),
(5143, 40, 135, 1, 'Muñopedro'),
(5144, 42, 135, 3, 'Oncala'),
(5145, 43, 135, 9, 'Salomó'),
(5146, 44, 135, 4, 'Libros'),
(5147, 45, 135, 7, 'Puebla de Almoradiel, La'),
(5148, 46, 135, 0, 'Godella'),
(5149, 47, 135, 6, 'Robladillo'),
(5150, 49, 135, 5, 'Muelas del Pan'),
(5151, 50, 135, 8, 'Layana'),
(5152, 3, 136, 0, 'Vall de Gallinera'),
(5153, 5, 136, 8, 'Muñico'),
(5154, 6, 136, 1, 'Usagre'),
(5155, 8, 136, 3, 'Montornès del Vallès'),
(5156, 9, 136, 6, 'Fuentecén'),
(5157, 10, 136, 0, 'Oliva de Plasencia'),
(5158, 12, 136, 2, 'Vilavella, la'),
(5159, 17, 136, 5, 'Pontós'),
(5160, 18, 136, 1, 'Montejícar'),
(5161, 19, 136, 4, 'Hijes'),
(5162, 22, 136, 0, 'Lalueza'),
(5163, 24, 136, 1, 'Roperuelos del Páramo'),
(5164, 25, 136, 4, 'Molsosa, La'),
(5165, 26, 136, 7, 'Santa Eulalia Bajera'),
(5166, 28, 136, 9, 'Santorcaz'),
(5167, 31, 136, 3, 'Juslapeña'),
(5168, 34, 136, 9, 'Poza de la Vega'),
(5169, 37, 136, 1, 'Fuenteguinaldo'),
(5170, 40, 136, 4, 'Muñoveros'),
(5171, 43, 136, 2, 'Sant Carles de la Ràpita'),
(5172, 44, 136, 7, 'Lidón'),
(5173, 45, 136, 0, 'Puebla de Montalbán, La'),
(5174, 46, 136, 3, 'Godelleta'),
(5175, 49, 136, 8, 'Muga de Sayago'),
(5176, 50, 136, 1, 'Lécera'),
(5177, 3, 137, 6, 'Vall de Laguar, la'),
(5178, 6, 137, 7, 'Valdecaballeros'),
(5179, 8, 137, 9, 'Montseny'),
(5180, 9, 137, 2, 'Fuentelcésped'),
(5181, 10, 137, 6, 'Palomero'),
(5182, 12, 137, 8, 'Villores'),
(5183, 16, 137, 5, 'Narboneta'),
(5184, 17, 137, 1, 'Porqueres'),
(5185, 18, 137, 7, 'Montillana'),
(5186, 22, 137, 6, 'Lanaja'),
(5187, 24, 137, 7, 'Sabero'),
(5188, 25, 137, 0, 'Mollerussa'),
(5189, 28, 137, 5, 'Santos de la Humosa, Los'),
(5190, 31, 137, 9, 'Beintza-Labaien'),
(5191, 34, 137, 5, 'Pozo de Urama'),
(5192, 37, 137, 7, 'Fuenteliante'),
(5193, 43, 137, 8, 'Sant Jaume dels Domenys'),
(5194, 44, 137, 3, 'Linares de Mora'),
(5195, 45, 137, 6, 'Pueblanueva, La'),
(5196, 46, 137, 9, 'Granja de la Costera, la'),
(5197, 47, 137, 5, 'Roturas'),
(5198, 49, 137, 4, 'Navianos de Valverde'),
(5199, 50, 137, 7, 'Leciñena'),
(5200, 3, 138, 2, 'Verger, el'),
(5201, 5, 138, 0, 'Muñogalindo'),
(5202, 6, 138, 3, 'Valdetorres'),
(5203, 8, 138, 5, 'Moià'),
(5204, 9, 138, 8, 'Fuentelisendo'),
(5205, 10, 138, 2, 'Pasarón de la Vera'),
(5206, 12, 138, 4, 'Vinaròs'),
(5207, 17, 138, 7, 'Portbou'),
(5208, 18, 138, 3, 'Moraleda de Zafayona'),
(5209, 19, 138, 6, 'Hita'),
(5210, 25, 138, 6, 'Montgai'),
(5211, 26, 138, 9, 'Santo Domingo de la Calzada'),
(5212, 28, 138, 1, 'Serna del Monte, La'),
(5213, 31, 138, 5, 'Lakuntza'),
(5214, 37, 138, 3, 'Fuenterroble de Salvatierra'),
(5215, 40, 138, 6, 'Nava de la Asunción'),
(5216, 43, 138, 4, 'Santa Bàrbara'),
(5217, 44, 138, 9, 'Loscos'),
(5218, 45, 138, 2, 'Puente del Arzobispo, El'),
(5219, 46, 138, 5, 'Guadasséquies'),
(5220, 47, 138, 1, 'Rubí de Bracamonte'),
(5221, 49, 138, 0, 'Olmillos de Castro'),
(5222, 50, 138, 3, 'Lechón'),
(5223, 3, 139, 5, 'Villajoyosa/Vila Joiosa, la'),
(5224, 5, 139, 3, 'Muñogrande'),
(5225, 6, 139, 6, 'Valencia de las Torres'),
(5226, 8, 139, 8, 'Mura'),
(5227, 9, 139, 1, 'Fuentemolinos'),
(5228, 10, 139, 5, 'Pedroso de Acim'),
(5229, 12, 139, 7, 'Vistabella del Maestrazgo'),
(5230, 16, 139, 4, 'Olivares de Júcar'),
(5231, 17, 139, 0, 'Preses, Les'),
(5232, 19, 139, 9, 'Hombrados'),
(5233, 22, 139, 5, 'Laperdiguera'),
(5234, 24, 139, 6, 'Sahagún'),
(5235, 25, 139, 9, 'Montellà i Martinet'),
(5236, 26, 139, 2, 'San Torcuato'),
(5237, 31, 139, 8, 'Lana'),
(5238, 34, 139, 4, 'Prádanos de Ojeda'),
(5239, 37, 139, 6, 'Fuentes de Béjar'),
(5240, 40, 139, 9, 'Navafría'),
(5241, 42, 139, 1, 'Pinilla del Campo'),
(5242, 43, 139, 7, 'Santa Coloma de Queralt'),
(5243, 45, 139, 5, 'Puerto de San Vicente'),
(5244, 46, 139, 8, 'Guadassuar'),
(5245, 47, 139, 4, 'Rueda'),
(5246, 49, 139, 3, 'Otero de Bodas'),
(5247, 50, 139, 6, 'Letux'),
(5248, 3, 140, 9, 'Villena'),
(5249, 5, 140, 7, 'Muñomer del Peco'),
(5250, 6, 140, 0, 'Valencia del Mombuey'),
(5251, 8, 140, 2, 'Navarcles'),
(5252, 9, 140, 5, 'Fuentenebro'),
(5253, 10, 140, 9, 'Peraleda de la Mata'),
(5254, 12, 140, 1, 'Viver'),
(5255, 16, 140, 8, 'Olmeda de la Cuesta'),
(5256, 17, 140, 4, 'Port de la Selva, El'),
(5257, 18, 140, 0, 'Motril'),
(5258, 25, 140, 3, 'Montferrer i Castellbò'),
(5259, 26, 140, 6, 'Santurde de Rioja'),
(5260, 28, 140, 8, 'Serranillos del Valle'),
(5261, 31, 140, 2, 'Lantz'),
(5262, 34, 140, 8, 'Puebla de Valdavia, La'),
(5263, 37, 140, 0, 'Fuentes de Oñoro'),
(5264, 40, 140, 3, 'Navalilla'),
(5265, 42, 140, 5, 'Portillo de Soria'),
(5266, 43, 140, 1, 'Santa Oliva'),
(5267, 45, 140, 9, 'Pulgar'),
(5268, 46, 140, 2, 'Guardamar de la Safor'),
(5269, 47, 140, 8, 'Saelices de Mayorga'),
(5270, 50, 140, 0, 'Litago'),
(5271, 5, 141, 4, 'Muñopepe'),
(5272, 6, 141, 7, 'Valencia del Ventoso'),
(5273, 8, 141, 9, 'Navàs'),
(5274, 9, 141, 2, 'Fuentespina'),
(5275, 10, 141, 6, 'Peraleda de San Román'),
(5276, 12, 141, 8, 'Zorita del Maestrazgo'),
(5277, 16, 141, 5, 'Olmeda del Rey'),
(5278, 17, 141, 1, 'Puigcerdà'),
(5279, 18, 141, 7, 'Murtas'),
(5280, 22, 141, 6, 'Lascellas-Ponzano'),
(5281, 24, 141, 7, 'San Adrián del Valle'),
(5282, 25, 141, 0, 'Montoliu de Segarra'),
(5283, 26, 141, 3, 'Santurdejo'),
(5284, 28, 141, 5, 'Sevilla la Nueva'),
(5285, 31, 141, 9, 'Lapoblación'),
(5286, 34, 141, 5, 'Quintana del Puente'),
(5287, 37, 141, 7, 'Gajates'),
(5288, 40, 141, 0, 'Navalmanzano'),
(5289, 42, 141, 2, 'Póveda de Soria, La'),
(5290, 43, 141, 8, 'Pontils'),
(5291, 44, 141, 3, 'Lledó'),
(5292, 45, 141, 6, 'Quero'),
(5293, 46, 141, 9, 'Higueruelas'),
(5294, 47, 141, 5, 'Salvador de Zapardiel'),
(5295, 49, 141, 4, 'Pajares de la Lampreana'),
(5296, 50, 141, 7, 'Lituénigo'),
(5297, 5, 142, 9, 'Muñosancho'),
(5298, 6, 142, 2, 'Valverde de Burguillos'),
(5299, 8, 142, 4, 'Nou de Berguedà, La'),
(5300, 10, 142, 1, 'Perales del Puerto'),
(5301, 12, 142, 3, 'Zucaina'),
(5302, 16, 142, 0, 'Olmedilla de Alarcón'),
(5303, 17, 142, 6, 'Quart'),
(5304, 19, 142, 5, 'Hontoba'),
(5305, 22, 142, 1, 'Lascuarre'),
(5306, 24, 142, 2, 'San Andrés del Rabanedo'),
(5307, 25, 142, 5, 'Montoliu de Lleida'),
(5308, 26, 142, 8, 'San Vicente de la Sonsierra'),
(5309, 31, 142, 4, 'Larraga'),
(5310, 37, 142, 2, 'Galindo y Perahuy'),
(5311, 40, 142, 5, 'Navares de Ayuso'),
(5312, 42, 142, 7, 'Pozalmuro'),
(5313, 43, 142, 3, 'Sarral'),
(5314, 44, 142, 8, 'Maicas'),
(5315, 45, 142, 1, 'Quintanar de la Orden'),
(5316, 46, 142, 4, 'Jalance'),
(5317, 47, 142, 0, 'San Cebrián de Mazote'),
(5318, 49, 142, 9, 'Palacios del Pan'),
(5319, 50, 142, 2, 'Lobera de Onsella'),
(5320, 5, 143, 5, 'Muñotello'),
(5321, 6, 143, 8, 'Valverde de Leganés'),
(5322, 8, 143, 0, 'Òdena'),
(5323, 9, 143, 3, 'Galbarros'),
(5324, 10, 143, 7, 'Pescueza'),
(5325, 16, 143, 6, 'Olmedilla de Eliz'),
(5326, 17, 143, 2, 'Rabós'),
(5327, 18, 143, 8, 'Nigüelas'),
(5328, 19, 143, 1, 'Horche'),
(5329, 22, 143, 7, 'Laspaúles'),
(5330, 24, 143, 8, 'Sancedo'),
(5331, 25, 143, 1, 'Montornès de Segarra'),
(5332, 26, 143, 4, 'Sojuela'),
(5333, 28, 143, 6, 'Somosierra'),
(5334, 31, 143, 0, 'Larraona'),
(5335, 34, 143, 6, 'Quintanilla de Onsoña'),
(5336, 37, 143, 8, 'Galinduste'),
(5337, 40, 143, 1, 'Navares de Enmedio'),
(5338, 43, 143, 9, 'Savallà del Comtat'),
(5339, 44, 143, 4, 'Manzanera'),
(5340, 45, 143, 7, 'Quismondo'),
(5341, 46, 143, 0, 'Xeraco'),
(5342, 47, 143, 6, 'San Llorente'),
(5343, 49, 143, 5, 'Palacios de Sanabria'),
(5344, 50, 143, 8, 'Longares'),
(5345, 5, 144, 0, 'Narrillos del Álamo'),
(5346, 6, 144, 3, 'Valverde de Llerena'),
(5347, 8, 144, 5, 'Olvan'),
(5348, 9, 144, 8, 'Gallega, La'),
(5349, 10, 144, 2, 'Pesga, La'),
(5350, 17, 144, 7, 'Regencós'),
(5351, 18, 144, 3, 'Nívar'),
(5352, 22, 144, 2, 'Laspuña'),
(5353, 24, 144, 3, 'San Cristóbal de la Polantera'),
(5354, 26, 144, 9, 'Sorzano'),
(5355, 28, 144, 1, 'Soto del Real'),
(5356, 31, 144, 5, 'Larraun'),
(5357, 37, 144, 3, 'Galisancho'),
(5358, 40, 144, 6, 'Navares de las Cuevas'),
(5359, 42, 144, 8, 'Quintana Redonda'),
(5360, 43, 144, 4, 'Secuita, La'),
(5361, 44, 144, 9, 'Martín del Río'),
(5362, 45, 144, 2, 'Real de San Vicente, El'),
(5363, 46, 144, 5, 'Jarafuel'),
(5364, 47, 144, 1, 'San Martín de Valvení'),
(5365, 50, 144, 3, 'Longás'),
(5366, 5, 145, 3, 'Narrillos del Rebollar'),
(5367, 6, 145, 6, 'Valverde de Mérida'),
(5368, 8, 145, 8, 'Olèrdola'),
(5369, 10, 145, 5, 'Piedras Albas'),
(5370, 16, 145, 4, 'Osa de la Vega'),
(5371, 17, 145, 0, 'Ribes de Freser'),
(5372, 18, 145, 6, 'Ogíjares'),
(5373, 19, 145, 9, 'Hortezuela de Océn'),
(5374, 24, 145, 6, 'San Emiliano'),
(5375, 25, 145, 9, 'Nalec'),
(5376, 26, 145, 2, 'Sotés'),
(5377, 28, 145, 4, 'Talamanca de Jarama'),
(5378, 31, 145, 8, 'Lazagurría'),
(5379, 37, 145, 6, 'Gallegos de Argañán'),
(5380, 40, 145, 9, 'Navas de Oro'),
(5381, 42, 145, 1, 'Quintanas de Gormaz'),
(5382, 43, 145, 7, 'Selva del Camp, La'),
(5383, 44, 145, 2, 'Mas de las Matas'),
(5384, 45, 145, 5, 'Recas'),
(5385, 46, 145, 8, 'Xàtiva'),
(5386, 47, 145, 4, 'San Miguel del Arroyo'),
(5387, 49, 145, 3, 'Pedralba de la Pradería'),
(5388, 6, 146, 9, 'Valle de la Serena'),
(5389, 8, 146, 1, 'Olesa de Bonesvalls'),
(5390, 10, 146, 8, 'Pinofranqueado'),
(5391, 16, 146, 7, 'Pajarón'),
(5392, 17, 146, 3, 'Riells i Viabrea'),
(5393, 18, 146, 9, 'Orce'),
(5394, 19, 146, 2, 'Huerce, La'),
(5395, 24, 146, 9, 'San Esteban de Nogales'),
(5396, 25, 146, 2, 'Navès'),
(5397, 26, 146, 5, 'Soto en Cameros'),
(5398, 28, 146, 7, 'Tielmes'),
(5399, 31, 146, 1, 'Leache'),
(5400, 34, 146, 7, 'Reinoso de Cerrato'),
(5401, 37, 146, 9, 'Gallegos de Solmirón'),
(5402, 40, 146, 2, 'Navas de San Antonio'),
(5403, 43, 146, 0, 'Senan'),
(5404, 44, 146, 5, 'Mata de los Olmos, La'),
(5405, 45, 146, 8, 'Retamoso de la Jara'),
(5406, 46, 146, 1, 'Xeresa'),
(5407, 47, 146, 7, 'San Miguel del Pino'),
(5408, 49, 146, 6, 'Pego, El'),
(5409, 50, 146, 9, 'Lucena de Jalón'),
(5410, 5, 147, 2, 'Narros del Castillo'),
(5411, 6, 147, 5, 'Valle de Matamoros'),
(5412, 8, 147, 7, 'Olesa de Montserrat'),
(5413, 10, 147, 4, 'Piornal'),
(5414, 16, 147, 3, 'Pajaroncillo'),
(5415, 17, 147, 9, 'Ripoll'),
(5416, 18, 147, 5, 'Órgiva'),
(5417, 19, 147, 8, 'Huérmeces del Cerro'),
(5418, 26, 147, 1, 'Terroba'),
(5419, 28, 147, 3, 'Titulcia'),
(5420, 31, 147, 7, 'Legarda'),
(5421, 34, 147, 3, 'Renedo de la Vega'),
(5422, 37, 147, 5, 'Garcibuey'),
(5423, 43, 147, 6, 'Solivella'),
(5424, 44, 147, 1, 'Mazaleón'),
(5425, 45, 147, 4, 'Rielves'),
(5426, 46, 147, 7, 'Llíria'),
(5427, 47, 147, 3, 'San Pablo de la Moraleja'),
(5428, 49, 147, 2, 'Peleagonzalo'),
(5429, 50, 147, 5, 'Luceni'),
(5430, 5, 148, 8, 'Narros del Puerto'),
(5431, 6, 148, 1, 'Valle de Santa Ana'),
(5432, 8, 148, 3, 'Olivella'),
(5433, 9, 148, 6, 'Grijalba'),
(5434, 10, 148, 0, 'Plasencia'),
(5435, 16, 148, 9, 'Palomares del Campo'),
(5436, 17, 148, 5, 'Riudarenes'),
(5437, 18, 148, 1, 'Otívar'),
(5438, 19, 148, 4, 'Huertahernando'),
(5439, 24, 148, 1, 'San Justo de la Vega'),
(5440, 25, 148, 4, 'Odèn'),
(5441, 26, 148, 7, 'Tirgo'),
(5442, 28, 148, 9, 'Torrejón de Ardoz'),
(5443, 31, 148, 3, 'Legaria'),
(5444, 37, 148, 1, 'Garcihernández'),
(5445, 40, 148, 4, 'Nieva'),
(5446, 42, 148, 6, 'Quiñonería'),
(5447, 43, 148, 2, 'Tarragona'),
(5448, 44, 148, 7, 'Mezquita de Jarque'),
(5449, 45, 148, 0, 'Robledo del Mazo'),
(5450, 46, 148, 3, 'Loriguilla'),
(5451, 47, 148, 9, 'San Pedro de Latarce'),
(5452, 49, 148, 8, 'Peleas de Abajo'),
(5453, 50, 148, 1, 'Luesia'),
(5454, 5, 149, 1, 'Narros de Saldueña'),
(5455, 6, 149, 4, 'Villafranca de los Barros'),
(5456, 8, 149, 6, 'Olost'),
(5457, 9, 149, 9, 'Grisaleña'),
(5458, 10, 149, 3, 'Plasenzuela'),
(5459, 16, 149, 2, 'Palomera'),
(5460, 17, 149, 8, 'Riudaura'),
(5461, 18, 149, 4, 'Otura'),
(5462, 22, 149, 3, 'Loarre'),
(5463, 24, 149, 4, 'San Millán de los Caballeros'),
(5464, 25, 149, 7, 'Oliana'),
(5465, 26, 149, 0, 'Tobía'),
(5466, 28, 149, 2, 'Torrejón de la Calzada'),
(5467, 31, 149, 6, 'Leitza'),
(5468, 34, 149, 2, 'Requena de Campos'),
(5469, 37, 149, 4, 'Garcirrey'),
(5470, 40, 149, 7, 'Olombrada'),
(5471, 42, 149, 9, 'Rábanos, Los'),
(5472, 43, 149, 5, 'Tivenys'),
(5473, 44, 149, 0, 'Mirambel'),
(5474, 45, 149, 3, 'Romeral, El'),
(5475, 46, 149, 6, 'Losa del Obispo'),
(5476, 47, 149, 2, 'San Pelayo'),
(5477, 49, 149, 1, 'Peñausende'),
(5478, 50, 149, 4, 'Luesma'),
(5479, 6, 150, 7, 'Villagarcía de la Torre'),
(5480, 8, 150, 9, 'Orís'),
(5481, 10, 150, 6, 'Portaje'),
(5482, 16, 150, 5, 'Paracuellos'),
(5483, 17, 150, 1, 'Riudellots de la Selva'),
(5484, 18, 150, 7, 'Padul'),
(5485, 19, 150, 0, 'Hueva'),
(5486, 22, 150, 6, 'Loporzano'),
(5487, 24, 150, 7, 'San Pedro Bercianos'),
(5488, 25, 150, 0, 'Oliola'),
(5489, 26, 150, 3, 'Tormantos'),
(5490, 28, 150, 5, 'Torrejón de Velasco'),
(5491, 31, 150, 9, 'Leoz/Leotz'),
(5492, 37, 150, 7, 'Gejuelo del Barro'),
(5493, 40, 150, 0, 'Orejana'),
(5494, 43, 150, 8, 'Tivissa'),
(5495, 44, 150, 3, 'Miravete de la Sierra'),
(5496, 45, 150, 6, 'San Bartolomé de las Abiertas'),
(5497, 46, 150, 9, 'Llutxent'),
(5498, 47, 150, 5, 'San Román de Hornija'),
(5499, 49, 150, 4, 'Peque'),
(5500, 50, 150, 7, 'Lumpiaque'),
(5501, 5, 151, 1, 'Navacepedilla de Corneja'),
(5502, 6, 151, 4, 'Villagonzalo'),
(5503, 8, 151, 6, 'Oristà'),
(5504, 9, 151, 9, 'Gumiel de Izán'),
(5505, 10, 151, 3, 'Portezuelo'),
(5506, 16, 151, 2, 'Paredes'),
(5507, 17, 151, 8, 'Riumors'),
(5508, 18, 151, 4, 'Pampaneira'),
(5509, 19, 151, 7, 'Humanes'),
(5510, 22, 151, 3, 'Loscorrales'),
(5511, 24, 151, 4, 'Santa Colomba de Curueño'),
(5512, 25, 151, 7, 'Olius'),
(5513, 26, 151, 0, 'Torrecilla en Cameros'),
(5514, 28, 151, 2, 'Torrelaguna'),
(5515, 31, 151, 6, 'Lerga'),
(5516, 34, 151, 2, 'Respenda de la Peña'),
(5517, 37, 151, 4, 'Golpejas'),
(5518, 40, 151, 7, 'Ortigosa de Pestaño'),
(5519, 42, 151, 9, 'Rebollar'),
(5520, 43, 151, 5, 'Torre de Fontaubella, La'),
(5521, 44, 151, 0, 'Molinos'),
(5522, 45, 151, 3, 'San Martín de Montalbán'),
(5523, 46, 151, 6, 'Llocnou d\'En Fenollet'),
(5524, 47, 151, 2, 'San Salvador'),
(5525, 49, 151, 1, 'Perdigón, El'),
(5526, 50, 151, 4, 'Luna'),
(5527, 5, 152, 6, 'Nava de Arévalo'),
(5528, 6, 152, 9, 'Villalba de los Barros'),
(5529, 8, 152, 1, 'Orpí'),
(5530, 9, 152, 4, 'Gumiel de Mercado'),
(5531, 10, 152, 8, 'Pozuelo de Zarzón'),
(5532, 16, 152, 7, 'Parra de las Vegas, La'),
(5533, 17, 152, 3, 'Roses'),
(5534, 18, 152, 9, 'Pedro Martínez'),
(5535, 19, 152, 2, 'Illana'),
(5536, 24, 152, 9, 'Santa Colomba de Somoza'),
(5537, 25, 152, 2, 'Oluges, Les'),
(5538, 26, 152, 5, 'Torrecilla sobre Alesanco'),
(5539, 28, 152, 7, 'Torrelodones'),
(5540, 31, 152, 1, 'Lerín'),
(5541, 34, 152, 7, 'Revenga de Campos'),
(5542, 37, 152, 9, 'Gomecello'),
(5543, 40, 152, 2, 'Otero de Herreros'),
(5544, 42, 152, 4, 'Recuerda'),
(5545, 43, 152, 0, 'Torre de l\'Espanyol, La'),
(5546, 44, 152, 5, 'Monforte de Moyuela'),
(5547, 45, 152, 8, 'San Martín de Pusa'),
(5548, 46, 152, 1, 'Llocnou de la Corona'),
(5549, 47, 152, 7, 'Santa Eufemia del Arroyo'),
(5550, 49, 152, 6, 'Pereruela'),
(5551, 50, 152, 9, 'Maella'),
(5552, 5, 153, 2, 'Nava del Barco'),
(5553, 6, 153, 5, 'Villanueva de la Serena'),
(5554, 8, 153, 7, 'Òrrius'),
(5555, 10, 153, 4, 'Puerto de Santa Cruz'),
(5556, 16, 153, 3, 'Pedernoso, El'),
(5557, 17, 153, 9, 'Rupià'),
(5558, 18, 153, 5, 'Peligros'),
(5559, 19, 153, 8, 'Iniéstola'),
(5560, 24, 153, 5, 'Santa Cristina de Valmadrigal'),
(5561, 25, 153, 8, 'Omellons, Els'),
(5562, 26, 153, 1, 'Torre en Cameros'),
(5563, 28, 153, 3, 'Torremocha de Jarama'),
(5564, 31, 153, 7, 'Lesaka'),
(5565, 42, 153, 0, 'Rello'),
(5566, 43, 153, 6, 'Torredembarra'),
(5567, 44, 153, 1, 'Monreal del Campo'),
(5568, 45, 153, 4, 'San Pablo de los Montes'),
(5569, 46, 153, 7, 'Llocnou de Sant Jeroni'),
(5570, 47, 153, 3, 'Santervás de Campos'),
(5571, 49, 153, 2, 'Perilla de Castro'),
(5572, 50, 153, 5, 'Magallón'),
(5573, 5, 154, 7, 'Navadijos'),
(5574, 6, 154, 0, 'Villanueva del Fresno'),
(5575, 8, 154, 2, 'Pacs del Penedès'),
(5576, 9, 154, 5, 'Hacinas'),
(5577, 10, 154, 9, 'Rebollar'),
(5578, 16, 154, 8, 'Pedroñeras, Las'),
(5579, 17, 154, 4, 'Sales de Llierca'),
(5580, 18, 154, 0, 'Peza, La'),
(5581, 19, 154, 3, 'Inviernas, Las'),
(5582, 24, 154, 0, 'Santa Elena de Jamuz'),
(5583, 25, 154, 3, 'Omells de na Gaia, Els'),
(5584, 26, 154, 6, 'Torremontalbo'),
(5585, 28, 154, 8, 'Torres de la Alameda'),
(5586, 31, 154, 2, 'Lezáun'),
(5587, 34, 154, 8, 'Revilla de Collazos'),
(5588, 37, 154, 0, 'Guadramiro'),
(5589, 40, 154, 3, 'Pajarejos'),
(5590, 42, 154, 5, 'Renieblas'),
(5591, 43, 154, 1, 'Torroja del Priorat'),
(5592, 44, 154, 6, 'Monroyo'),
(5593, 45, 154, 9, 'San Román de los Montes'),
(5594, 46, 154, 2, 'Llanera de Ranes'),
(5595, 47, 154, 8, 'Santibáñez de Valcorba'),
(5596, 49, 154, 7, 'Pías'),
(5597, 50, 154, 0, 'Mainar'),
(5598, 5, 155, 0, 'Navaescurial'),
(5599, 6, 155, 3, 'Villar del Rey'),
(5600, 8, 155, 5, 'Palafolls'),
(5601, 9, 155, 8, 'Haza'),
(5602, 10, 155, 2, 'Riolobos'),
(5603, 16, 155, 1, 'Peral, El'),
(5604, 17, 155, 7, 'Salt'),
(5605, 19, 155, 6, 'Irueste'),
(5606, 22, 155, 2, 'Monesma y Cajigar'),
(5607, 24, 155, 3, 'Santa María de la Isla'),
(5608, 25, 155, 6, 'Organyà'),
(5609, 26, 155, 9, 'Treviana'),
(5610, 28, 155, 1, 'Valdaracete'),
(5611, 31, 155, 5, 'Liédena'),
(5612, 34, 155, 1, 'Ribas de Campos'),
(5613, 37, 155, 3, 'Guijo de Ávila'),
(5614, 40, 155, 6, 'Palazuelos de Eresma'),
(5615, 42, 155, 8, 'Retortillo de Soria'),
(5616, 43, 155, 4, 'Tortosa'),
(5617, 44, 155, 9, 'Montalbán'),
(5618, 45, 155, 2, 'Santa Ana de Pusa'),
(5619, 46, 155, 5, 'Llaurí'),
(5620, 47, 155, 1, 'Santovenia de Pisuerga'),
(5621, 49, 155, 0, 'Piedrahita de Castro'),
(5622, 50, 155, 3, 'Malanquilla'),
(5623, 5, 156, 3, 'Navahondilla'),
(5624, 6, 156, 6, 'Villar de Rena'),
(5625, 8, 156, 8, 'Palau-solità i Plegamans'),
(5626, 10, 156, 5, 'Robledillo de Gata'),
(5627, 16, 156, 4, 'Peraleja, La'),
(5628, 19, 156, 9, 'Jadraque'),
(5629, 22, 156, 5, 'Monflorite-Lascasas'),
(5630, 24, 156, 6, 'Santa María del Monte de Cea'),
(5631, 25, 156, 9, 'Os de Balaguer'),
(5632, 28, 156, 4, 'Valdeavero'),
(5633, 31, 156, 8, 'Lizoáin-Arriasgoiti'),
(5634, 34, 156, 4, 'Riberos de la Cueza'),
(5635, 37, 156, 6, 'Guijuelo'),
(5636, 40, 156, 9, 'Pedraza'),
(5637, 42, 156, 1, 'Reznos'),
(5638, 43, 156, 7, 'Ulldecona'),
(5639, 44, 156, 2, 'Monteagudo del Castillo'),
(5640, 45, 156, 5, 'Santa Cruz de la Zarza'),
(5641, 46, 156, 8, 'Llombai'),
(5642, 47, 156, 4, 'San Vicente del Palacio'),
(5643, 49, 156, 3, 'Pinilla de Toro'),
(5644, 50, 156, 6, 'Maleján'),
(5645, 5, 157, 9, 'Navalacruz'),
(5646, 6, 157, 2, 'Villarta de los Montes'),
(5647, 8, 157, 4, 'Pallejà'),
(5648, 10, 157, 1, 'Robledillo de la Vera'),
(5649, 16, 157, 0, 'Pesquera, La'),
(5650, 17, 157, 6, 'Sant Andreu Salou'),
(5651, 18, 157, 2, 'Pinos Genil'),
(5652, 19, 157, 5, 'Jirueque'),
(5653, 22, 157, 1, 'Montanuy'),
(5654, 24, 157, 2, 'Santa María del Páramo'),
(5655, 25, 157, 5, 'Ossó de Sió'),
(5656, 26, 157, 8, 'Tricio'),
(5657, 28, 157, 0, 'Valdelaguna'),
(5658, 31, 157, 4, 'Lodosa'),
(5659, 34, 157, 0, 'Saldaña'),
(5660, 37, 157, 2, 'Herguijuela de Ciudad Rodrigo'),
(5661, 40, 157, 5, 'Pelayos del Arroyo'),
(5662, 42, 157, 7, 'Riba de Escalote, La'),
(5663, 43, 157, 3, 'Ulldemolins'),
(5664, 44, 157, 8, 'Monterde de Albarracín'),
(5665, 45, 157, 1, 'Santa Cruz del Retamar'),
(5666, 46, 157, 4, 'Llosa de Ranes, la'),
(5667, 47, 157, 0, 'Sardón de Duero'),
(5668, 49, 157, 9, 'Pino del Oro'),
(5669, 50, 157, 2, 'Malón'),
(5670, 5, 158, 5, 'Navalmoral'),
(5671, 6, 158, 8, 'Zafra'),
(5672, 8, 158, 0, 'Papiol, El'),
(5673, 10, 158, 7, 'Robledillo de Trujillo'),
(5674, 16, 158, 6, 'Picazo, El'),
(5675, 17, 158, 2, 'Sant Climent Sescebes'),
(5676, 18, 158, 8, 'Pinos Puente'),
(5677, 22, 158, 7, 'Monzón'),
(5678, 24, 158, 8, 'Santa María de Ordás'),
(5679, 25, 158, 1, 'Palau d\'Anglesola, El'),
(5680, 26, 158, 4, 'Tudelilla'),
(5681, 28, 158, 6, 'Valdemanco'),
(5682, 31, 158, 0, 'Lónguida/Longida'),
(5683, 34, 158, 6, 'Salinas de Pisuerga'),
(5684, 37, 158, 8, 'Herguijuela de la Sierra'),
(5685, 40, 158, 1, 'Perosillo'),
(5686, 42, 158, 3, 'Rioseco de Soria'),
(5687, 43, 158, 9, 'Vallclara'),
(5688, 44, 158, 4, 'Mora de Rubielos'),
(5689, 45, 158, 7, 'Santa Olalla'),
(5690, 46, 158, 0, 'Macastre'),
(5691, 47, 158, 6, 'Seca, La'),
(5692, 49, 158, 5, 'Piñero, El'),
(5693, 5, 159, 8, 'Navalonguilla'),
(5694, 6, 159, 1, 'Zahínos'),
(5695, 8, 159, 3, 'Parets del Vallès'),
(5696, 9, 159, 6, 'Hontanas'),
(5697, 10, 159, 0, 'Robledollano'),
(5698, 16, 159, 9, 'Pinarejo'),
(5699, 17, 159, 5, 'Sant Feliu de Buixalleu'),
(5700, 18, 159, 1, 'Píñar'),
(5701, 19, 159, 4, 'Ledanca'),
(5702, 24, 159, 1, 'Santa Marina del Rey'),
(5703, 28, 159, 9, 'Valdemaqueda'),
(5704, 31, 159, 3, 'Lumbier'),
(5705, 34, 159, 9, 'San Cebrián de Campos'),
(5706, 37, 159, 1, 'Herguijuela del Campo'),
(5707, 40, 159, 4, 'Pinarejos'),
(5708, 42, 159, 6, 'Rollamienta'),
(5709, 43, 159, 2, 'Vallfogona de Riucorb'),
(5710, 44, 159, 7, 'Moscardón'),
(5711, 45, 159, 0, 'Sartajada'),
(5712, 46, 159, 3, 'Manises'),
(5713, 47, 159, 9, 'Serrada'),
(5714, 49, 159, 8, 'Pobladura del Valle'),
(5715, 50, 159, 1, 'Maluenda'),
(5716, 5, 160, 2, 'Navalosa'),
(5717, 6, 160, 5, 'Zalamea de la Serena'),
(5718, 8, 160, 7, 'Perafita'),
(5719, 9, 160, 0, 'Hontangas'),
(5720, 10, 160, 4, 'Romangordo'),
(5721, 16, 160, 3, 'Pineda de Gigüela'),
(5722, 17, 160, 9, 'Sant Feliu de Guíxols'),
(5723, 19, 160, 8, 'Loranca de Tajuña'),
(5724, 22, 160, 4, 'Naval'),
(5725, 24, 160, 5, 'Santas Martas'),
(5726, 26, 160, 1, 'Uruñuela'),
(5727, 28, 160, 3, 'Valdemorillo'),
(5728, 31, 160, 7, 'Luquin'),
(5729, 34, 160, 3, 'San Cebrián de Mudá'),
(5730, 37, 160, 5, 'Hinojosa de Duero'),
(5731, 40, 160, 8, 'Pinarnegrillo'),
(5732, 42, 160, 0, 'Royo, El'),
(5733, 43, 160, 6, 'Vallmoll'),
(5734, 44, 160, 1, 'Mosqueruela'),
(5735, 45, 160, 4, 'Segurilla'),
(5736, 46, 160, 7, 'Manuel'),
(5737, 47, 160, 3, 'Siete Iglesias de Trabancos'),
(5738, 49, 160, 2, 'Pobladura de Valderaduey'),
(5739, 50, 160, 5, 'Mallén'),
(5740, 5, 161, 9, 'Navalperal de Pinares'),
(5741, 6, 161, 2, 'Zarza-Capilla'),
(5742, 8, 161, 4, 'Piera'),
(5743, 10, 161, 1, 'Ruanes'),
(5744, 16, 161, 0, 'Piqueras del Castillo'),
(5745, 17, 161, 6, 'Sant Feliu de Pallerols'),
(5746, 18, 161, 2, 'Polícar'),
(5747, 19, 161, 5, 'Lupiana'),
(5748, 24, 161, 2, 'Santiago Millas'),
(5749, 25, 161, 5, 'Conca de Dalt'),
(5750, 26, 161, 8, 'Valdemadera'),
(5751, 28, 161, 0, 'Valdemoro'),
(5752, 31, 161, 4, 'Mañeru'),
(5753, 34, 161, 0, 'San Cristóbal de Boedo'),
(5754, 37, 161, 2, 'Horcajo de Montemayor'),
(5755, 40, 161, 5, 'Pradales'),
(5756, 42, 161, 7, 'Salduero'),
(5757, 43, 161, 3, 'Valls'),
(5758, 44, 161, 8, 'Muniesa'),
(5759, 45, 161, 1, 'Seseña'),
(5760, 46, 161, 4, 'Marines'),
(5761, 47, 161, 0, 'Simancas'),
(5762, 50, 161, 2, 'Manchones'),
(5763, 5, 162, 4, 'Navalperal de Tormes'),
(5764, 6, 162, 7, 'Zarza, La'),
(5765, 8, 162, 9, 'Hostalets de Pierola, Els'),
(5766, 9, 162, 2, 'Hontoria de la Cantera'),
(5767, 10, 162, 6, 'Salorino'),
(5768, 16, 162, 5, 'Portalrubio de Guadamejud'),
(5769, 17, 162, 1, 'Sant Ferriol'),
(5770, 18, 162, 7, 'Polopos'),
(5771, 19, 162, 0, 'Luzaga'),
(5772, 22, 162, 6, 'Novales'),
(5773, 24, 162, 7, 'Santovenia de la Valdoncina'),
(5774, 26, 162, 3, 'Valgañón'),
(5775, 28, 162, 5, 'Valdeolmos-Alalpardo'),
(5776, 31, 162, 9, 'Marañón'),
(5777, 37, 162, 7, 'Horcajo Medianero'),
(5778, 40, 162, 0, 'Prádena'),
(5779, 42, 162, 2, 'San Esteban de Gormaz'),
(5780, 43, 162, 8, 'Vandellòs i l\'Hospitalet de l\'Infant'),
(5781, 45, 162, 6, 'Sevilleja de la Jara'),
(5782, 46, 162, 9, 'Massalavés'),
(5783, 47, 162, 5, 'Tamariz de Campos'),
(5784, 49, 162, 4, 'Porto'),
(5785, 50, 162, 7, 'Mara'),
(5786, 5, 163, 0, 'Navaluenga'),
(5787, 8, 163, 5, 'Pineda de Mar'),
(5788, 9, 163, 8, 'Hontoria del Pinar'),
(5789, 10, 163, 2, 'Salvatierra de Santiago'),
(5790, 16, 163, 1, 'Portilla'),
(5791, 17, 163, 7, 'Sant Gregori'),
(5792, 18, 163, 3, 'Pórtugos'),
(5793, 19, 163, 6, 'Luzón'),
(5794, 22, 163, 2, 'Nueno'),
(5795, 24, 163, 3, 'Sariegos'),
(5796, 25, 163, 6, 'Coma i la Pedra, La'),
(5797, 26, 163, 9, 'Ventosa'),
(5798, 28, 163, 1, 'Valdepiélagos'),
(5799, 31, 163, 5, 'Marcilla'),
(5800, 34, 163, 1, 'San Mamés de Campos'),
(5801, 37, 163, 3, 'Hoya, La'),
(5802, 40, 163, 6, 'Puebla de Pedraza'),
(5803, 42, 163, 8, 'San Felices'),
(5804, 43, 163, 4, 'Vendrell, El'),
(5805, 44, 163, 9, 'Noguera de Albarracín'),
(5806, 45, 163, 2, 'Sonseca'),
(5807, 46, 163, 5, 'Massalfassar'),
(5808, 47, 163, 1, 'Tiedra'),
(5809, 49, 163, 0, 'Pozoantiguo'),
(5810, 50, 163, 3, 'María de Huerva'),
(5811, 5, 164, 5, 'Navaquesera'),
(5812, 8, 164, 0, 'Pla del Penedès, El'),
(5813, 9, 164, 3, 'Hontoria de Valdearados'),
(5814, 10, 164, 7, 'San Martín de Trevejo'),
(5815, 17, 164, 2, 'Sant Hilari Sacalm'),
(5816, 18, 164, 8, 'Puebla de Don Fadrique'),
(5817, 22, 164, 7, 'Olvena'),
(5818, 24, 164, 8, 'Sena de Luna'),
(5819, 25, 164, 1, 'Penelles'),
(5820, 26, 164, 4, 'Ventrosa'),
(5821, 28, 164, 6, 'Valdetorres de Jarama'),
(5822, 31, 164, 0, 'Mélida'),
(5823, 37, 164, 8, 'Huerta'),
(5824, 40, 164, 1, 'Rapariegos'),
(5825, 42, 164, 3, 'San Leonardo de Yagüe'),
(5826, 43, 164, 9, 'Vespella de Gaià'),
(5827, 44, 164, 4, 'Nogueras'),
(5828, 45, 164, 7, 'Sotillo de las Palomas'),
(5829, 46, 164, 0, 'Massamagrell'),
(5830, 47, 164, 6, 'Tordehumos'),
(5831, 49, 164, 5, 'Pozuelo de Tábara'),
(5832, 50, 164, 8, 'Mediana de Aragón'),
(5833, 5, 165, 8, 'Navarredonda de Gredos'),
(5834, 8, 165, 3, 'Pobla de Claramunt, La'),
(5835, 10, 165, 0, 'Santa Ana'),
(5836, 16, 165, 9, 'Poyatos'),
(5837, 17, 165, 5, 'Sant Jaume de Llierca'),
(5838, 18, 165, 1, 'Pulianas'),
(5839, 19, 165, 4, 'Majaelrayo'),
(5840, 22, 165, 0, 'Ontiñena'),
(5841, 24, 165, 1, 'Sobrado'),
(5842, 25, 165, 4, 'Peramola'),
(5843, 26, 165, 7, 'Viguera'),
(5844, 28, 165, 9, 'Valdilecha'),
(5845, 31, 165, 3, 'Mendavia'),
(5846, 34, 165, 9, 'San Román de la Cuba'),
(5847, 37, 165, 1, 'Iruelos'),
(5848, 40, 165, 4, 'Rebollo'),
(5849, 42, 165, 6, 'San Pedro Manrique'),
(5850, 43, 165, 2, 'Vilabella'),
(5851, 44, 165, 7, 'Nogueruelas'),
(5852, 45, 165, 0, 'Talavera de la Reina'),
(5853, 46, 165, 3, 'Massanassa'),
(5854, 47, 165, 9, 'Tordesillas'),
(5855, 49, 165, 8, 'Prado'),
(5856, 50, 165, 1, 'Mequinenza'),
(5857, 5, 166, 1, 'Navarredondilla'),
(5858, 8, 166, 6, 'Pobla de Lillet, La'),
(5859, 9, 166, 9, 'Hormazas, Las'),
(5860, 10, 166, 3, 'Santa Cruz de la Sierra'),
(5861, 16, 166, 2, 'Pozoamargo'),
(5862, 17, 166, 8, 'Sant Jordi Desvalls'),
(5863, 19, 166, 7, 'Málaga del Fresno'),
(5864, 24, 166, 4, 'Soto de la Vega'),
(5865, 25, 166, 7, 'Pinell de Solsonès'),
(5866, 26, 166, 0, 'Villalba de Rioja'),
(5867, 28, 166, 2, 'Valverde de Alcalá'),
(5868, 31, 166, 6, 'Mendaza'),
(5869, 37, 166, 4, 'Ituero de Azaba'),
(5870, 40, 166, 7, 'Remondo'),
(5871, 42, 166, 9, 'Santa Cruz de Yanguas'),
(5872, 43, 166, 5, 'Vilallonga del Camp'),
(5873, 45, 166, 3, 'Tembleque'),
(5874, 46, 166, 6, 'Meliana'),
(5875, 47, 166, 2, 'Torrecilla de la Abadesa'),
(5876, 49, 166, 1, 'Puebla de Sanabria'),
(5877, 50, 166, 4, 'Mesones de Isuela'),
(5878, 5, 167, 7, 'Navarrevisca'),
(5879, 8, 167, 2, 'Polinyà'),
(5880, 9, 167, 5, 'Hornillos del Camino'),
(5881, 10, 167, 9, 'Santa Cruz de Paniagua'),
(5882, 16, 167, 8, 'Pozorrubio'),
(5883, 17, 167, 4, 'Sant Joan de les Abadesses'),
(5884, 18, 167, 0, 'Purullena'),
(5885, 19, 167, 3, 'Malaguilla'),
(5886, 22, 167, 9, 'Osso de Cinca'),
(5887, 24, 167, 0, 'Soto y Amío'),
(5888, 25, 167, 3, 'Pinós'),
(5889, 26, 167, 6, 'Villalobar de Rioja'),
(5890, 28, 167, 8, 'Velilla de San Antonio'),
(5891, 31, 167, 2, 'Mendigorría'),
(5892, 34, 167, 8, 'Santa Cecilia del Alcor'),
(5893, 37, 167, 0, 'Juzbado'),
(5894, 42, 167, 5, 'Santa María de Huerta'),
(5895, 43, 167, 1, 'Vilanova d\'Escornalbou'),
(5896, 44, 167, 6, 'Obón'),
(5897, 45, 167, 9, 'Toboso, El'),
(5898, 46, 167, 2, 'Millares'),
(5899, 47, 167, 8, 'Torrecilla de la Orden'),
(5900, 49, 167, 7, 'Pueblica de Valverde'),
(5901, 50, 167, 0, 'Mezalocha'),
(5902, 5, 168, 3, 'Navas del Marqués, Las'),
(5903, 8, 168, 8, 'Pontons'),
(5904, 9, 168, 1, 'Horra, La'),
(5905, 10, 168, 5, 'Santa Marta de Magasca'),
(5906, 17, 168, 0, 'Sant Joan de Mollet'),
(5907, 18, 168, 6, 'Quéntar'),
(5908, 19, 168, 9, 'Mandayona'),
(5909, 22, 168, 5, 'Palo'),
(5910, 24, 168, 6, 'Toral de los Guzmanes'),
(5911, 25, 168, 9, 'Poal, El'),
(5912, 26, 168, 2, 'Villamediana de Iregua'),
(5913, 28, 168, 4, 'Vellón, El'),
(5914, 31, 168, 8, 'Metauten'),
(5915, 34, 168, 4, 'Santa Cruz de Boedo'),
(5916, 37, 168, 6, 'Lagunilla'),
(5917, 40, 168, 9, 'Riaguas de San Bartolomé'),
(5918, 42, 168, 1, 'Santa María de las Hoyas'),
(5919, 43, 168, 7, 'Vilanova de Prades'),
(5920, 44, 168, 2, 'Odón'),
(5921, 45, 168, 5, 'Toledo'),
(5922, 46, 168, 8, 'Miramar'),
(5923, 47, 168, 4, 'Torrecilla de la Torre'),
(5924, 49, 168, 3, 'Quintanilla del Monte'),
(5925, 50, 168, 6, 'Mianos'),
(5926, 5, 169, 6, 'Navatalgordo'),
(5927, 8, 169, 1, 'Prat de Llobregat, El'),
(5928, 9, 169, 4, 'Hortigüela'),
(5929, 10, 169, 8, 'Santiago de Alcántara'),
(5930, 16, 169, 7, 'Pozuelo, El'),
(5931, 17, 169, 3, 'Sant Julià de Ramis'),
(5932, 19, 169, 2, 'Mantiel'),
(5933, 24, 169, 9, 'Toreno'),
(5934, 25, 169, 2, 'Pobla de Cérvoles, La'),
(5935, 26, 169, 5, 'Villanueva de Cameros'),
(5936, 28, 169, 7, 'Venturada'),
(5937, 31, 169, 1, 'Milagro'),
(5938, 34, 169, 7, 'Santervás de la Vega'),
(5939, 37, 169, 9, 'Larrodrigo'),
(5940, 43, 169, 0, 'Vilaplana'),
(5941, 44, 169, 5, 'Ojos Negros'),
(5942, 45, 169, 8, 'Torralba de Oropesa'),
(5943, 46, 169, 1, 'Mislata'),
(5944, 47, 169, 7, 'Torre de Esgueva'),
(5945, 49, 169, 6, 'Quintanilla del Olmo'),
(5946, 50, 169, 9, 'Miedes de Aragón'),
(5947, 5, 170, 0, 'Navatejares'),
(5948, 8, 170, 5, 'Prats de Rei, Els'),
(5949, 9, 170, 8, 'Hoyales de Roa'),
(5950, 10, 170, 2, 'Santiago del Campo'),
(5951, 16, 170, 1, 'Priego'),
(5952, 17, 170, 7, 'Vallfogona de Ripollès'),
(5953, 18, 170, 3, 'Rubite'),
(5954, 19, 170, 6, 'Maranchón'),
(5955, 22, 170, 2, 'Panticosa'),
(5956, 24, 170, 3, 'Torre del Bierzo'),
(5957, 25, 170, 6, 'Bellaguarda'),
(5958, 26, 170, 9, 'Villar de Arnedo, El'),
(5959, 28, 170, 1, 'Villaconejos'),
(5960, 31, 170, 5, 'Mirafuentes'),
(5961, 34, 170, 1, 'Santibáñez de Ecla'),
(5962, 37, 170, 3, 'Ledesma'),
(5963, 40, 170, 6, 'Riaza'),
(5964, 43, 170, 4, 'Vila-rodona'),
(5965, 45, 170, 2, 'Torrecilla de la Jara'),
(5966, 46, 170, 5, 'Mogente/Moixent'),
(5967, 47, 170, 1, 'Torre de Peñafiel'),
(5968, 49, 170, 0, 'Quintanilla de Urz'),
(5969, 50, 170, 3, 'Monegrillo'),
(5970, 5, 171, 7, 'Neila de San Miguel'),
(5971, 8, 171, 2, 'Prats de Lluçanès'),
(5972, 10, 171, 9, 'Santibáñez el Alto'),
(5973, 16, 171, 8, 'Provencio, El'),
(5974, 17, 171, 4, 'Sant Llorenç de la Muga'),
(5975, 18, 171, 0, 'Salar'),
(5976, 19, 171, 3, 'Marchamalo'),
(5977, 24, 171, 0, 'Trabadelo'),
(5978, 25, 171, 3, 'Pobla de Segur, La'),
(5979, 26, 171, 6, 'Villar de Torre'),
(5980, 28, 171, 8, 'Villa del Prado'),
(5981, 31, 171, 2, 'Miranda de Arga'),
(5982, 34, 171, 8, 'Santibáñez de la Peña'),
(5983, 37, 171, 0, 'Ledrada'),
(5984, 40, 171, 3, 'Ribota'),
(5985, 42, 171, 5, 'Serón de Nágima'),
(5986, 43, 171, 1, 'Vila-seca'),
(5987, 44, 171, 6, 'Olba'),
(5988, 45, 171, 9, 'Torre de Esteban Hambrán, La'),
(5989, 46, 171, 2, 'Moncada'),
(5990, 47, 171, 8, 'Torrelobatón'),
(5991, 49, 171, 7, 'Quiruelas de Vidriales'),
(5992, 50, 171, 0, 'Moneva'),
(5993, 5, 172, 2, 'Niharra'),
(5994, 8, 172, 7, 'Premià de Mar'),
(5995, 9, 172, 0, 'Huérmeces'),
(5996, 10, 172, 4, 'Santibáñez el Bajo'),
(5997, 16, 172, 3, 'Puebla de Almenara'),
(5998, 17, 172, 9, 'Sant Martí de Llémena'),
(5999, 19, 172, 8, 'Masegoso de Tajuña'),
(6000, 22, 172, 4, 'Peñalba'),
(6001, 24, 172, 5, 'Truchas'),
(6002, 25, 172, 8, 'Ponts'),
(6003, 26, 172, 1, 'Villarejo'),
(6004, 28, 172, 3, 'Villalbilla'),
(6005, 31, 172, 7, 'Monreal/Elo'),
(6006, 37, 172, 5, 'Linares de Riofrío'),
(6007, 40, 172, 8, 'Riofrío de Riaza'),
(6008, 42, 172, 0, 'Soliedra'),
(6009, 43, 172, 6, 'Vilaverd'),
(6010, 44, 172, 1, 'Oliete'),
(6011, 45, 172, 4, 'Torrico'),
(6012, 46, 172, 7, 'Montserrat'),
(6013, 47, 172, 3, 'Torrescárcela'),
(6014, 49, 172, 2, 'Rabanales'),
(6015, 50, 172, 5, 'Monreal de Ariza'),
(6016, 5, 173, 8, 'Ojos-Albos'),
(6017, 9, 173, 6, 'Huerta de Arriba'),
(6018, 10, 173, 0, 'Saucedilla'),
(6019, 16, 173, 9, 'Valle de Altomira, El'),
(6020, 17, 173, 5, 'Sant Martí Vell'),
(6021, 18, 173, 1, 'Salobreña'),
(6022, 19, 173, 4, 'Matarrubia'),
(6023, 22, 173, 0, 'Peñas de Riglos, Las'),
(6024, 24, 173, 1, 'Turcia'),
(6025, 25, 173, 4, 'Pont de Suert, El'),
(6026, 26, 173, 7, 'Villarroya'),
(6027, 28, 173, 9, 'Villamanrique de Tajo'),
(6028, 31, 173, 3, 'Monteagudo'),
(6029, 37, 173, 1, 'Lumbrales'),
(6030, 40, 173, 4, 'Roda de Eresma'),
(6031, 42, 173, 6, 'Soria'),
(6032, 43, 173, 2, 'Vilella Alta, La'),
(6033, 44, 173, 7, 'Olmos, Los'),
(6034, 45, 173, 0, 'Torrijos'),
(6035, 46, 173, 3, 'Montaverner'),
(6036, 47, 173, 9, 'Traspinedo'),
(6037, 49, 173, 8, 'Rábano de Aliste'),
(6038, 50, 173, 1, 'Monterde'),
(6039, 5, 174, 3, 'Orbita'),
(6040, 8, 174, 8, 'Puigdàlber'),
(6041, 9, 174, 1, 'Huerta de Rey'),
(6042, 10, 174, 5, 'Segura de Toro'),
(6043, 16, 174, 4, 'Puebla del Salvador'),
(6044, 17, 174, 0, 'Sant Miquel de Campmajor'),
(6045, 18, 174, 6, 'Santa Cruz del Comercio'),
(6046, 19, 174, 9, 'Matillas'),
(6047, 22, 174, 5, 'Peralta de Alcofea'),
(6048, 24, 174, 6, 'Urdiales del Páramo'),
(6049, 25, 174, 9, 'Portella, La'),
(6050, 26, 174, 2, 'Villarta-Quintana'),
(6051, 28, 174, 4, 'Villamanta'),
(6052, 31, 174, 8, 'Morentin'),
(6053, 34, 174, 4, 'Santoyo'),
(6054, 37, 174, 6, 'Macotera'),
(6055, 40, 174, 9, 'Sacramenia'),
(6056, 42, 174, 1, 'Sotillo del Rincón'),
(6057, 43, 174, 7, 'Vilella Baixa, La'),
(6058, 44, 174, 2, 'Orihuela del Tremedal'),
(6059, 45, 174, 5, 'Totanés'),
(6060, 46, 174, 8, 'Montesa'),
(6061, 47, 174, 4, 'Trigueros del Valle'),
(6062, 49, 174, 3, 'Requejo'),
(6063, 50, 174, 6, 'Montón'),
(6064, 5, 175, 6, 'Oso, El'),
(6065, 8, 175, 1, 'Puig-reig'),
(6066, 9, 175, 4, 'Humada'),
(6067, 10, 175, 8, 'Serradilla'),
(6068, 16, 175, 7, 'Quintanar del Rey'),
(6069, 17, 175, 3, 'Sant Miquel de Fluvià'),
(6070, 18, 175, 9, 'Santa Fe'),
(6071, 19, 175, 2, 'Mazarete'),
(6072, 22, 175, 8, 'Peralta de Calasanz'),
(6073, 24, 175, 9, 'Valdefresno'),
(6074, 25, 175, 2, 'Prats i Sansor'),
(6075, 26, 175, 5, 'Villavelayo'),
(6076, 28, 175, 7, 'Villamantilla'),
(6077, 31, 175, 1, 'Mues'),
(6078, 34, 175, 7, 'Serna, La'),
(6079, 37, 175, 9, 'Machacón'),
(6080, 42, 175, 4, 'Suellacabras'),
(6081, 43, 175, 0, 'Vilalba dels Arcs'),
(6082, 44, 175, 5, 'Orrios'),
(6083, 45, 175, 8, 'Turleque'),
(6084, 46, 175, 1, 'Montitxelvo/Montichelvo'),
(6085, 47, 175, 7, 'Tudela de Duero'),
(6086, 49, 175, 6, 'Revellinos'),
(6087, 50, 175, 9, 'Morata de Jalón'),
(6088, 5, 176, 9, 'Padiernos'),
(6089, 8, 176, 4, 'Pujalt'),
(6090, 9, 176, 7, 'Hurones'),
(6091, 10, 176, 1, 'Serrejón'),
(6092, 16, 176, 0, 'Rada de Haro'),
(6093, 17, 176, 6, 'Sant Mori'),
(6094, 18, 176, 2, 'Soportújar'),
(6095, 19, 176, 5, 'Mazuecos'),
(6096, 22, 176, 1, 'Peraltilla'),
(6097, 24, 176, 2, 'Valdefuentes del Páramo'),
(6098, 25, 176, 5, 'Preixana'),
(6099, 26, 176, 8, 'Villaverde de Rioja'),
(6100, 28, 176, 0, 'Villanueva de la Cañada'),
(6101, 31, 176, 4, 'Murchante'),
(6102, 34, 176, 0, 'Sotobañado y Priorato'),
(6103, 37, 176, 2, 'Madroñal'),
(6104, 40, 176, 5, 'Samboal'),
(6105, 42, 176, 7, 'Tajahuerce'),
(6106, 43, 176, 3, 'Vimbodí i Poblet'),
(6107, 44, 176, 8, 'Palomar de Arroyos'),
(6108, 45, 176, 1, 'Ugena'),
(6109, 46, 176, 4, 'Montroy'),
(6110, 47, 176, 0, 'Unión de Campos, La'),
(6111, 49, 176, 9, 'Riofrío de Aliste'),
(6112, 50, 176, 2, 'Morata de Jiloca'),
(6113, 5, 177, 5, 'Pajares de Adaja'),
(6114, 8, 177, 0, 'Quar, La'),
(6115, 9, 177, 3, 'Ibeas de Juarros'),
(6116, 10, 177, 7, 'Sierra de Fuentes'),
(6117, 16, 177, 6, 'Reíllo');
INSERT INTO `municipios` (`id_municipio`, `id_provincia`, `cod_municipio`, `DC`, `nombre`) VALUES
(6118, 17, 177, 2, 'Sant Pau de Segúries'),
(6119, 18, 177, 8, 'Sorvilán'),
(6120, 19, 177, 1, 'Medranda'),
(6121, 22, 177, 7, 'Perarrúa'),
(6122, 24, 177, 8, 'Valdelugueros'),
(6123, 25, 177, 1, 'Preixens'),
(6124, 26, 177, 4, 'Villoslada de Cameros'),
(6125, 28, 177, 6, 'Villanueva del Pardillo'),
(6126, 31, 177, 0, 'Murieta'),
(6127, 34, 177, 6, 'Soto de Cerrato'),
(6128, 37, 177, 8, 'Maíllo, El'),
(6129, 40, 177, 1, 'San Cristóbal de Cuéllar'),
(6130, 42, 177, 3, 'Tajueco'),
(6131, 43, 177, 9, 'Vinebre'),
(6132, 44, 177, 4, 'Pancrudo'),
(6133, 45, 177, 7, 'Urda'),
(6134, 46, 177, 0, 'Museros'),
(6135, 47, 177, 6, 'Urones de Castroponce'),
(6136, 49, 177, 5, 'Rionegro del Puente'),
(6137, 50, 177, 8, 'Morés'),
(6138, 5, 178, 1, 'Palacios de Goda'),
(6139, 8, 178, 6, 'Rajadell'),
(6140, 9, 178, 9, 'Ibrillos'),
(6141, 10, 178, 3, 'Talaván'),
(6142, 17, 178, 8, 'Sant Pere Pescador'),
(6143, 18, 178, 4, 'Torre-Cardela'),
(6144, 19, 178, 7, 'Megina'),
(6145, 22, 178, 3, 'Pertusa'),
(6146, 24, 178, 4, 'Valdemora'),
(6147, 26, 178, 0, 'Viniegra de Abajo'),
(6148, 28, 178, 2, 'Villanueva de Perales'),
(6149, 31, 178, 6, 'Murillo el Cuende'),
(6150, 34, 178, 2, 'Tabanera de Cerrato'),
(6151, 37, 178, 4, 'Malpartida'),
(6152, 40, 178, 7, 'San Cristóbal de la Vega'),
(6153, 42, 178, 9, 'Talveila'),
(6154, 43, 178, 5, 'Vinyols i els Arcs'),
(6155, 44, 178, 0, 'Parras de Castellote, Las'),
(6156, 46, 178, 6, 'Náquera'),
(6157, 47, 178, 2, 'Urueña'),
(6158, 49, 178, 1, 'Roales'),
(6159, 50, 178, 4, 'Moros'),
(6160, 5, 179, 4, 'Papatrigo'),
(6161, 8, 179, 9, 'Rellinars'),
(6162, 9, 179, 2, 'Iglesiarrubia'),
(6163, 10, 179, 6, 'Talaveruela de la Vera'),
(6164, 18, 179, 7, 'Torvizcón'),
(6165, 19, 179, 0, 'Membrillera'),
(6166, 24, 179, 7, 'Valdepiélago'),
(6167, 25, 179, 0, 'Prullans'),
(6168, 26, 179, 3, 'Viniegra de Arriba'),
(6169, 28, 179, 5, 'Villar del Olmo'),
(6170, 31, 179, 9, 'Murillo el Fruto'),
(6171, 34, 179, 5, 'Tabanera de Valdavia'),
(6172, 37, 179, 7, 'Mancera de Abajo'),
(6173, 40, 179, 0, 'Sanchonuño'),
(6174, 44, 179, 3, 'Peñarroya de Tastavins'),
(6175, 45, 179, 6, 'Valdeverdeja'),
(6176, 46, 179, 9, 'Navarrés'),
(6177, 47, 179, 5, 'Valbuena de Duero'),
(6178, 49, 179, 4, 'Robleda-Cervantes'),
(6179, 50, 179, 7, 'Moyuela'),
(6180, 5, 180, 8, 'Parral, El'),
(6181, 8, 180, 3, 'Ripollet'),
(6182, 9, 180, 6, 'Iglesias'),
(6183, 10, 180, 0, 'Talayuela'),
(6184, 17, 180, 5, 'Santa Coloma de Farners'),
(6185, 18, 180, 1, 'Trevélez'),
(6186, 24, 180, 1, 'Valdepolo'),
(6187, 25, 180, 4, 'Puiggròs'),
(6188, 26, 180, 7, 'Zarratón'),
(6189, 28, 180, 9, 'Villarejo de Salvanés'),
(6190, 31, 180, 3, 'Muruzábal'),
(6191, 34, 180, 9, 'Támara de Campos'),
(6192, 37, 180, 1, 'Manzano, El'),
(6193, 40, 180, 4, 'Sangarcía'),
(6194, 44, 180, 7, 'Peracense'),
(6195, 45, 180, 0, 'Valmojado'),
(6196, 46, 180, 3, 'Novelé/Novetlè'),
(6197, 47, 180, 9, 'Valdearcos de la Vega'),
(6198, 49, 180, 8, 'Roelos de Sayago'),
(6199, 50, 180, 1, 'Mozota'),
(6200, 5, 181, 5, 'Pascualcobo'),
(6201, 8, 181, 0, 'Roca del Vallès, La'),
(6202, 9, 181, 3, 'Isar'),
(6203, 10, 181, 7, 'Tejeda de Tiétar'),
(6204, 16, 181, 6, 'Rozalén del Monte'),
(6205, 17, 181, 2, 'Santa Cristina d\'Aro'),
(6206, 18, 181, 8, 'Turón'),
(6207, 19, 181, 1, 'Miedes de Atienza'),
(6208, 22, 181, 7, 'Piracés'),
(6209, 24, 181, 8, 'Valderas'),
(6210, 25, 181, 1, 'Puigverd d\'Agramunt'),
(6211, 26, 181, 4, 'Zarzosa'),
(6212, 28, 181, 6, 'Villaviciosa de Odón'),
(6213, 31, 181, 0, 'Navascués/Nabaskoze'),
(6214, 34, 181, 6, 'Tariego de Cerrato'),
(6215, 37, 181, 8, 'Martiago'),
(6216, 40, 181, 1, 'Real Sitio de San Ildefonso'),
(6217, 42, 181, 3, 'Tardelcuende'),
(6218, 44, 181, 4, 'Peralejos'),
(6219, 45, 181, 7, 'Velada'),
(6220, 46, 181, 0, 'Oliva'),
(6221, 47, 181, 6, 'Valdenebro de los Valles'),
(6222, 49, 181, 5, 'Rosinos de la Requejada'),
(6223, 50, 181, 8, 'Muel'),
(6224, 5, 182, 0, 'Pedro Bernardo'),
(6225, 8, 182, 5, 'Pont de Vilomara i Rocafort, El'),
(6226, 9, 182, 8, 'Itero del Castillo'),
(6227, 10, 182, 2, 'Toril'),
(6228, 17, 182, 7, 'Santa Llogaia d\'Àlguema'),
(6229, 18, 182, 3, 'Ugíjar'),
(6230, 19, 182, 6, 'Mierla, La'),
(6231, 22, 182, 2, 'Plan'),
(6232, 24, 182, 3, 'Valderrey'),
(6233, 25, 182, 6, 'Puigverd de Lleida'),
(6234, 28, 182, 1, 'Villavieja del Lozoya'),
(6235, 31, 182, 5, 'Nazar'),
(6236, 34, 182, 1, 'Torquemada'),
(6237, 37, 182, 3, 'Martinamor'),
(6238, 40, 182, 6, 'San Martín y Mudrián'),
(6239, 42, 182, 8, 'Taroda'),
(6240, 44, 182, 9, 'Perales del Alfambra'),
(6241, 45, 182, 2, 'Ventas con Peña Aguilera, Las'),
(6242, 46, 182, 5, 'Olocau'),
(6243, 47, 182, 1, 'Valdestillas'),
(6244, 50, 182, 3, 'Muela, La'),
(6245, 5, 183, 6, 'Pedro-Rodríguez'),
(6246, 8, 183, 1, 'Roda de Ter'),
(6247, 9, 183, 4, 'Jaramillo de la Fuente'),
(6248, 10, 183, 8, 'Tornavacas'),
(6249, 17, 183, 3, 'Sant Aniol de Finestres'),
(6250, 18, 183, 9, 'Válor'),
(6251, 19, 183, 2, 'Milmarcos'),
(6252, 24, 183, 9, 'Valderrueda'),
(6253, 25, 183, 2, 'Rialp'),
(6254, 26, 183, 5, 'Zorraquín'),
(6255, 28, 183, 7, 'Zarzalejo'),
(6256, 31, 183, 1, 'Obanos'),
(6257, 37, 183, 9, 'Martín de Yeltes'),
(6258, 40, 183, 2, 'San Miguel de Bernuy'),
(6259, 42, 183, 4, 'Tejado'),
(6260, 44, 183, 5, 'Pitarque'),
(6261, 45, 183, 8, 'Ventas de Retamosa, Las'),
(6262, 46, 183, 1, 'Olleria, l\''),
(6263, 47, 183, 7, 'Valdunquillo'),
(6264, 49, 183, 6, 'Salce'),
(6265, 50, 183, 9, 'Munébrega'),
(6266, 5, 184, 1, 'Peguerinos'),
(6267, 8, 184, 6, 'Rubí'),
(6268, 9, 184, 9, 'Jaramillo Quemado'),
(6269, 10, 184, 3, 'Torno, El'),
(6270, 17, 184, 8, 'Santa Pau'),
(6271, 18, 184, 4, 'Vélez de Benaudalla'),
(6272, 19, 184, 7, 'Millana'),
(6273, 22, 184, 3, 'Poleñino'),
(6274, 24, 184, 4, 'Valdesamario'),
(6275, 31, 184, 6, 'Oco'),
(6276, 34, 184, 2, 'Torremormojón'),
(6277, 37, 184, 4, 'Masueco'),
(6278, 40, 184, 7, 'San Pedro de Gaíllos'),
(6279, 42, 184, 9, 'Torlengua'),
(6280, 44, 184, 0, 'Plou'),
(6281, 45, 184, 3, 'Ventas de San Julián, Las'),
(6282, 46, 184, 6, 'Ontinyent'),
(6283, 47, 184, 2, 'Valoria la Buena'),
(6284, 49, 184, 1, 'Samir de los Caños'),
(6285, 50, 184, 4, 'Murero'),
(6286, 5, 185, 4, 'Peñalba de Ávila'),
(6287, 8, 185, 9, 'Rubió'),
(6288, 10, 185, 6, 'Torrecilla de los Ángeles'),
(6289, 16, 185, 5, 'Saceda-Trasierra'),
(6290, 17, 185, 1, 'Sant Joan les Fonts'),
(6291, 18, 185, 7, 'Ventas de Huelma'),
(6292, 19, 185, 0, 'Miñosa, La'),
(6293, 24, 185, 7, 'Val de San Lorenzo'),
(6294, 25, 185, 0, 'Ribera d\'Urgellet'),
(6295, 31, 185, 9, 'Ochagavía/Otsagabia'),
(6296, 34, 185, 5, 'Triollo'),
(6297, 37, 185, 7, 'Castellanos de Villiquera'),
(6298, 40, 185, 0, 'Santa María la Real de Nieva'),
(6299, 42, 185, 2, 'Torreblacos'),
(6300, 44, 185, 3, 'Pobo, El'),
(6301, 45, 185, 6, 'Villacañas'),
(6302, 46, 185, 9, 'Otos'),
(6303, 47, 185, 5, 'Valverde de Campos'),
(6304, 49, 185, 4, 'San Agustín del Pozo'),
(6305, 50, 185, 7, 'Murillo de Gállego'),
(6306, 5, 186, 7, 'Piedrahíta'),
(6307, 10, 186, 9, 'Torrecillas de la Tiesa'),
(6308, 16, 186, 8, 'Saelices'),
(6309, 17, 186, 4, 'Sarrià de Ter'),
(6310, 19, 186, 3, 'Mirabueno'),
(6311, 22, 186, 9, 'Pozán de Vero'),
(6312, 25, 186, 3, 'Riner'),
(6313, 31, 186, 2, 'Odieta'),
(6314, 34, 186, 8, 'Valbuena de Pisuerga'),
(6315, 37, 186, 0, 'Mata de Ledesma, La'),
(6316, 40, 186, 3, 'Santa Marta del Cerro'),
(6317, 45, 186, 9, 'Villa de Don Fadrique, La'),
(6318, 46, 186, 2, 'Paiporta'),
(6319, 47, 186, 8, 'Valladolid'),
(6320, 49, 186, 7, 'San Cebrián de Castro'),
(6321, 50, 186, 0, 'Navardún'),
(6322, 5, 187, 3, 'Piedralaves'),
(6323, 8, 187, 8, 'Sabadell'),
(6324, 10, 187, 5, 'Torre de Don Miguel'),
(6325, 16, 187, 4, 'Salinas del Manzano'),
(6326, 17, 187, 0, 'Saus,  Camallera i Llampaies'),
(6327, 18, 187, 6, 'Villanueva de las Torres'),
(6328, 19, 187, 9, 'Miralrío'),
(6329, 22, 187, 5, 'Puebla de Castro, La'),
(6330, 24, 187, 6, 'Valdevimbre'),
(6331, 31, 187, 8, 'Oitz'),
(6332, 37, 187, 6, 'Matilla de los Caños del Río'),
(6333, 42, 187, 1, 'Torrubia de Soria'),
(6334, 44, 187, 2, 'Portellada, La'),
(6335, 45, 187, 5, 'Villafranca de los Caballeros'),
(6336, 46, 187, 8, 'Palma de Gandía'),
(6337, 47, 187, 4, 'Vega de Ruiponce'),
(6338, 49, 187, 3, 'San Cristóbal de Entreviñas'),
(6339, 50, 187, 6, 'Nigüella'),
(6340, 5, 188, 9, 'Poveda'),
(6341, 8, 188, 4, 'Sagàs'),
(6342, 10, 188, 1, 'Torre de Santa María'),
(6343, 16, 188, 0, 'Salmeroncillos'),
(6344, 17, 188, 6, 'Selva de Mar, La'),
(6345, 18, 188, 2, 'Villanueva Mesía'),
(6346, 19, 188, 5, 'Mochales'),
(6347, 22, 188, 1, 'Puente de Montañana'),
(6348, 24, 188, 2, 'Valencia de Don Juan'),
(6349, 31, 188, 4, 'Olaibar'),
(6350, 37, 188, 2, 'Maya, La'),
(6351, 40, 188, 5, 'Santiuste de Pedraza'),
(6352, 42, 188, 7, 'Trévago'),
(6353, 45, 188, 1, 'Villaluenga de la Sagra'),
(6354, 46, 188, 4, 'Palmera'),
(6355, 47, 188, 0, 'Vega de Valdetronco'),
(6356, 49, 188, 9, 'San Esteban del Molar'),
(6357, 50, 188, 2, 'Nombrevilla'),
(6358, 5, 189, 2, 'Poyales del Hoyo'),
(6359, 8, 189, 7, 'Sant Pere Sallavinera'),
(6360, 9, 189, 0, 'Junta de Traslaloma'),
(6361, 10, 189, 4, 'Torrejoncillo'),
(6362, 16, 189, 3, 'Salvacañete'),
(6363, 17, 189, 9, 'Cellera de Ter, La'),
(6364, 18, 189, 5, 'Víznar'),
(6365, 19, 189, 8, 'Mohernando'),
(6366, 22, 189, 4, 'Puértolas'),
(6367, 24, 189, 5, 'Valverde de la Virgen'),
(6368, 25, 189, 8, 'Rosselló'),
(6369, 31, 189, 7, 'Olazti/Olazagutía'),
(6370, 34, 189, 3, 'Valdeolmillos'),
(6371, 37, 189, 5, 'Membribe de la Sierra'),
(6372, 40, 189, 8, 'Santiuste de San Juan Bautista'),
(6373, 42, 189, 0, 'Ucero'),
(6374, 44, 189, 1, 'Pozondón'),
(6375, 45, 189, 4, 'Villamiel de Toledo'),
(6376, 46, 189, 7, 'Palomar, el'),
(6377, 47, 189, 3, 'Velascálvaro'),
(6378, 49, 189, 2, 'San Justo'),
(6379, 50, 189, 5, 'Nonaspe'),
(6380, 5, 190, 6, 'Pozanco'),
(6381, 8, 190, 1, 'Saldes'),
(6382, 9, 190, 4, 'Junta de Villalba de Losa'),
(6383, 10, 190, 8, 'Torrejón el Rubio'),
(6384, 16, 190, 7, 'San Clemente'),
(6385, 17, 190, 3, 'Serinyà'),
(6386, 19, 190, 2, 'Molina de Aragón'),
(6387, 22, 190, 8, 'Pueyo de Araguás, El'),
(6388, 24, 190, 9, 'Valverde-Enrique'),
(6389, 25, 190, 2, 'Salàs de Pallars'),
(6390, 31, 190, 1, 'Olejua'),
(6391, 34, 190, 7, 'Valderrábano'),
(6392, 37, 190, 9, 'Mieza'),
(6393, 40, 190, 2, 'Santo Domingo de Pirón'),
(6394, 42, 190, 4, 'Vadillo'),
(6395, 44, 190, 5, 'Pozuel del Campo'),
(6396, 45, 190, 8, 'Villaminaya'),
(6397, 46, 190, 1, 'Paterna'),
(6398, 47, 190, 7, 'Velilla'),
(6399, 49, 190, 6, 'San Martín de Valderaduey'),
(6400, 50, 190, 9, 'Novallas'),
(6401, 5, 191, 3, 'Pradosegar'),
(6402, 8, 191, 8, 'Sallent'),
(6403, 9, 191, 1, 'Jurisdicción de Lara'),
(6404, 10, 191, 5, 'Torremenga'),
(6405, 16, 191, 4, 'San Lorenzo de la Parrilla'),
(6406, 17, 191, 0, 'Serra de Daró'),
(6407, 19, 191, 9, 'Monasterio'),
(6408, 24, 191, 6, 'Vallecillo'),
(6409, 25, 191, 9, 'Sanaüja'),
(6410, 31, 191, 8, 'Olite/Erriberri'),
(6411, 37, 191, 6, 'Milano, El'),
(6412, 40, 191, 9, 'Santo Tomé del Puerto'),
(6413, 42, 191, 1, 'Valdeavellano de Tera'),
(6414, 44, 191, 2, 'Puebla de Híjar, La'),
(6415, 45, 191, 5, 'Villamuelas'),
(6416, 46, 191, 8, 'Pedralba'),
(6417, 47, 191, 4, 'Velliza'),
(6418, 49, 191, 3, 'San Miguel de la Ribera'),
(6419, 50, 191, 6, 'Novillas'),
(6420, 5, 192, 8, 'Puerto Castilla'),
(6421, 8, 192, 3, 'Santpedor'),
(6422, 9, 192, 6, 'Jurisdicción de San Zadornil'),
(6423, 10, 192, 0, 'Torremocha'),
(6424, 16, 192, 9, 'San Martín de Boniches'),
(6425, 17, 192, 5, 'Setcases'),
(6426, 18, 192, 1, 'Zafarraya'),
(6427, 19, 192, 4, 'Mondéjar'),
(6428, 25, 192, 4, 'Sant Guim de Freixenet'),
(6429, 31, 192, 3, 'Olóriz/Oloritz'),
(6430, 34, 192, 9, 'Valde-Ucieza'),
(6431, 37, 192, 1, 'Miranda de Azán'),
(6432, 40, 192, 4, 'Sauquillo de Cabezas'),
(6433, 42, 192, 6, 'Valdegeña'),
(6434, 44, 192, 7, 'Puebla de Valverde, La'),
(6435, 45, 192, 0, 'Villanueva de Alcardete'),
(6436, 46, 192, 3, 'Petrés'),
(6437, 47, 192, 9, 'Ventosa de la Cuesta'),
(6438, 49, 192, 8, 'San Miguel del Valle'),
(6439, 50, 192, 1, 'Nuévalos'),
(6440, 5, 193, 4, 'Rasueros'),
(6441, 8, 193, 9, 'Sant Iscle de Vallalta'),
(6442, 10, 193, 6, 'Torreorgaz'),
(6443, 16, 193, 5, 'San Pedro Palmiches'),
(6444, 17, 193, 1, 'Sils'),
(6445, 18, 193, 7, 'Zubia, La'),
(6446, 19, 193, 0, 'Montarrón'),
(6447, 22, 193, 6, 'Pueyo de Santa Cruz'),
(6448, 24, 193, 7, 'Vecilla, La'),
(6449, 25, 193, 0, 'Sant Llorenç de Morunys'),
(6450, 31, 193, 9, 'Cendea de Olza/Oltza Zendea'),
(6451, 37, 193, 7, 'Miranda del Castañar'),
(6452, 40, 193, 0, 'Sebúlcor'),
(6453, 42, 193, 2, 'Valdelagua del Cerro'),
(6454, 44, 193, 3, 'Puertomingalvo'),
(6455, 45, 193, 6, 'Villanueva de Bogas'),
(6456, 46, 193, 9, 'Picanya'),
(6457, 47, 193, 5, 'Viana de Cega'),
(6458, 49, 193, 4, 'San Pedro de Ceque'),
(6459, 50, 193, 7, 'Nuez de Ebro'),
(6460, 5, 194, 9, 'Riocabado'),
(6461, 8, 194, 4, 'Sant Adrià de Besòs'),
(6462, 9, 194, 7, 'Lerma'),
(6463, 10, 194, 1, 'Torrequemada'),
(6464, 16, 194, 0, 'Santa Cruz de Moya'),
(6465, 17, 194, 6, 'Susqueda'),
(6466, 18, 194, 2, 'Zújar'),
(6467, 19, 194, 5, 'Moratilla de los Meleros'),
(6468, 24, 194, 2, 'Vegacervera'),
(6469, 25, 194, 5, 'Sant Ramon'),
(6470, 31, 194, 4, 'Ollo'),
(6471, 37, 194, 2, 'Mogarraz'),
(6472, 40, 194, 5, 'Segovia'),
(6473, 42, 194, 7, 'Valdemaluque'),
(6474, 44, 194, 8, 'Ráfales'),
(6475, 45, 194, 1, 'Villarejo de Montalbán'),
(6476, 46, 194, 4, 'Picassent'),
(6477, 47, 194, 0, 'Viloria'),
(6478, 49, 194, 9, 'San Pedro de la Nave-Almendra'),
(6479, 50, 194, 2, 'Olvés'),
(6480, 5, 195, 2, 'Riofrío'),
(6481, 8, 195, 7, 'Sant Agustí de Lluçanès'),
(6482, 9, 195, 0, 'Llano de Bureba'),
(6483, 10, 195, 4, 'Trujillo'),
(6484, 16, 195, 3, 'Santa María del Campo Rus'),
(6485, 17, 195, 9, 'Tallada d\'Empordà, La'),
(6486, 19, 195, 8, 'Morenilla'),
(6487, 22, 195, 4, 'Quicena'),
(6488, 31, 195, 7, 'Orbaizeta'),
(6489, 37, 195, 5, 'Molinillo'),
(6490, 40, 195, 8, 'Sepúlveda'),
(6491, 42, 195, 0, 'Valdenebro'),
(6492, 44, 195, 1, 'Rillo'),
(6493, 45, 195, 4, 'Villarrubia de Santiago'),
(6494, 46, 195, 7, 'Piles'),
(6495, 47, 195, 3, 'Villabáñez'),
(6496, 50, 195, 5, 'Orcajo'),
(6497, 5, 196, 5, 'Rivilla de Barajas'),
(6498, 8, 196, 0, 'Sant Andreu de la Barca'),
(6499, 9, 196, 3, 'Madrigal del Monte'),
(6500, 10, 196, 7, 'Valdastillas'),
(6501, 16, 196, 6, 'Santa María de los Llanos'),
(6502, 17, 196, 2, 'Terrades'),
(6503, 19, 196, 1, 'Muduex'),
(6504, 24, 196, 8, 'Vega de Espinareda'),
(6505, 25, 196, 1, 'Sant Esteve de la Sarga'),
(6506, 31, 196, 0, 'Orbara'),
(6507, 34, 196, 6, 'Valle de Cerrato'),
(6508, 37, 196, 8, 'Monforte de la Sierra'),
(6509, 40, 196, 1, 'Sequera de Fresno'),
(6510, 42, 196, 3, 'Valdeprado'),
(6511, 44, 196, 4, 'Riodeva'),
(6512, 45, 196, 7, 'Villaseca de la Sagra'),
(6513, 46, 196, 0, 'Pinet'),
(6514, 47, 196, 6, 'Villabaruz de Campos'),
(6515, 50, 196, 8, 'Orera'),
(6516, 5, 197, 1, 'Salobral'),
(6517, 8, 197, 6, 'Sant Andreu de Llavaneres'),
(6518, 9, 197, 9, 'Madrigalejo del Monte'),
(6519, 10, 197, 3, 'Valdecañas de Tajo'),
(6520, 16, 197, 2, 'Santa María del Val'),
(6521, 17, 197, 8, 'Torrent'),
(6522, 19, 197, 7, 'Navas de Jadraque, Las'),
(6523, 22, 197, 3, 'Robres'),
(6524, 24, 197, 4, 'Vega de Infanzones'),
(6525, 25, 197, 7, 'Sant Guim de la Plana'),
(6526, 31, 197, 6, 'Orísoain'),
(6527, 37, 197, 4, 'Monleón'),
(6528, 42, 197, 9, 'Valderrodilla'),
(6529, 44, 197, 0, 'Ródenas'),
(6530, 45, 197, 3, 'Villasequilla'),
(6531, 46, 197, 6, 'Polinyà de Xúquer'),
(6532, 47, 197, 2, 'Villabrágima'),
(6533, 49, 197, 1, 'Santa Clara de Avedillo'),
(6534, 50, 197, 4, 'Orés'),
(6535, 5, 198, 7, 'Salvadiós'),
(6536, 8, 198, 2, 'Sant Antoni de Vilamajor'),
(6537, 9, 198, 5, 'Mahamud'),
(6538, 10, 198, 9, 'Valdefuentes'),
(6539, 16, 198, 8, 'Sisante'),
(6540, 17, 198, 4, 'Torroella de Fluvià'),
(6541, 19, 198, 3, 'Negredo'),
(6542, 24, 198, 0, 'Vega de Valcarce'),
(6543, 31, 198, 2, 'Oronz/Orontze'),
(6544, 37, 198, 0, 'Monleras'),
(6545, 40, 198, 3, 'Sotillo'),
(6546, 42, 198, 5, 'Valtajeros'),
(6547, 44, 198, 6, 'Royuela'),
(6548, 45, 198, 9, 'Villatobas'),
(6549, 46, 198, 2, 'Potríes'),
(6550, 47, 198, 8, 'Villacarralón'),
(6551, 50, 198, 0, 'Oseja'),
(6552, 5, 199, 0, 'San Bartolomé de Béjar'),
(6553, 8, 199, 5, 'Sant Bartomeu del Grau'),
(6554, 9, 199, 8, 'Mambrilla de Castrejón'),
(6555, 10, 199, 2, 'Valdehúncar'),
(6556, 16, 199, 1, 'Solera de Gabaldón'),
(6557, 17, 199, 7, 'Torroella de Montgrí'),
(6558, 19, 199, 6, 'Ocentejo'),
(6559, 22, 199, 2, 'Sabiñánigo'),
(6560, 24, 199, 3, 'Vegaquemada'),
(6561, 31, 199, 5, 'Oroz-Betelu/Orotz-Betelu'),
(6562, 34, 199, 1, 'Velilla del Río Carrión'),
(6563, 37, 199, 3, 'Monsagro'),
(6564, 40, 199, 6, 'Sotosalbos'),
(6565, 44, 199, 9, 'Rubiales'),
(6566, 45, 199, 2, 'Viso de San Juan, El'),
(6567, 46, 199, 5, 'Pobla de Farnals, la'),
(6568, 47, 199, 1, 'Villacid de Campos'),
(6569, 49, 199, 0, 'Santa Colomba de las Monjas'),
(6570, 50, 199, 3, 'Osera de Ebro'),
(6571, 5, 200, 4, 'San Bartolomé de Corneja'),
(6572, 8, 200, 9, 'Sant Boi de Llobregat'),
(6573, 9, 200, 2, 'Mambrillas de Lara'),
(6574, 10, 200, 6, 'Valdelacasa de Tajo'),
(6575, 17, 200, 1, 'Tortellà'),
(6576, 19, 200, 0, 'Olivar, El'),
(6577, 22, 200, 6, 'Sahún'),
(6578, 25, 200, 0, 'Sarroca de Lleida'),
(6579, 31, 200, 9, 'Oteiza'),
(6580, 37, 200, 7, 'Montejo'),
(6581, 40, 200, 0, 'Tabanera la Luenga'),
(6582, 42, 200, 2, 'Velamazán'),
(6583, 44, 200, 3, 'Rubielos de la Cérida'),
(6584, 45, 200, 6, 'Yébenes, Los'),
(6585, 46, 200, 9, 'Pobla del Duc, la'),
(6586, 47, 200, 5, 'Villaco'),
(6587, 49, 200, 4, 'Santa Cristina de la Polvorosa'),
(6588, 50, 200, 7, 'Paniza'),
(6589, 5, 201, 1, 'San Bartolomé de Pinares'),
(6590, 8, 201, 6, 'Sant Boi de Lluçanès'),
(6591, 9, 201, 9, 'Mamolar'),
(6592, 10, 201, 3, 'Valdemorales'),
(6593, 17, 201, 8, 'Toses'),
(6594, 19, 201, 7, 'Olmeda de Cobeta'),
(6595, 22, 201, 3, 'Salas Altas'),
(6596, 24, 201, 4, 'Vegas del Condado'),
(6597, 25, 201, 7, 'Sarroca de Bellera'),
(6598, 31, 201, 6, 'Pamplona/Iruña'),
(6599, 34, 201, 2, 'Vertavillo'),
(6600, 37, 201, 4, 'Montemayor del Río'),
(6601, 40, 201, 7, 'Tolocirio'),
(6602, 42, 201, 9, 'Velilla de la Sierra'),
(6603, 44, 201, 0, 'Rubielos de Mora'),
(6604, 45, 201, 3, 'Yeles'),
(6605, 46, 201, 6, 'Puebla de San Miguel'),
(6606, 49, 201, 1, 'Santa Croya de Tera'),
(6607, 50, 201, 4, 'Paracuellos de Jiloca'),
(6608, 8, 202, 1, 'Sant Celoni'),
(6609, 9, 202, 4, 'Manciles'),
(6610, 10, 202, 8, 'Valdeobispo'),
(6611, 16, 202, 7, 'Talayuelas'),
(6612, 17, 202, 3, 'Tossa de Mar'),
(6613, 19, 202, 2, 'Olmeda de Jadraque, La'),
(6614, 22, 202, 8, 'Salas Bajas'),
(6615, 24, 202, 9, 'Villablino'),
(6616, 25, 202, 2, 'Senterada'),
(6617, 31, 202, 1, 'Peralta/Azkoien'),
(6618, 34, 202, 7, 'Villabasta de Valdavia'),
(6619, 37, 202, 9, 'Monterrubio de Armuña'),
(6620, 40, 202, 2, 'Torreadrada'),
(6621, 42, 202, 4, 'Velilla de los Ajos'),
(6622, 45, 202, 8, 'Yepes'),
(6623, 46, 202, 1, 'Pobla de Vallbona, la'),
(6624, 49, 202, 6, 'Santa Eufemia del Barco'),
(6625, 50, 202, 9, 'Paracuellos de la Ribera'),
(6626, 8, 203, 7, 'Sant Cebrià de Vallalta'),
(6627, 10, 203, 4, 'Valencia de Alcántara'),
(6628, 16, 203, 3, 'Tarancón'),
(6629, 17, 203, 9, 'Ultramort'),
(6630, 19, 203, 8, 'Ordial, El'),
(6631, 22, 203, 4, 'Salillas'),
(6632, 24, 203, 5, 'Villabraz'),
(6633, 25, 203, 8, 'Seu d\'Urgell, La'),
(6634, 31, 203, 7, 'Petilla de Aragón'),
(6635, 37, 203, 5, 'Monterrubio de la Sierra'),
(6636, 40, 203, 8, 'Torrecaballeros'),
(6637, 44, 203, 1, 'Salcedillo'),
(6638, 45, 203, 4, 'Yuncler'),
(6639, 46, 203, 7, 'Pobla Llarga, la'),
(6640, 47, 203, 3, 'Villafrades de Campos'),
(6641, 49, 203, 2, 'Santa María de la Vega'),
(6642, 50, 203, 5, 'Pastriz'),
(6643, 5, 204, 7, 'Sanchidrián'),
(6644, 8, 204, 2, 'Sant Climent de Llobregat'),
(6645, 10, 204, 9, 'Valverde de la Vera'),
(6646, 16, 204, 8, 'Tébar'),
(6647, 17, 204, 4, 'Ullà'),
(6648, 19, 204, 3, 'Orea'),
(6649, 22, 204, 9, 'Sallent de Gállego'),
(6650, 25, 204, 3, 'Seròs'),
(6651, 31, 204, 2, 'Piedramillera'),
(6652, 34, 204, 8, 'Villacidaler'),
(6653, 37, 204, 0, 'Morasverdes'),
(6654, 40, 204, 3, 'Torrecilla del Pinar'),
(6655, 42, 204, 5, 'Viana de Duero'),
(6656, 44, 204, 6, 'Saldón'),
(6657, 45, 204, 9, 'Yunclillos'),
(6658, 46, 204, 2, 'Puig'),
(6659, 47, 204, 8, 'Villafranca de Duero'),
(6660, 49, 204, 7, 'Santa María de Valverde'),
(6661, 50, 204, 0, 'Pedrola'),
(6662, 5, 205, 0, 'Sanchorreja'),
(6663, 8, 205, 5, 'Sant Cugat del Vallès'),
(6664, 10, 205, 2, 'Valverde del Fresno'),
(6665, 16, 205, 1, 'Tejadillos'),
(6666, 17, 205, 7, 'Ullastret'),
(6667, 22, 205, 2, 'San Esteban de Litera'),
(6668, 24, 205, 3, 'Villadangos del Páramo'),
(6669, 25, 205, 6, 'Sidamon'),
(6670, 31, 205, 5, 'Pitillas'),
(6671, 34, 205, 1, 'Villaconancio'),
(6672, 37, 205, 3, 'Morille'),
(6673, 40, 205, 6, 'Torreiglesias'),
(6674, 42, 205, 8, 'Villaciervos'),
(6675, 44, 205, 9, 'Samper de Calanda'),
(6676, 45, 205, 2, 'Yuncos'),
(6677, 46, 205, 5, 'Puçol'),
(6678, 47, 205, 1, 'Villafrechós'),
(6679, 49, 205, 0, 'Santibáñez de Tera'),
(6680, 50, 205, 3, 'Pedrosas, Las'),
(6681, 5, 206, 3, 'San Esteban de los Patos'),
(6682, 8, 206, 8, 'Sant Cugat Sesgarrigues'),
(6683, 9, 206, 1, 'Mazuela'),
(6684, 10, 206, 5, 'Viandar de la Vera'),
(6685, 16, 206, 4, 'Tinajas'),
(6686, 17, 206, 0, 'Urús'),
(6687, 22, 206, 5, 'Sangarrén'),
(6688, 24, 206, 6, 'Toral de los Vados'),
(6689, 25, 206, 9, 'Soleràs, El'),
(6690, 31, 206, 8, 'Puente la Reina/Gares'),
(6691, 34, 206, 4, 'Villada'),
(6692, 37, 206, 6, 'Moríñigo'),
(6693, 40, 206, 9, 'Torre Val de San Pedro'),
(6694, 42, 206, 1, 'Villanueva de Gormaz'),
(6695, 44, 206, 2, 'San Agustín'),
(6696, 46, 206, 8, 'Quesa'),
(6697, 47, 206, 4, 'Villafuerte'),
(6698, 49, 206, 3, 'Santibáñez de Vidriales'),
(6699, 50, 206, 6, 'Perdiguera'),
(6700, 5, 207, 9, 'San Esteban del Valle'),
(6701, 8, 207, 4, 'Sant Esteve de Palautordera'),
(6702, 10, 207, 1, 'Villa del Campo'),
(6703, 17, 207, 6, 'Vall d\'en Bas, La'),
(6704, 22, 207, 1, 'San Juan de Plan'),
(6705, 24, 207, 2, 'Villademor de la Vega'),
(6706, 25, 207, 5, 'Solsona'),
(6707, 31, 207, 4, 'Pueyo'),
(6708, 37, 207, 2, 'Moriscos'),
(6709, 40, 207, 5, 'Trescasas'),
(6710, 42, 207, 7, 'Villar del Ala'),
(6711, 44, 207, 8, 'San Martín del Río'),
(6712, 46, 207, 4, 'Rafelbuñol/Rafelbunyol'),
(6713, 47, 207, 0, 'Villagarcía de Campos'),
(6714, 49, 207, 9, 'Santovenia'),
(6715, 50, 207, 2, 'Piedratajada'),
(6716, 5, 208, 5, 'San Esteban de Zapardiel'),
(6717, 8, 208, 0, 'Sant Esteve Sesrovires'),
(6718, 9, 208, 3, 'Mecerreyes'),
(6719, 10, 208, 7, 'Villa del Rey'),
(6720, 17, 208, 2, 'Vall de Bianya, La'),
(6721, 19, 208, 1, 'Pálmaces de Jadraque'),
(6722, 22, 208, 7, 'Santa Cilia'),
(6723, 25, 208, 1, 'Soriguera'),
(6724, 31, 208, 0, 'Ribaforada'),
(6725, 34, 208, 6, 'Villaeles de Valdavia'),
(6726, 37, 208, 8, 'Moronta'),
(6727, 40, 208, 1, 'Turégano'),
(6728, 42, 208, 3, 'Villar del Campo'),
(6729, 44, 208, 4, 'Santa Cruz de Nogueras'),
(6730, 46, 208, 0, 'Rafelcofer'),
(6731, 47, 208, 6, 'Villagómez la Nueva'),
(6732, 49, 208, 5, 'San Vicente de la Cabeza'),
(6733, 50, 208, 8, 'Pina de Ebro'),
(6734, 5, 209, 8, 'San García de Ingelmos'),
(6735, 8, 209, 3, 'Sant Fost de Campsentelles'),
(6736, 9, 209, 6, 'Medina de Pomar'),
(6737, 10, 209, 0, 'Villamesías'),
(6738, 16, 209, 9, 'Torralba'),
(6739, 17, 209, 5, 'Vall-llobrega'),
(6740, 19, 209, 4, 'Pardos'),
(6741, 22, 209, 0, 'Santa Cruz de la Serós'),
(6742, 24, 209, 1, 'Villafranca del Bierzo'),
(6743, 25, 209, 4, 'Sort'),
(6744, 31, 209, 3, 'Romanzado'),
(6745, 37, 209, 1, 'Mozárbez'),
(6746, 42, 209, 6, 'Villar del Río'),
(6747, 44, 209, 7, 'Santa Eulalia'),
(6748, 46, 209, 3, 'Rafelguaraf'),
(6749, 47, 209, 9, 'Villalán de Campos'),
(6750, 49, 209, 8, 'San Vitero'),
(6751, 50, 209, 1, 'Pinseque'),
(6752, 5, 210, 2, 'San Juan de la Encinilla'),
(6753, 8, 210, 7, 'Sant Feliu de Codines'),
(6754, 10, 210, 4, 'Villamiel'),
(6755, 17, 210, 9, 'Ventalló'),
(6756, 19, 210, 8, 'Paredes de Sigüenza'),
(6757, 24, 210, 5, 'Villagatón'),
(6758, 25, 210, 8, 'Soses'),
(6759, 31, 210, 7, 'Roncal/Erronkari'),
(6760, 34, 210, 3, 'Villahán'),
(6761, 40, 210, 8, 'Urueñas'),
(6762, 44, 210, 1, 'Sarrión'),
(6763, 46, 210, 7, 'Ráfol de Salem'),
(6764, 47, 210, 3, 'Villalar de los Comuneros'),
(6765, 49, 210, 2, 'Sanzoles'),
(6766, 50, 210, 5, 'Pintanos, Los'),
(6767, 5, 211, 9, 'San Juan de la Nava'),
(6768, 8, 211, 4, 'Sant Feliu de Llobregat'),
(6769, 9, 211, 7, 'Melgar de Fernamental'),
(6770, 10, 211, 1, 'Villanueva de la Sierra'),
(6771, 16, 211, 0, 'Torrejoncillo del Rey'),
(6772, 17, 211, 6, 'Verges'),
(6773, 19, 211, 5, 'Pareja'),
(6774, 24, 211, 2, 'Villamandos'),
(6775, 25, 211, 5, 'Sudanell'),
(6776, 31, 211, 4, 'Orreaga/Roncesvalles'),
(6777, 34, 211, 0, 'Villaherreros'),
(6778, 37, 211, 2, 'Narros de Matalayegua'),
(6779, 40, 211, 5, 'Valdeprados'),
(6780, 42, 211, 7, 'Villares de Soria, Los'),
(6781, 44, 211, 8, 'Segura de los Baños'),
(6782, 46, 211, 4, 'Real de Gandía'),
(6783, 47, 211, 0, 'Villalba de la Loma'),
(6784, 50, 211, 2, 'Plasencia de Jalón'),
(6785, 5, 212, 4, 'San Juan del Molinillo'),
(6786, 8, 212, 9, 'Sant Feliu Sasserra'),
(6787, 10, 212, 6, 'Villanueva de la Vera'),
(6788, 16, 212, 5, 'Torrubia del Campo'),
(6789, 17, 212, 1, 'Vidrà'),
(6790, 19, 212, 0, 'Pastrana'),
(6791, 22, 212, 6, 'Santaliestra y San Quílez'),
(6792, 24, 212, 7, 'Villamañán'),
(6793, 25, 212, 0, 'Sunyer'),
(6794, 31, 212, 9, 'Sada'),
(6795, 37, 212, 7, 'Navacarros'),
(6796, 40, 212, 0, 'Valdevacas de Montejo'),
(6797, 42, 212, 2, 'Villasayas'),
(6798, 44, 212, 3, 'Seno'),
(6799, 46, 212, 9, 'Real'),
(6800, 47, 212, 5, 'Villalba de los Alcores'),
(6801, 50, 212, 7, 'Pleitas'),
(6802, 5, 213, 0, 'San Juan del Olmo'),
(6803, 8, 213, 5, 'Sant Fruitós de Bages'),
(6804, 9, 213, 8, 'Merindad de Cuesta-Urria'),
(6805, 10, 213, 2, 'Villar del Pedroso'),
(6806, 16, 213, 1, 'Torrubia del Castillo'),
(6807, 17, 213, 7, 'Vidreres'),
(6808, 19, 213, 6, 'Pedregal, El'),
(6809, 22, 213, 2, 'Sariñena'),
(6810, 24, 213, 3, 'Villamartín de Don Sancho'),
(6811, 31, 213, 5, 'Saldías'),
(6812, 34, 213, 1, 'Villalaco'),
(6813, 37, 213, 3, 'Nava de Béjar'),
(6814, 40, 213, 6, 'Valdevacas y Guijar'),
(6815, 42, 213, 8, 'Villaseca de Arciel'),
(6816, 44, 213, 9, 'Singra'),
(6817, 46, 213, 5, 'Requena'),
(6818, 47, 213, 1, 'Villalbarba'),
(6819, 50, 213, 3, 'Plenas'),
(6820, 5, 214, 5, 'San Lorenzo de Tormes'),
(6821, 8, 214, 0, 'Vilassar de Dalt'),
(6822, 9, 214, 3, 'Merindad de Montija'),
(6823, 10, 214, 7, 'Villar de Plasencia'),
(6824, 17, 214, 2, 'Vilabertran'),
(6825, 19, 214, 1, 'Peñalén'),
(6826, 22, 214, 7, 'Secastilla'),
(6827, 24, 214, 8, 'Villamejil'),
(6828, 31, 214, 0, 'Salinas de Oro/Jaitz'),
(6829, 34, 214, 6, 'Villalba de Guardo'),
(6830, 37, 214, 8, 'Nava de Francia'),
(6831, 40, 214, 1, 'Valseca'),
(6832, 46, 214, 0, 'Riba-roja de Túria'),
(6833, 47, 214, 6, 'Villalón de Campos'),
(6834, 49, 214, 5, 'Tábara'),
(6835, 50, 214, 8, 'Pomer'),
(6836, 5, 215, 8, 'San Martín de la Vega del Alberche'),
(6837, 8, 215, 3, 'Sant Hipòlit de Voltregà'),
(6838, 9, 215, 6, 'Merindad de Sotoscueva'),
(6839, 10, 215, 0, 'Villasbuenas de Gata'),
(6840, 16, 215, 9, 'Tragacete'),
(6841, 17, 215, 5, 'Vilablareix'),
(6842, 19, 215, 4, 'Peñalver'),
(6843, 22, 215, 0, 'Seira'),
(6844, 24, 215, 1, 'Villamol'),
(6845, 25, 215, 4, 'Talarn'),
(6846, 31, 215, 3, 'San Adrián'),
(6847, 34, 215, 9, 'Villalcázar de Sirga'),
(6848, 37, 215, 1, 'Nava de Sotrobal'),
(6849, 40, 215, 4, 'Valtiendas'),
(6850, 42, 215, 6, 'Vinuesa'),
(6851, 44, 215, 7, 'Terriente'),
(6852, 46, 215, 3, 'Riola'),
(6853, 47, 215, 9, 'Villamuriel de Campos'),
(6854, 50, 215, 1, 'Pozuel de Ariza'),
(6855, 5, 216, 1, 'San Martín del Pimpollar'),
(6856, 8, 216, 6, 'Sant Jaume de Frontanyà'),
(6857, 9, 216, 9, 'Merindad de Valdeporres'),
(6858, 10, 216, 3, 'Zarza de Granadilla'),
(6859, 16, 216, 2, 'Tresjuncos'),
(6860, 17, 216, 8, 'Viladasens'),
(6861, 19, 216, 7, 'Peralejos de las Truchas'),
(6862, 24, 216, 4, 'Villamontán de la Valduerna'),
(6863, 25, 216, 7, 'Talavera'),
(6864, 31, 216, 6, 'Sangüesa/Zangoza'),
(6865, 34, 216, 2, 'Villalcón'),
(6866, 37, 216, 4, 'Navales'),
(6867, 40, 216, 7, 'Valverde del Majano'),
(6868, 42, 216, 9, 'Vizmanos'),
(6869, 44, 216, 0, 'Teruel'),
(6870, 46, 216, 6, 'Rocafort'),
(6871, 47, 216, 2, 'Villán de Tordesillas'),
(6872, 49, 216, 1, 'Tapioles'),
(6873, 50, 216, 4, 'Pozuelo de Aragón'),
(6874, 5, 217, 7, 'San Miguel de Corneja'),
(6875, 8, 217, 2, 'Sant Joan Despí'),
(6876, 9, 217, 5, 'Merindad de Valdivielso'),
(6877, 10, 217, 9, 'Zarza de Montánchez'),
(6878, 16, 217, 8, 'Tribaldos'),
(6879, 17, 217, 4, 'Viladamat'),
(6880, 19, 217, 3, 'Peralveche'),
(6881, 22, 217, 9, 'Sena'),
(6882, 24, 217, 0, 'Villamoratiel de las Matas'),
(6883, 25, 217, 3, 'Tàrrega'),
(6884, 31, 217, 2, 'San Martín de Unx'),
(6885, 34, 217, 8, 'Villalobón'),
(6886, 37, 217, 0, 'Navalmoral de Béjar'),
(6887, 42, 217, 5, 'Vozmediano'),
(6888, 44, 217, 6, 'Toril y Masegoso'),
(6889, 46, 217, 2, 'Rotglà i Corberà'),
(6890, 47, 217, 8, 'Villanubla'),
(6891, 50, 217, 0, 'Pradilla de Ebro'),
(6892, 5, 218, 3, 'San Miguel de Serrezuela'),
(6893, 8, 218, 8, 'Sant Joan de Vilatorrada'),
(6894, 9, 218, 1, 'Milagros'),
(6895, 10, 218, 5, 'Zarza la Mayor'),
(6896, 16, 218, 4, 'Uclés'),
(6897, 17, 218, 0, 'Vilademuls'),
(6898, 19, 218, 9, 'Pinilla de Jadraque'),
(6899, 22, 218, 5, 'Senés de Alcubierre'),
(6900, 24, 218, 6, 'Villanueva de las Manzanas'),
(6901, 25, 218, 9, 'Tarrés'),
(6902, 34, 218, 4, 'Villaluenga de la Vega'),
(6903, 37, 218, 6, 'Navamorales'),
(6904, 40, 218, 9, 'Valle de Tabladillo'),
(6905, 42, 218, 1, 'Yanguas'),
(6906, 44, 218, 2, 'Tormón'),
(6907, 46, 218, 8, 'Rótova'),
(6908, 47, 218, 4, 'Villanueva de Duero'),
(6909, 50, 218, 6, 'Puebla de Albortón'),
(6910, 5, 219, 6, 'San Pascual'),
(6911, 8, 219, 1, 'Vilassar de Mar'),
(6912, 9, 219, 4, 'Miranda de Ebro'),
(6913, 10, 219, 8, 'Zorita'),
(6914, 16, 219, 7, 'Uña'),
(6915, 19, 219, 2, 'Pinilla de Molina'),
(6916, 24, 219, 9, 'Villaobispo de Otero'),
(6917, 25, 219, 2, 'Tarroja de Segarra'),
(6918, 31, 219, 1, 'Sansol'),
(6919, 37, 219, 9, 'Navarredonda de la Rinconada'),
(6920, 40, 219, 2, 'Vallelado'),
(6921, 42, 219, 4, 'Yelo'),
(6922, 44, 219, 5, 'Tornos'),
(6923, 46, 219, 1, 'Rugat'),
(6924, 47, 219, 7, 'Villanueva de la Condesa'),
(6925, 49, 219, 6, 'Toro'),
(6926, 50, 219, 9, 'Puebla de Alfindén, La'),
(6927, 5, 220, 0, 'San Pedro del Arroyo'),
(6928, 8, 220, 5, 'Sant Julià de Vilatorta'),
(6929, 9, 220, 8, 'Miraveche'),
(6930, 17, 220, 7, 'Viladrau'),
(6931, 19, 220, 6, 'Pioz'),
(6932, 22, 220, 2, 'Sesa'),
(6933, 25, 220, 6, 'Térmens'),
(6934, 31, 220, 5, 'Santacara'),
(6935, 34, 220, 1, 'Villamartín de Campos'),
(6936, 40, 220, 6, 'Valleruela de Pedraza'),
(6937, 44, 220, 9, 'Torralba de los Sisones'),
(6938, 46, 220, 5, 'Sagunto/Sagunt'),
(6939, 47, 220, 1, 'Villanueva de los Caballeros'),
(6940, 49, 220, 0, 'Torre del Valle, La'),
(6941, 50, 220, 3, 'Puendeluna'),
(6942, 5, 221, 7, 'Santa Cruz del Valle'),
(6943, 8, 221, 2, 'Sant Just Desvern'),
(6944, 9, 221, 5, 'Modúbar de la Emparedada'),
(6945, 17, 221, 4, 'Vilafant'),
(6946, 19, 221, 3, 'Piqueras'),
(6947, 22, 221, 9, 'Sesué'),
(6948, 24, 221, 0, 'Villaquejida'),
(6949, 25, 221, 3, 'Tírvia'),
(6950, 31, 221, 2, 'Doneztebe/Santesteban'),
(6951, 34, 221, 8, 'Villamediana'),
(6952, 37, 221, 0, 'Navasfrías'),
(6953, 40, 221, 3, 'Valleruela de Sepúlveda'),
(6954, 44, 221, 6, 'Torrecilla de Alcañiz'),
(6955, 46, 221, 2, 'Salem'),
(6956, 47, 221, 8, 'Villanueva de los Infantes'),
(6957, 49, 221, 7, 'Torregamones'),
(6958, 50, 221, 0, 'Purujosa'),
(6959, 5, 222, 2, 'Santa Cruz de Pinares'),
(6960, 8, 222, 7, 'Sant Llorenç d\'Hortons'),
(6961, 17, 222, 9, 'Vilaür'),
(6962, 19, 222, 8, 'Pobo de Dueñas, El'),
(6963, 22, 222, 4, 'Siétamo'),
(6964, 24, 222, 5, 'Villaquilambre'),
(6965, 25, 222, 8, 'Tiurana'),
(6966, 31, 222, 7, 'Sarriés/Sartze'),
(6967, 34, 222, 3, 'Villameriel'),
(6968, 37, 222, 5, 'Negrilla de Palencia'),
(6969, 40, 222, 8, 'Veganzones'),
(6970, 44, 222, 1, 'Torrecilla del Rebollar'),
(6971, 46, 222, 7, 'Sant Joanet'),
(6972, 47, 222, 3, 'Villanueva de San Mancio'),
(6973, 49, 222, 2, 'Torres del Carrizal'),
(6974, 50, 222, 5, 'Quinto'),
(6975, 8, 223, 3, 'Sant Llorenç Savall'),
(6976, 9, 223, 6, 'Monasterio de la Sierra'),
(6977, 17, 223, 5, 'Vilajuïga'),
(6978, 19, 223, 4, 'Poveda de la Sierra'),
(6979, 22, 223, 0, 'Sopeira'),
(6980, 24, 223, 1, 'Villarejo de Órbigo'),
(6981, 25, 223, 4, 'Torà'),
(6982, 31, 223, 3, 'Sartaguda'),
(6983, 34, 223, 9, 'Villamoronta'),
(6984, 37, 223, 1, 'Olmedo de Camaces'),
(6985, 40, 223, 4, 'Vegas de Matute'),
(6986, 44, 223, 7, 'Torre de Arcas'),
(6987, 46, 223, 3, 'Sedaví'),
(6988, 47, 223, 9, 'Villardefrades'),
(6989, 49, 223, 8, 'Trabazos'),
(6990, 50, 223, 1, 'Remolinos'),
(6991, 5, 224, 3, 'Santa María del Arroyo'),
(6992, 8, 224, 8, 'Sant Martí de Centelles'),
(6993, 9, 224, 1, 'Monasterio de Rodilla'),
(6994, 16, 224, 4, 'Valdemeca'),
(6995, 17, 224, 0, 'Vilallonga de Ter'),
(6996, 19, 224, 9, 'Pozo de Almoguera'),
(6997, 24, 224, 6, 'Villares de Órbigo'),
(6998, 25, 224, 9, 'Torms, Els'),
(6999, 31, 224, 8, 'Sesma'),
(7000, 34, 224, 4, 'Villamuera de la Cueza'),
(7001, 37, 224, 6, 'Orbada, La'),
(7002, 40, 224, 9, 'Ventosilla y Tejadilla'),
(7003, 44, 224, 2, 'Torre de las Arcas'),
(7004, 46, 224, 8, 'Segart'),
(7005, 47, 224, 4, 'Villarmentero de Esgueva'),
(7006, 49, 224, 3, 'Trefacio'),
(7007, 50, 224, 6, 'Retascón'),
(7008, 5, 225, 6, 'Santa María del Berrocal'),
(7009, 8, 225, 1, 'Sant Martí d\'Albars'),
(7010, 9, 225, 4, 'Moncalvillo'),
(7011, 16, 225, 7, 'Valdemorillo de la Sierra'),
(7012, 17, 225, 3, 'Vilamacolum'),
(7013, 19, 225, 2, 'Pozo de Guadalajara'),
(7014, 22, 225, 8, 'Tamarite de Litera'),
(7015, 24, 225, 9, 'Villasabariego'),
(7016, 25, 225, 2, 'Tornabous'),
(7017, 31, 225, 1, 'Sorlada'),
(7018, 34, 225, 7, 'Villamuriel de Cerrato'),
(7019, 37, 225, 9, 'Pajares de la Laguna'),
(7020, 40, 225, 2, 'Villacastín'),
(7021, 44, 225, 5, 'Torre del Compte'),
(7022, 46, 225, 1, 'Sellent'),
(7023, 47, 225, 7, 'Villasexmir'),
(7024, 49, 225, 6, 'Uña de Quintana'),
(7025, 50, 225, 9, 'Ricla'),
(7026, 5, 226, 9, 'Santa María de los Caballeros'),
(7027, 8, 226, 4, 'Sant Martí de Tous'),
(7028, 9, 226, 7, 'Monterrubio de la Demanda'),
(7029, 17, 226, 6, 'Vilamalla'),
(7030, 19, 226, 5, 'Prádena de Atienza'),
(7031, 22, 226, 1, 'Tardienta'),
(7032, 24, 226, 2, 'Villaselán'),
(7033, 25, 226, 5, 'Torrebesses'),
(7034, 31, 226, 4, 'Sunbilla'),
(7035, 37, 226, 2, 'Palacios del Arzobispo'),
(7036, 44, 226, 8, 'Torrelacárcel'),
(7037, 46, 226, 4, 'Sempere'),
(7038, 47, 226, 0, 'Villavaquerín'),
(7039, 49, 226, 9, 'Vadillo de la Guareña'),
(7040, 5, 227, 5, 'Santa María del Tiétar'),
(7041, 8, 227, 0, 'Sant Martí Sarroca'),
(7042, 9, 227, 3, 'Montorio'),
(7043, 16, 227, 6, 'Valdemoro-Sierra'),
(7044, 17, 227, 2, 'Vilamaniscle'),
(7045, 19, 227, 1, 'Prados Redondos'),
(7046, 22, 227, 7, 'Tella-Sin'),
(7047, 24, 227, 8, 'Villaturiel'),
(7048, 25, 227, 1, 'Torre de Cabdella, La'),
(7049, 31, 227, 0, 'Tafalla'),
(7050, 34, 227, 6, 'Villanueva del Rebollar'),
(7051, 44, 227, 4, 'Torre los Negros'),
(7052, 46, 227, 0, 'Senyera'),
(7053, 47, 227, 6, 'Villavellid'),
(7054, 49, 227, 5, 'Valcabado'),
(7055, 50, 227, 8, 'Romanos'),
(7056, 5, 228, 1, 'Santiago del Collado'),
(7057, 8, 228, 6, 'Sant Martí Sesgueioles'),
(7058, 9, 228, 9, 'Moradillo de Roa'),
(7059, 16, 228, 2, 'Valdeolivas'),
(7060, 17, 228, 8, 'Vilanant'),
(7061, 19, 228, 7, 'Puebla de Beleña'),
(7062, 22, 228, 3, 'Tierz'),
(7063, 24, 228, 4, 'Villazala'),
(7064, 25, 228, 7, 'Torrefarrera'),
(7065, 31, 228, 6, 'Tiebas-Muruarte de Reta'),
(7066, 34, 228, 2, 'Villanuño de Valdavia'),
(7067, 37, 228, 4, 'Palaciosrubios'),
(7068, 40, 228, 7, 'Villaverde de Íscar'),
(7069, 44, 228, 0, 'Torremocha de Jiloca'),
(7070, 46, 228, 6, 'Serra'),
(7071, 47, 228, 2, 'Villaverde de Medina'),
(7072, 49, 228, 1, 'Valdefinjas'),
(7073, 50, 228, 4, 'Rueda de Jalón'),
(7074, 5, 229, 4, 'Santo Domingo de las Posadas'),
(7075, 8, 229, 9, 'Sant Mateu de Bages'),
(7076, 9, 229, 2, 'Nava de Roa'),
(7077, 19, 229, 0, 'Puebla de Valles'),
(7078, 22, 229, 6, 'Tolva'),
(7079, 24, 229, 7, 'Villazanzo de Valderaduey'),
(7080, 31, 229, 9, 'Tirapu'),
(7081, 34, 229, 5, 'Villaprovedo'),
(7082, 37, 229, 7, 'Palencia de Negrilla'),
(7083, 40, 229, 0, 'Villaverde de Montejo'),
(7084, 44, 229, 3, 'Torres de Albarracín'),
(7085, 46, 229, 9, 'Siete Aguas'),
(7086, 47, 229, 5, 'Villavicencio de los Caballeros'),
(7087, 49, 229, 4, 'Valdescorriel'),
(7088, 50, 229, 7, 'Ruesca'),
(7089, 5, 230, 8, 'Santo Tomé de Zabarcos'),
(7090, 8, 230, 3, 'Premià de Dalt'),
(7091, 9, 230, 6, 'Navas de Bureba'),
(7092, 17, 230, 5, 'Vila-sacra'),
(7093, 19, 230, 4, 'Quer'),
(7094, 22, 230, 0, 'Torla'),
(7095, 24, 230, 1, 'Zotes del Páramo'),
(7096, 25, 230, 4, 'Torregrossa'),
(7097, 31, 230, 3, 'Torralba del Río'),
(7098, 34, 230, 9, 'Villarmentero de Campos'),
(7099, 37, 230, 1, 'Parada de Arriba'),
(7100, 40, 230, 4, 'Villeguillo'),
(7101, 44, 230, 7, 'Torrevelilla'),
(7102, 46, 230, 3, 'Silla'),
(7103, 47, 230, 9, 'Wamba'),
(7104, 49, 230, 8, 'Vallesa de la Guareña'),
(7105, 50, 230, 1, 'Sádaba'),
(7106, 5, 231, 5, 'San Vicente de Arévalo'),
(7107, 8, 231, 0, 'Sant Pere de Ribes'),
(7108, 9, 231, 3, 'Nebreda'),
(7109, 16, 231, 6, 'Valhermoso de la Fuente'),
(7110, 19, 231, 1, 'Rebollosa de Jadraque'),
(7111, 25, 231, 1, 'Torrelameu'),
(7112, 31, 231, 0, 'Torres del Río'),
(7113, 34, 231, 6, 'Villarrabé'),
(7114, 37, 231, 8, 'Parada de Rubiales'),
(7115, 40, 231, 1, 'Yanguas de Eresma'),
(7116, 44, 231, 4, 'Torrijas'),
(7117, 46, 231, 0, 'Simat de la Valldigna'),
(7118, 47, 231, 6, 'Zaratán'),
(7119, 49, 231, 5, 'Vega de Tera'),
(7120, 50, 231, 8, 'Salillas de Jalón'),
(7121, 5, 232, 0, 'Serrada, La'),
(7122, 8, 232, 5, 'Sant Pere de Riudebitlles'),
(7123, 9, 232, 8, 'Neila'),
(7124, 17, 232, 7, 'Vilopriu'),
(7125, 19, 232, 6, 'Recuenco, El'),
(7126, 22, 232, 2, 'Torralba de Aragón'),
(7127, 25, 232, 6, 'Torres de Segre'),
(7128, 31, 232, 5, 'Tudela'),
(7129, 34, 232, 1, 'Villarramiel'),
(7130, 37, 232, 3, 'Paradinas de San Juan'),
(7131, 44, 232, 9, 'Torrijo del Campo'),
(7132, 46, 232, 5, 'Sinarcas'),
(7133, 47, 232, 1, 'Zarza, La'),
(7134, 49, 232, 0, 'Vega de Villalobos'),
(7135, 50, 232, 3, 'Salvatierra de Esca'),
(7136, 5, 233, 6, 'Serranillos'),
(7137, 8, 233, 1, 'Sant Pere de Torelló'),
(7138, 17, 233, 3, 'Vilobí d\'Onyar'),
(7139, 19, 233, 2, 'Renera'),
(7140, 22, 233, 8, 'Torre la Ribera'),
(7141, 25, 233, 2, 'Torre-serona'),
(7142, 31, 233, 1, 'Tulebras'),
(7143, 34, 233, 7, 'Villasarracino'),
(7144, 37, 233, 9, 'Pastores'),
(7145, 40, 233, 2, 'Zarzuela del Monte'),
(7146, 46, 233, 1, 'Sollana'),
(7147, 49, 233, 6, 'Vegalatrave'),
(7148, 50, 233, 9, 'Samper del Salz'),
(7149, 5, 234, 1, 'Sigeres'),
(7150, 8, 234, 6, 'Sant Pere de Vilamajor'),
(7151, 16, 234, 2, 'Valsalobre'),
(7152, 17, 234, 8, 'Biure'),
(7153, 19, 234, 7, 'Retiendas'),
(7154, 22, 234, 3, 'Torrente de Cinca'),
(7155, 25, 234, 7, 'Tremp'),
(7156, 31, 234, 6, 'Ucar'),
(7157, 34, 234, 2, 'Villasila de Valdavia'),
(7158, 37, 234, 4, 'Payo, El'),
(7159, 40, 234, 7, 'Zarzuela del Pinar'),
(7160, 44, 234, 0, 'Tramacastiel'),
(7161, 46, 234, 6, 'Sot de Chera'),
(7162, 49, 234, 1, 'Venialbo'),
(7163, 50, 234, 4, 'San Martín de la Virgen de Moncayo'),
(7164, 5, 235, 4, 'Sinlabajos'),
(7165, 8, 235, 9, 'Sant Pol de Mar'),
(7166, 9, 235, 2, 'Olmedillo de Roa'),
(7167, 19, 235, 0, 'Riba de Saelices'),
(7168, 22, 235, 6, 'Torres de Alcanadre'),
(7169, 31, 235, 9, 'Ujué'),
(7170, 37, 235, 7, 'Pedraza de Alba'),
(7171, 44, 235, 3, 'Tramacastilla'),
(7172, 46, 235, 9, 'Sueca'),
(7173, 49, 235, 4, 'Vezdemarbán'),
(7174, 50, 235, 7, 'San Mateo de Gállego'),
(7175, 5, 236, 7, 'Solana de Ávila'),
(7176, 8, 236, 2, 'Sant Quintí de Mediona'),
(7177, 9, 236, 5, 'Olmillos de Muñó'),
(7178, 16, 236, 8, 'Valverde de Júcar'),
(7179, 22, 236, 9, 'Torres de Barbués'),
(7180, 31, 236, 2, 'Ultzama'),
(7181, 34, 236, 8, 'Villaturde'),
(7182, 37, 236, 0, 'Pedrosillo de Alba'),
(7183, 44, 236, 6, 'Tronchón'),
(7184, 46, 236, 2, 'Sumacàrcer'),
(7185, 49, 236, 7, 'Vidayanes'),
(7186, 50, 236, 0, 'Santa Cruz de Grío'),
(7187, 5, 237, 3, 'Solana de Rioalmar'),
(7188, 8, 237, 8, 'Sant Quirze de Besora'),
(7189, 16, 237, 4, 'Valverdejo'),
(7190, 19, 237, 9, 'Rillo de Gallo'),
(7191, 31, 237, 8, 'Unciti'),
(7192, 34, 237, 4, 'Villaumbrales'),
(7193, 37, 237, 6, 'Pedrosillo de los Aires'),
(7194, 44, 237, 2, 'Urrea de Gaén'),
(7195, 46, 237, 8, 'Tavernes Blanques'),
(7196, 49, 237, 3, 'Videmala'),
(7197, 50, 237, 6, 'Santa Cruz de Moncayo'),
(7198, 5, 238, 9, 'Solosancho'),
(7199, 8, 238, 4, 'Sant Quirze del Vallès'),
(7200, 9, 238, 7, 'Oña'),
(7201, 16, 238, 0, 'Vara de Rey'),
(7202, 19, 238, 5, 'Riofrío del Llano'),
(7203, 25, 238, 5, 'Vallbona de les Monges'),
(7204, 31, 238, 4, 'Unzué/Untzue'),
(7205, 34, 238, 0, 'Villaviudas'),
(7206, 37, 238, 2, 'Pedrosillo el Ralo'),
(7207, 44, 238, 8, 'Utrillas'),
(7208, 46, 238, 4, 'Tavernes de la Valldigna'),
(7209, 49, 238, 9, 'Villabrázaro'),
(7210, 50, 238, 2, 'Santa Eulalia de Gállego'),
(7211, 5, 239, 2, 'Sotalbo'),
(7212, 8, 239, 7, 'Sant Quirze Safaja'),
(7213, 9, 239, 0, 'Oquillas'),
(7214, 16, 239, 3, 'Vega del Codorno'),
(7215, 19, 239, 8, 'Robledillo de Mohernando'),
(7216, 22, 239, 4, 'Tramaced'),
(7217, 25, 239, 8, 'Valls de Valira, Les'),
(7218, 31, 239, 7, 'Urdazubi/Urdax'),
(7219, 37, 239, 5, 'Pedroso de la Armuña, El'),
(7220, 44, 239, 1, 'Valacloche'),
(7221, 46, 239, 7, 'Teresa de Cofrentes'),
(7222, 49, 239, 2, 'Villabuena del Puente'),
(7223, 50, 239, 5, 'Santed'),
(7224, 5, 240, 6, 'Sotillo de la Adrada'),
(7225, 8, 240, 1, 'Sant Sadurní d\'Anoia'),
(7226, 16, 240, 7, 'Vellisca'),
(7227, 19, 240, 2, 'Robledo de Corpes'),
(7228, 25, 240, 2, 'Vallfogona de Balaguer'),
(7229, 31, 240, 1, 'Urdiain'),
(7230, 34, 240, 7, 'Villerías de Campos'),
(7231, 37, 240, 9, 'Pelabravo'),
(7232, 44, 240, 5, 'Valbona'),
(7233, 46, 240, 1, 'Terrateig'),
(7234, 49, 240, 6, 'Villadepera'),
(7235, 50, 240, 9, 'Sástago'),
(7236, 5, 241, 3, 'Tiemblo, El'),
(7237, 8, 241, 8, 'Sant Sadurní d\'Osormort'),
(7238, 9, 241, 1, 'Orbaneja Riopico'),
(7239, 19, 241, 9, 'Romanillos de Atienza'),
(7240, 31, 241, 8, 'Urraul Alto'),
(7241, 34, 241, 4, 'Villodre'),
(7242, 37, 241, 6, 'Pelarrodríguez'),
(7243, 44, 241, 2, 'Valdealgorfa'),
(7244, 46, 241, 8, 'Titaguas'),
(7245, 49, 241, 3, 'Villaescusa'),
(7246, 50, 241, 6, 'Sabiñán'),
(7247, 5, 242, 8, 'Tiñosillos'),
(7248, 8, 242, 3, 'Marganell'),
(7249, 9, 242, 6, 'Padilla de Abajo'),
(7250, 16, 242, 9, 'Villaconejos de Trabaque'),
(7251, 19, 242, 4, 'Romanones'),
(7252, 22, 242, 0, 'Valfarta'),
(7253, 25, 242, 4, 'Verdú'),
(7254, 31, 242, 3, 'Urraul Bajo'),
(7255, 34, 242, 9, 'Villodrigo'),
(7256, 37, 242, 1, 'Pelayos'),
(7257, 46, 242, 3, 'Torrebaja'),
(7258, 49, 242, 8, 'Villafáfila'),
(7259, 50, 242, 1, 'Sediles'),
(7260, 5, 243, 4, 'Tolbaños'),
(7261, 8, 243, 9, 'Santa Cecília de Voltregà'),
(7262, 9, 243, 2, 'Padilla de Arriba'),
(7263, 16, 243, 5, 'Villaescusa de Haro'),
(7264, 19, 243, 0, 'Rueda de la Sierra'),
(7265, 22, 243, 6, 'Valle de Bardají'),
(7266, 25, 243, 0, 'Vielha e Mijaran'),
(7267, 31, 243, 9, 'Urroz-Villa'),
(7268, 34, 243, 5, 'Villoldo'),
(7269, 37, 243, 7, 'Peña, La'),
(7270, 44, 243, 3, 'Valdecuenca'),
(7271, 46, 243, 9, 'Torrella'),
(7272, 49, 243, 4, 'Villaferrueña'),
(7273, 50, 243, 7, 'Sestrica'),
(7274, 5, 244, 9, 'Tormellas'),
(7275, 8, 244, 4, 'Santa Coloma de Cervelló'),
(7276, 9, 244, 7, 'Padrones de Bureba'),
(7277, 16, 244, 0, 'Villagarcía del Llano'),
(7278, 19, 244, 5, 'Sacecorbo'),
(7279, 22, 244, 1, 'Valle de Lierp'),
(7280, 25, 244, 5, 'Vilagrassa'),
(7281, 31, 244, 4, 'Urrotz'),
(7282, 37, 244, 2, 'Peñacaballera'),
(7283, 44, 244, 8, 'Valdelinares'),
(7284, 46, 244, 4, 'Torrent'),
(7285, 49, 244, 9, 'Villageriz'),
(7286, 50, 244, 2, 'Sierra de Luna'),
(7287, 5, 245, 2, 'Tornadizos de Ávila'),
(7288, 8, 245, 7, 'Santa Coloma de Gramenet'),
(7289, 16, 245, 3, 'Villalba de la Sierra'),
(7290, 19, 245, 8, 'Sacedón'),
(7291, 22, 245, 4, 'Velilla de Cinca'),
(7292, 25, 245, 8, 'Vilaller'),
(7293, 31, 245, 7, 'Urzainqui/Urzainki'),
(7294, 34, 245, 3, 'Villota del Páramo'),
(7295, 37, 245, 5, 'Peñaparda'),
(7296, 44, 245, 1, 'Valdeltormo'),
(7297, 46, 245, 7, 'Torres Torres'),
(7298, 49, 245, 2, 'Villalazán'),
(7299, 50, 245, 5, 'Sigüés'),
(7300, 5, 246, 5, 'Tórtoles'),
(7301, 8, 246, 0, 'Santa Eugènia de Berga'),
(7302, 9, 246, 3, 'Palacios de la Sierra'),
(7303, 16, 246, 6, 'Villalba del Rey'),
(7304, 19, 246, 1, 'Saelices de la Sal'),
(7305, 22, 246, 7, 'Beranuy'),
(7306, 31, 246, 0, 'Uterga'),
(7307, 34, 246, 6, 'Villovieco'),
(7308, 37, 246, 8, 'Peñaranda de Bracamonte'),
(7309, 44, 246, 4, 'Valderrobres'),
(7310, 46, 246, 0, 'Tous'),
(7311, 49, 246, 5, 'Villalba de la Lampreana'),
(7312, 50, 246, 8, 'Sisamón'),
(7313, 5, 247, 1, 'Torre, La'),
(7314, 8, 247, 6, 'Santa Eulàlia de Riuprimer'),
(7315, 9, 247, 9, 'Palacios de Riopisuerga'),
(7316, 16, 247, 2, 'Villalgordo del Marquesado'),
(7317, 19, 247, 7, 'Salmerón'),
(7318, 22, 247, 3, 'Viacamp y Litera'),
(7319, 25, 247, 7, 'Vilamòs'),
(7320, 31, 247, 6, 'Uztárroz/Uztarroze'),
(7321, 37, 247, 4, 'Peñarandilla'),
(7322, 44, 247, 0, 'Valjunquera'),
(7323, 46, 247, 6, 'Tuéjar'),
(7324, 49, 247, 1, 'Villalcampo'),
(7325, 50, 247, 4, 'Sobradiel'),
(7326, 8, 248, 2, 'Santa Eulàlia de Ronçana'),
(7327, 9, 248, 5, 'Palazuelos de la Sierra'),
(7328, 16, 248, 8, 'Villalpardo'),
(7329, 19, 248, 3, 'San Andrés del Congosto'),
(7330, 22, 248, 9, 'Vicién'),
(7331, 25, 248, 3, 'Vilanova de Bellpuig'),
(7332, 31, 248, 2, 'Luzaide/Valcarlos'),
(7333, 37, 248, 0, 'Peralejos de Abajo'),
(7334, 46, 248, 2, 'Turís'),
(7335, 49, 248, 7, 'Villalobos'),
(7336, 50, 248, 0, 'Sos del Rey Católico'),
(7337, 5, 249, 0, 'Umbrías'),
(7338, 8, 249, 5, 'Santa Fe del Penedès'),
(7339, 9, 249, 8, 'Palazuelos de Muñó'),
(7340, 16, 249, 1, 'Villamayor de Santiago'),
(7341, 19, 249, 6, 'San Andrés del Rey'),
(7342, 22, 249, 2, 'Villanova'),
(7343, 25, 249, 6, 'Vilanova de l\'Aguda'),
(7344, 31, 249, 5, 'Valtierra'),
(7345, 37, 249, 3, 'Peralejos de Arriba'),
(7346, 44, 249, 9, 'Vallecillo, El'),
(7347, 46, 249, 5, 'Utiel'),
(7348, 49, 249, 0, 'Villalonso'),
(7349, 50, 249, 3, 'Tabuenca'),
(7350, 8, 250, 8, 'Santa Margarida de Montbui'),
(7351, 9, 250, 1, 'Pampliega'),
(7352, 16, 250, 4, 'Villanueva de Guadamejud'),
(7353, 19, 250, 9, 'Santiuste'),
(7354, 22, 250, 5, 'Villanúa'),
(7355, 25, 250, 9, 'Vilanova de Meià'),
(7356, 31, 250, 8, 'Bera'),
(7357, 37, 250, 6, 'Pereña de la Ribera'),
(7358, 44, 250, 2, 'Veguillas de la Sierra'),
(7359, 46, 250, 8, 'Valencia'),
(7360, 49, 250, 3, 'Villalpando'),
(7361, 50, 250, 6, 'Talamantes'),
(7362, 5, 251, 0, 'Vadillo de la Sierra'),
(7363, 8, 251, 5, 'Santa Margarida i els Monjos'),
(7364, 9, 251, 8, 'Pancorbo'),
(7365, 16, 251, 1, 'Villanueva de la Jara'),
(7366, 19, 251, 6, 'Saúca'),
(7367, 22, 251, 2, 'Villanueva de Sigena'),
(7368, 25, 251, 6, 'Vilanova de Segrià'),
(7369, 31, 251, 5, 'Viana'),
(7370, 37, 251, 3, 'Peromingo'),
(7371, 44, 251, 9, 'Villafranca del Campo'),
(7372, 46, 251, 5, 'Vallada'),
(7373, 49, 251, 0, 'Villalube'),
(7374, 50, 251, 3, 'Tarazona'),
(7375, 5, 252, 5, 'Valdecasa'),
(7376, 8, 252, 0, 'Barberà del Vallès'),
(7377, 19, 252, 1, 'Sayatón'),
(7378, 22, 252, 7, 'Yebra de Basa'),
(7379, 25, 252, 1, 'Vila-sana'),
(7380, 31, 252, 0, 'Vidángoz/Bidankoze'),
(7381, 37, 252, 8, 'Pinedas'),
(7382, 44, 252, 4, 'Villahermosa del Campo'),
(7383, 46, 252, 0, 'Vallanca'),
(7384, 49, 252, 5, 'Villamayor de Campos'),
(7385, 50, 252, 8, 'Tauste'),
(7386, 5, 253, 1, 'Vega de Santa María'),
(7387, 8, 253, 6, 'Santa Maria de Besora'),
(7388, 9, 253, 9, 'Pardilla'),
(7389, 16, 253, 2, 'Villar de Cañas'),
(7390, 22, 253, 3, 'Yésero'),
(7391, 25, 253, 7, 'Vilosell, El'),
(7392, 31, 253, 6, 'Bidaurreta'),
(7393, 37, 253, 4, 'Pino de Tormes, El'),
(7394, 46, 253, 6, 'Vallés'),
(7395, 50, 253, 4, 'Terrer'),
(7396, 5, 254, 6, 'Velayos'),
(7397, 8, 254, 1, 'Santa Maria de Corcó'),
(7398, 16, 254, 7, 'Villar de Domingo García'),
(7399, 19, 254, 2, 'Selas'),
(7400, 22, 254, 8, 'Zaidín'),
(7401, 25, 254, 2, 'Vilanova de la Barca'),
(7402, 31, 254, 1, 'Villafranca'),
(7403, 37, 254, 9, 'Pitiegua'),
(7404, 46, 254, 1, 'Venta del Moro'),
(7405, 50, 254, 9, 'Tierga'),
(7406, 8, 255, 4, 'Santa Maria de Merlès'),
(7407, 9, 255, 7, 'Partido de la Sierra en Tobalina'),
(7408, 16, 255, 0, 'Villar de la Encina'),
(7409, 19, 255, 5, 'Setiles'),
(7410, 25, 255, 5, 'Vinaixa'),
(7411, 31, 255, 4, 'Villamayor de Monjardín'),
(7412, 37, 255, 2, 'Pizarral'),
(7413, 46, 255, 4, 'Villalonga'),
(7414, 49, 255, 9, 'Villamor de los Escuderos'),
(7415, 50, 255, 2, 'Tobed'),
(7416, 5, 256, 2, 'Villaflor'),
(7417, 8, 256, 7, 'Santa Maria de Martorelles'),
(7418, 9, 256, 0, 'Pedrosa de Duero'),
(7419, 19, 256, 8, 'Sienes'),
(7420, 31, 256, 7, 'Hiriberri/Villanueva de Aezkoa'),
(7421, 37, 256, 5, 'Poveda de las Cintas'),
(7422, 44, 256, 1, 'Villanueva del Rebollar de la Sierra'),
(7423, 46, 256, 7, 'Vilamarxant'),
(7424, 49, 256, 2, 'Villanázar'),
(7425, 50, 256, 5, 'Torralba de los Frailes'),
(7426, 5, 257, 8, 'Villafranca de la Sierra'),
(7427, 8, 257, 3, 'Santa Maria de Miralles'),
(7428, 9, 257, 6, 'Pedrosa del Páramo'),
(7429, 19, 257, 4, 'Sigüenza'),
(7430, 31, 257, 3, 'Villatuerta'),
(7431, 37, 257, 1, 'Pozos de Hinojo'),
(7432, 44, 257, 7, 'Villar del Cobo'),
(7433, 46, 257, 3, 'Villanueva de Castellón'),
(7434, 49, 257, 8, 'Villanueva de Azoague'),
(7435, 50, 257, 1, 'Torralba de Ribota'),
(7436, 5, 258, 4, 'Villanueva de Gómez'),
(7437, 8, 258, 9, 'Santa Maria d\'Oló'),
(7438, 9, 258, 2, 'Pedrosa del Príncipe'),
(7439, 16, 258, 5, 'Villar del Humo'),
(7440, 19, 258, 0, 'Solanillos del Extremo'),
(7441, 31, 258, 9, 'Villava/Atarrabia'),
(7442, 37, 258, 7, 'Puebla de Azaba'),
(7443, 44, 258, 3, 'Villar del Salz'),
(7444, 46, 258, 9, 'Villar del Arzobispo'),
(7445, 49, 258, 4, 'Villanueva de Campeán'),
(7446, 50, 258, 7, 'Torralbilla'),
(7447, 5, 259, 7, 'Villanueva del Aceral'),
(7448, 8, 259, 2, 'Santa Maria de Palautordera'),
(7449, 9, 259, 5, 'Pedrosa de Río Úrbel'),
(7450, 16, 259, 8, 'Villar del Infantado'),
(7451, 19, 259, 3, 'Somolinos'),
(7452, 31, 259, 2, 'Igantzi'),
(7453, 37, 259, 0, 'Puebla de San Medel'),
(7454, 46, 259, 2, 'Villargordo del Cabriel'),
(7455, 49, 259, 7, 'Villanueva de las Peras'),
(7456, 50, 259, 0, 'Torrehermosa'),
(7457, 5, 260, 1, 'Villanueva del Campillo'),
(7458, 8, 260, 6, 'Santa Perpètua de Mogoda'),
(7459, 19, 260, 7, 'Sotillo, El'),
(7460, 31, 260, 6, 'Valle de Yerri/Deierri'),
(7461, 37, 260, 4, 'Puebla de Yeltes'),
(7462, 44, 260, 0, 'Villarluengo'),
(7463, 46, 260, 6, 'Vinalesa'),
(7464, 49, 260, 1, 'Villanueva del Campo'),
(7465, 50, 260, 4, 'Torrelapaja'),
(7466, 5, 261, 8, 'Villar de Corneja'),
(7467, 8, 261, 3, 'Santa Susanna'),
(7468, 9, 261, 6, 'Peñaranda de Duero'),
(7469, 19, 261, 4, 'Sotodosos'),
(7470, 31, 261, 3, 'Yesa'),
(7471, 37, 261, 1, 'Puente del Congosto'),
(7472, 44, 261, 7, 'Villarquemado'),
(7473, 46, 261, 3, 'Yátova'),
(7474, 49, 261, 8, 'Villaralbo'),
(7475, 50, 261, 1, 'Torrellas'),
(7476, 5, 262, 3, 'Villarejo del Valle'),
(7477, 8, 262, 8, 'Sant Vicenç de Castellet'),
(7478, 9, 262, 1, 'Peral de Arlanza'),
(7479, 19, 262, 9, 'Tamajón'),
(7480, 31, 262, 8, 'Zabalza/Zabaltza'),
(7481, 37, 262, 6, 'Puertas'),
(7482, 44, 262, 2, 'Villarroya de los Pinares'),
(7483, 46, 262, 8, 'Yesa, La'),
(7484, 49, 262, 3, 'Villardeciervos'),
(7485, 50, 262, 6, 'Torres de Berrellén'),
(7486, 5, 263, 9, 'Villatoro'),
(7487, 8, 263, 4, 'Sant Vicenç dels Horts'),
(7488, 16, 263, 0, 'Villar de Olalla'),
(7489, 19, 263, 5, 'Taragudo'),
(7490, 31, 263, 4, 'Zubieta'),
(7491, 37, 263, 2, 'Puerto de Béjar'),
(7492, 44, 263, 8, 'Villastar'),
(7493, 46, 263, 4, 'Zarra'),
(7494, 49, 263, 9, 'Villar de Fallaves'),
(7495, 50, 263, 2, 'Torrijo de la Cañada'),
(7496, 5, 264, 4, 'Viñegra de Moraña'),
(7497, 8, 264, 9, 'Sant Vicenç de Montalt'),
(7498, 16, 264, 5, 'Villarejo de Fuentes'),
(7499, 19, 264, 0, 'Taravilla'),
(7500, 31, 264, 9, 'Zugarramurdi'),
(7501, 37, 264, 7, 'Puerto Seguro'),
(7502, 44, 264, 3, 'Villel'),
(7503, 49, 264, 4, 'Villar del Buey'),
(7504, 50, 264, 7, 'Tosos'),
(7505, 5, 265, 7, 'Vita'),
(7506, 8, 265, 2, 'Sant Vicenç de Torelló'),
(7507, 9, 265, 5, 'Piérnigas'),
(7508, 16, 265, 8, 'Villarejo de la Peñuela'),
(7509, 19, 265, 3, 'Tartanedo'),
(7510, 31, 265, 2, 'Zúñiga'),
(7511, 37, 265, 0, 'Rágama'),
(7512, 44, 265, 6, 'Vinaceite'),
(7513, 49, 265, 7, 'Villardiegua de la Ribera'),
(7514, 50, 265, 0, 'Trasmoz');
INSERT INTO `municipios` (`id_municipio`, `id_provincia`, `cod_municipio`, `DC`, `nombre`) VALUES
(7515, 5, 266, 0, 'Zapardiel de la Cañada'),
(7516, 8, 266, 5, 'Cerdanyola del Vallès'),
(7517, 9, 266, 8, 'Pineda de la Sierra'),
(7518, 16, 266, 1, 'Villarejo-Periesteban'),
(7519, 19, 266, 6, 'Tendilla'),
(7520, 37, 266, 3, 'Redonda, La'),
(7521, 44, 266, 9, 'Visiedo'),
(7522, 49, 266, 0, 'Villárdiga'),
(7523, 50, 266, 3, 'Trasobares'),
(7524, 5, 267, 6, 'Zapardiel de la Ribera'),
(7525, 8, 267, 1, 'Sentmenat'),
(7526, 9, 267, 4, 'Pineda Trasmonte'),
(7527, 19, 267, 2, 'Terzaga'),
(7528, 37, 267, 9, 'Retortillo'),
(7529, 44, 267, 5, 'Vivel del Río Martín'),
(7530, 49, 267, 6, 'Villardondiego'),
(7531, 50, 267, 9, 'Uncastillo'),
(7532, 8, 268, 7, 'Cercs'),
(7533, 9, 268, 0, 'Pinilla de los Barruecos'),
(7534, 19, 268, 8, 'Tierzo'),
(7535, 37, 268, 5, 'Rinconada de la Sierra, La'),
(7536, 44, 268, 1, 'Zoma, La'),
(7537, 49, 268, 2, 'Villarrín de Campos'),
(7538, 50, 268, 5, 'Undués de Lerda'),
(7539, 8, 269, 0, 'Seva'),
(7540, 9, 269, 3, 'Pinilla de los Moros'),
(7541, 16, 269, 6, 'Villares del Saz'),
(7542, 19, 269, 1, 'Toba, La'),
(7543, 37, 269, 8, 'Robleda'),
(7544, 49, 269, 5, 'Villaseco del Pan'),
(7545, 50, 269, 8, 'Urrea de Jalón'),
(7546, 8, 270, 4, 'Sitges'),
(7547, 9, 270, 7, 'Pinilla Trasmonte'),
(7548, 16, 270, 0, 'Villarrubio'),
(7549, 19, 270, 5, 'Tordelrábano'),
(7550, 37, 270, 2, 'Robliza de Cojos'),
(7551, 49, 270, 9, 'Villavendimio'),
(7552, 50, 270, 2, 'Urriés'),
(7553, 8, 271, 1, 'Sobremunt'),
(7554, 16, 271, 7, 'Villarta'),
(7555, 19, 271, 2, 'Tordellego'),
(7556, 37, 271, 9, 'Rollán'),
(7557, 49, 271, 6, 'Villaveza del Agua'),
(7558, 50, 271, 9, 'Used'),
(7559, 8, 272, 6, 'Sora'),
(7560, 9, 272, 9, 'Poza de la Sal'),
(7561, 16, 272, 2, 'Villas de la Ventosa'),
(7562, 19, 272, 7, 'Tordesilos'),
(7563, 37, 272, 4, 'Saelices el Chico'),
(7564, 49, 272, 1, 'Villaveza de Valverde'),
(7565, 50, 272, 4, 'Utebo'),
(7566, 8, 273, 2, 'Subirats'),
(7567, 9, 273, 5, 'Prádanos de Bureba'),
(7568, 16, 273, 8, 'Villaverde y Pasaconsol'),
(7569, 37, 273, 0, 'Sagrada, La'),
(7570, 49, 273, 7, 'Viñas'),
(7571, 50, 273, 0, 'Valdehorna'),
(7572, 8, 274, 7, 'Súria'),
(7573, 9, 274, 0, 'Pradoluengo'),
(7574, 16, 274, 3, 'Víllora'),
(7575, 19, 274, 8, 'Torija'),
(7576, 37, 274, 5, 'Salamanca'),
(7577, 50, 274, 5, 'Val de San Martín'),
(7578, 8, 275, 0, 'Tavèrnoles'),
(7579, 9, 275, 3, 'Presencio'),
(7580, 16, 275, 6, 'Vindel'),
(7581, 37, 275, 8, 'Saldeana'),
(7582, 49, 275, 5, 'Zamora'),
(7583, 50, 275, 8, 'Valmadrid'),
(7584, 8, 276, 3, 'Tagamanent'),
(7585, 9, 276, 6, 'Puebla de Arganzón, La'),
(7586, 16, 276, 9, 'Yémeda'),
(7587, 37, 276, 1, 'Salmoral'),
(7588, 50, 276, 1, 'Valpalmas'),
(7589, 8, 277, 9, 'Talamanca'),
(7590, 9, 277, 2, 'Puentedura'),
(7591, 16, 277, 5, 'Zafra de Záncara'),
(7592, 19, 277, 0, 'Torrecuadrada de Molina'),
(7593, 37, 277, 7, 'Salvatierra de Tormes'),
(7594, 50, 277, 7, 'Valtorres'),
(7595, 8, 278, 5, 'Taradell'),
(7596, 16, 278, 1, 'Zafrilla'),
(7597, 19, 278, 6, 'Torrecuadradilla'),
(7598, 37, 278, 3, 'San Cristóbal de la Cuesta'),
(7599, 50, 278, 3, 'Velilla de Ebro'),
(7600, 8, 279, 8, 'Terrassa'),
(7601, 9, 279, 1, 'Quemada'),
(7602, 16, 279, 4, 'Zarza de Tajo'),
(7603, 19, 279, 9, 'Torre del Burgo'),
(7604, 37, 279, 6, 'Sancti-Spíritus'),
(7605, 50, 279, 6, 'Velilla de Jiloca'),
(7606, 8, 280, 2, 'Tavertet'),
(7607, 9, 280, 5, 'Quintanabureba'),
(7608, 16, 280, 8, 'Zarzuela'),
(7609, 19, 280, 3, 'Torrejón del Rey'),
(7610, 37, 280, 0, 'Sanchón de la Ribera'),
(7611, 50, 280, 0, 'Vera de Moncayo'),
(7612, 8, 281, 9, 'Teià'),
(7613, 9, 281, 2, 'Quintana del Pidio'),
(7614, 19, 281, 0, 'Torremocha de Jadraque'),
(7615, 37, 281, 7, 'Sanchón de la Sagrada'),
(7616, 50, 281, 7, 'Vierlas'),
(7617, 8, 282, 4, 'Tiana'),
(7618, 19, 282, 5, 'Torremocha del Campo'),
(7619, 37, 282, 2, 'Sanchotello'),
(7620, 50, 282, 2, 'Vilueña, La'),
(7621, 8, 283, 0, 'Tona'),
(7622, 9, 283, 3, 'Quintanaélez'),
(7623, 19, 283, 1, 'Torremocha del Pinar'),
(7624, 37, 283, 8, 'Sando'),
(7625, 50, 283, 8, 'Villadoz'),
(7626, 8, 284, 5, 'Tordera'),
(7627, 19, 284, 6, 'Torremochuela'),
(7628, 37, 284, 3, 'San Esteban de la Sierra'),
(7629, 50, 284, 3, 'Villafeliche'),
(7630, 8, 285, 8, 'Torelló'),
(7631, 19, 285, 9, 'Torrubia'),
(7632, 37, 285, 6, 'San Felices de los Gallegos'),
(7633, 50, 285, 6, 'Villafranca de Ebro'),
(7634, 8, 286, 1, 'Torre de Claramunt, La'),
(7635, 19, 286, 2, 'Tórtola de Henares'),
(7636, 37, 286, 9, 'San Martín del Castañar'),
(7637, 50, 286, 9, 'Villalba de Perejil'),
(7638, 8, 287, 7, 'Torrelavit'),
(7639, 9, 287, 0, 'Quintanaortuño'),
(7640, 19, 287, 8, 'Tortuera'),
(7641, 37, 287, 5, 'San Miguel de Valero'),
(7642, 50, 287, 5, 'Villalengua'),
(7643, 8, 288, 3, 'Torrelles de Foix'),
(7644, 9, 288, 6, 'Quintanapalla'),
(7645, 19, 288, 4, 'Tortuero'),
(7646, 37, 288, 1, 'San Morales'),
(7647, 50, 288, 1, 'Villanueva de Gállego'),
(7648, 8, 289, 6, 'Torrelles de Llobregat'),
(7649, 9, 289, 9, 'Quintanar de la Sierra'),
(7650, 19, 289, 7, 'Traíd'),
(7651, 37, 289, 4, 'San Muñoz'),
(7652, 50, 289, 4, 'Villanueva de Jiloca'),
(7653, 8, 290, 0, 'Ullastrell'),
(7654, 19, 290, 1, 'Trijueque'),
(7655, 37, 290, 8, 'San Pedro del Valle'),
(7656, 50, 290, 8, 'Villanueva de Huerva'),
(7657, 8, 291, 7, 'Vacarisses'),
(7658, 19, 291, 8, 'Trillo'),
(7659, 37, 291, 5, 'San Pedro de Rozados'),
(7660, 50, 291, 5, 'Villar de los Navarros'),
(7661, 8, 292, 2, 'Vallbona d\'Anoia'),
(7662, 9, 292, 5, 'Quintanavides'),
(7663, 37, 292, 0, 'San Pelayo de Guareña'),
(7664, 50, 292, 0, 'Villarreal de Huerva'),
(7665, 8, 293, 8, 'Vallcebre'),
(7666, 19, 293, 9, 'Uceda'),
(7667, 37, 293, 6, 'Santa María de Sando'),
(7668, 50, 293, 6, 'Villarroya de la Sierra'),
(7669, 8, 294, 3, 'Vallgorguina'),
(7670, 9, 294, 6, 'Quintanilla de la Mata'),
(7671, 19, 294, 4, 'Ujados'),
(7672, 37, 294, 1, 'Santa Marta de Tormes'),
(7673, 50, 294, 1, 'Villarroya del Campo'),
(7674, 8, 295, 6, 'Vallirana'),
(7675, 9, 295, 9, 'Quintanilla del Coco'),
(7676, 50, 295, 4, 'Vistabella'),
(7677, 8, 296, 9, 'Vallromanes'),
(7678, 19, 296, 0, 'Utande'),
(7679, 37, 296, 7, 'Santiago de la Puebla'),
(7680, 50, 296, 7, 'Zaida, La'),
(7681, 8, 297, 5, 'Veciana'),
(7682, 9, 297, 8, 'Quintanillas, Las'),
(7683, 19, 297, 6, 'Valdarachas'),
(7684, 37, 297, 3, 'Santibáñez de Béjar'),
(7685, 50, 297, 3, 'Zaragoza'),
(7686, 8, 298, 1, 'Vic'),
(7687, 9, 298, 4, 'Quintanilla San García'),
(7688, 19, 298, 2, 'Valdearenas'),
(7689, 37, 298, 9, 'Santibáñez de la Sierra'),
(7690, 50, 298, 9, 'Zuera'),
(7691, 8, 299, 4, 'Vilada'),
(7692, 19, 299, 5, 'Valdeavellano'),
(7693, 37, 299, 2, 'Santiz'),
(7694, 8, 300, 8, 'Viladecavalls'),
(7695, 19, 300, 9, 'Valdeaveruelo'),
(7696, 37, 300, 6, 'Santos, Los'),
(7697, 8, 301, 5, 'Viladecans'),
(7698, 9, 301, 8, 'Quintanilla Vivar'),
(7699, 19, 301, 6, 'Valdeconcha'),
(7700, 37, 301, 3, 'Sardón de los Frailes'),
(7701, 8, 302, 0, 'Vilanova del Camí'),
(7702, 9, 302, 3, 'Rabanera del Pinar'),
(7703, 19, 302, 1, 'Valdegrudas'),
(7704, 37, 302, 8, 'Saucelle'),
(7705, 8, 303, 6, 'Vilanova de Sau'),
(7706, 9, 303, 9, 'Rábanos'),
(7707, 19, 303, 7, 'Valdelcubo'),
(7708, 37, 303, 4, 'Sahugo, El'),
(7709, 8, 304, 1, 'Vilobí del Penedès'),
(7710, 9, 304, 4, 'Rabé de las Calzadas'),
(7711, 19, 304, 2, 'Valdenuño Fernández'),
(7712, 37, 304, 9, 'Sepulcro-Hilario'),
(7713, 8, 305, 4, 'Vilafranca del Penedès'),
(7714, 19, 305, 5, 'Valdepeñas de la Sierra'),
(7715, 37, 305, 2, 'Sequeros'),
(7716, 8, 306, 7, 'Vilalba Sasserra'),
(7717, 9, 306, 0, 'Rebolledo de la Torre'),
(7718, 19, 306, 8, 'Valderrebollo'),
(7719, 37, 306, 5, 'Serradilla del Arroyo'),
(7720, 8, 307, 3, 'Vilanova i la Geltrú'),
(7721, 9, 307, 6, 'Redecilla del Camino'),
(7722, 19, 307, 4, 'Valdesotos'),
(7723, 37, 307, 1, 'Serradilla del Llano'),
(7724, 8, 308, 9, 'Viver i Serrateix'),
(7725, 9, 308, 2, 'Redecilla del Campo'),
(7726, 19, 308, 0, 'Valfermoso de Tajuña'),
(7727, 9, 309, 5, 'Regumiel de la Sierra'),
(7728, 19, 309, 3, 'Valhermoso'),
(7729, 37, 309, 0, 'Sierpe, La'),
(7730, 9, 310, 9, 'Reinoso'),
(7731, 19, 310, 7, 'Valtablado del Río'),
(7732, 37, 310, 4, 'Sieteiglesias de Tormes'),
(7733, 9, 311, 6, 'Retuerta'),
(7734, 19, 311, 4, 'Valverde de los Arroyos'),
(7735, 37, 311, 1, 'Sobradillo'),
(7736, 9, 312, 1, 'Revilla y Ahedo, La'),
(7737, 37, 312, 6, 'Sorihuela'),
(7738, 37, 313, 2, 'Sotoserrano'),
(7739, 9, 314, 2, 'Revilla del Campo'),
(7740, 19, 314, 0, 'Viana de Jadraque'),
(7741, 37, 314, 7, 'Tabera de Abajo'),
(7742, 9, 315, 5, 'Revillarruz'),
(7743, 37, 315, 0, 'Tala, La'),
(7744, 9, 316, 8, 'Revilla Vallejera'),
(7745, 37, 316, 3, 'Tamames'),
(7746, 9, 317, 4, 'Rezmondo'),
(7747, 19, 317, 2, 'Villanueva de Alcorón'),
(7748, 37, 317, 9, 'Tarazona de Guareña'),
(7749, 9, 318, 0, 'Riocavado de la Sierra'),
(7750, 19, 318, 8, 'Villanueva de Argecilla'),
(7751, 37, 318, 5, 'Tardáguila'),
(7752, 19, 319, 1, 'Villanueva de la Torre'),
(7753, 37, 319, 8, 'Tejado, El'),
(7754, 37, 320, 2, 'Tejeda y Segoyuela'),
(7755, 9, 321, 4, 'Roa'),
(7756, 19, 321, 2, 'Villares de Jadraque'),
(7757, 37, 321, 9, 'Tenebrón'),
(7758, 19, 322, 7, 'Villaseca de Henares'),
(7759, 37, 322, 4, 'Terradillos'),
(7760, 9, 323, 5, 'Rojas'),
(7761, 19, 323, 3, 'Villaseca de Uceda'),
(7762, 37, 323, 0, 'Topas'),
(7763, 19, 324, 8, 'Villel de Mesa'),
(7764, 37, 324, 5, 'Tordillos'),
(7765, 9, 325, 3, 'Royuela de Río Franco'),
(7766, 19, 325, 1, 'Viñuelas'),
(7767, 37, 325, 8, 'Tornadizo, El'),
(7768, 9, 326, 6, 'Rubena'),
(7769, 19, 326, 4, 'Yebes'),
(7770, 9, 327, 2, 'Rublacedo de Abajo'),
(7771, 19, 327, 0, 'Yebra'),
(7772, 37, 327, 7, 'Torresmenudas'),
(7773, 9, 328, 8, 'Rucandio'),
(7774, 37, 328, 3, 'Trabanca'),
(7775, 9, 329, 1, 'Salas de Bureba'),
(7776, 19, 329, 9, 'Yélamos de Abajo'),
(7777, 37, 329, 6, 'Tremedal de Tormes'),
(7778, 9, 330, 5, 'Salas de los Infantes'),
(7779, 19, 330, 3, 'Yélamos de Arriba'),
(7780, 37, 330, 0, 'Valdecarros'),
(7781, 19, 331, 0, 'Yunquera de Henares'),
(7782, 37, 331, 7, 'Valdefuentes de Sangusín'),
(7783, 9, 332, 7, 'Saldaña de Burgos'),
(7784, 19, 332, 5, 'Yunta, La'),
(7785, 37, 332, 2, 'Valdehijaderos'),
(7786, 19, 333, 1, 'Zaorejas'),
(7787, 37, 333, 8, 'Valdelacasa'),
(7788, 9, 334, 8, 'Salinillas de Bureba'),
(7789, 19, 334, 6, 'Zarzuela de Jadraque'),
(7790, 37, 334, 3, 'Valdelageve'),
(7791, 9, 335, 1, 'San Adrián de Juarros'),
(7792, 19, 335, 9, 'Zorita de los Canes'),
(7793, 37, 335, 6, 'Valdelosa'),
(7794, 37, 336, 9, 'Valdemierque'),
(7795, 9, 337, 0, 'San Juan del Monte'),
(7796, 37, 337, 5, 'Valderrodrigo'),
(7797, 9, 338, 6, 'San Mamés de Burgos'),
(7798, 37, 338, 1, 'Valdunciel'),
(7799, 9, 339, 9, 'San Martín de Rubiales'),
(7800, 37, 339, 4, 'Valero'),
(7801, 9, 340, 3, 'San Millán de Lara'),
(7802, 37, 340, 8, 'Valsalabroso'),
(7803, 37, 341, 5, 'Valverde de Valdelacasa'),
(7804, 37, 342, 0, 'Valverdón'),
(7805, 9, 343, 1, 'Santa Cecilia'),
(7806, 37, 343, 6, 'Vallejera de Riofrío'),
(7807, 37, 344, 1, 'Vecinos'),
(7808, 9, 345, 9, 'Santa Cruz de la Salceda'),
(7809, 37, 345, 4, 'Vega de Tirados'),
(7810, 9, 346, 2, 'Santa Cruz del Valle Urbión'),
(7811, 37, 346, 7, 'Veguillas, Las'),
(7812, 9, 347, 8, 'Santa Gadea del Cid'),
(7813, 37, 347, 3, 'Vellés, La'),
(7814, 9, 348, 4, 'Santa Inés'),
(7815, 37, 348, 9, 'Ventosa del Río Almar'),
(7816, 37, 349, 2, 'Vídola, La'),
(7817, 9, 350, 0, 'Santa María del Campo'),
(7818, 37, 350, 5, 'Vilvestre'),
(7819, 9, 351, 7, 'Santa María del Invierno'),
(7820, 37, 351, 2, 'Villaflores'),
(7821, 9, 352, 2, 'Santa María del Mercadillo'),
(7822, 37, 352, 7, 'Villagonzalo de Tormes'),
(7823, 9, 353, 8, 'Santa María Rivarredonda'),
(7824, 37, 353, 3, 'Villalba de los Llanos'),
(7825, 9, 354, 3, 'Santa Olalla de Bureba'),
(7826, 37, 354, 8, 'Villamayor'),
(7827, 9, 355, 6, 'Santibáñez de Esgueva'),
(7828, 37, 355, 1, 'Villanueva del Conde'),
(7829, 9, 356, 9, 'Santibáñez del Val'),
(7830, 37, 356, 4, 'Villar de Argañán'),
(7831, 37, 357, 0, 'Villar de Ciervo'),
(7832, 9, 358, 1, 'Santo Domingo de Silos'),
(7833, 37, 358, 6, 'Villar de Gallimazo'),
(7834, 37, 359, 9, 'Villar de la Yegua'),
(7835, 9, 360, 8, 'San Vicente del Valle'),
(7836, 37, 360, 3, 'Villar de Peralonso'),
(7837, 9, 361, 5, 'Sargentes de la Lora'),
(7838, 37, 361, 0, 'Villar de Samaniego'),
(7839, 9, 362, 0, 'Sarracín'),
(7840, 37, 362, 5, 'Villares de la Reina'),
(7841, 9, 363, 6, 'Sasamón'),
(7842, 37, 363, 1, 'Villares de Yeltes'),
(7843, 37, 364, 6, 'Villarino de los Aires'),
(7844, 9, 365, 4, 'Sequera de Haza, La'),
(7845, 37, 365, 9, 'Villarmayor'),
(7846, 9, 366, 7, 'Solarana'),
(7847, 37, 366, 2, 'Villarmuerto'),
(7848, 37, 367, 8, 'Villasbuenas'),
(7849, 9, 368, 9, 'Sordillos'),
(7850, 37, 368, 4, 'Villasdardo'),
(7851, 9, 369, 2, 'Sotillo de la Ribera'),
(7852, 37, 369, 7, 'Villaseco de los Gamitos'),
(7853, 37, 370, 1, 'Villaseco de los Reyes'),
(7854, 37, 371, 8, 'Villasrubias'),
(7855, 9, 372, 8, 'Sotragero'),
(7856, 37, 372, 3, 'Villaverde de Guareña'),
(7857, 9, 373, 4, 'Sotresgudo'),
(7858, 37, 373, 9, 'Villavieja de Yeltes'),
(7859, 9, 374, 9, 'Susinos del Páramo'),
(7860, 37, 374, 4, 'Villoria'),
(7861, 9, 375, 2, 'Tamarón'),
(7862, 37, 375, 7, 'Villoruela'),
(7863, 37, 376, 0, 'Vitigudino'),
(7864, 9, 377, 1, 'Tardajos'),
(7865, 37, 377, 6, 'Yecla de Yeltes'),
(7866, 9, 378, 7, 'Tejada'),
(7867, 37, 378, 2, 'Zamarra'),
(7868, 37, 379, 5, 'Zamayón'),
(7869, 9, 380, 4, 'Terradillos de Esgueva'),
(7870, 37, 380, 9, 'Zarapicos'),
(7871, 9, 381, 1, 'Tinieblas de la Sierra'),
(7872, 37, 381, 6, 'Zarza de Pumareda, La'),
(7873, 9, 382, 6, 'Tobar'),
(7874, 37, 382, 1, 'Zorita de la Frontera'),
(7875, 9, 384, 7, 'Tordómar'),
(7876, 9, 386, 3, 'Torrecilla del Monte'),
(7877, 9, 387, 9, 'Torregalindo'),
(7878, 9, 388, 5, 'Torrelara'),
(7879, 9, 389, 8, 'Torrepadre'),
(7880, 9, 390, 2, 'Torresandino'),
(7881, 9, 391, 9, 'Tórtoles de Esgueva'),
(7882, 9, 392, 4, 'Tosantos'),
(7883, 9, 394, 5, 'Trespaderne'),
(7884, 9, 395, 8, 'Tubilla del Agua'),
(7885, 9, 396, 1, 'Tubilla del Lago'),
(7886, 9, 398, 3, 'Úrbel del Castillo'),
(7887, 9, 400, 0, 'Vadocondes'),
(7888, 9, 403, 8, 'Valdeande'),
(7889, 9, 405, 6, 'Valdezate'),
(7890, 9, 406, 9, 'Valdorros'),
(7891, 9, 407, 5, 'Valmala'),
(7892, 9, 408, 1, 'Vallarta de Bureba'),
(7893, 9, 409, 4, 'Valle de Manzanedo'),
(7894, 9, 410, 8, 'Valle de Mena'),
(7895, 9, 411, 5, 'Valle de Oca'),
(7896, 9, 412, 0, 'Valle de Tobalina'),
(7897, 9, 413, 6, 'Valle de Valdebezana'),
(7898, 9, 414, 1, 'Valle de Valdelaguna'),
(7899, 9, 415, 4, 'Valle de Valdelucio'),
(7900, 9, 416, 7, 'Valle de Zamanzas'),
(7901, 9, 417, 3, 'Vallejera'),
(7902, 9, 418, 9, 'Valles de Palenzuela'),
(7903, 9, 419, 2, 'Valluércanes'),
(7904, 9, 421, 3, 'Vid y Barrios, La'),
(7905, 9, 422, 8, 'Vid de Bureba, La'),
(7906, 9, 423, 4, 'Vileña'),
(7907, 9, 424, 9, 'Viloria de Rioja'),
(7908, 9, 425, 2, 'Vilviestre del Pinar'),
(7909, 9, 427, 1, 'Villadiego'),
(7910, 9, 428, 7, 'Villaescusa de Roa'),
(7911, 9, 429, 0, 'Villaescusa la Sombría'),
(7912, 9, 430, 4, 'Villaespasa'),
(7913, 9, 431, 1, 'Villafranca Montes de Oca'),
(7914, 9, 432, 6, 'Villafruela'),
(7915, 9, 433, 2, 'Villagalijo'),
(7916, 9, 434, 7, 'Villagonzalo Pedernales'),
(7917, 9, 437, 9, 'Villahoz'),
(7918, 9, 438, 5, 'Villalba de Duero'),
(7919, 9, 439, 8, 'Villalbilla de Burgos'),
(7920, 9, 440, 2, 'Villalbilla de Gumiel'),
(7921, 9, 441, 9, 'Villaldemiro'),
(7922, 9, 442, 4, 'Villalmanzo'),
(7923, 9, 443, 0, 'Villamayor de los Montes'),
(7924, 9, 444, 5, 'Villamayor de Treviño'),
(7925, 9, 445, 8, 'Villambistia'),
(7926, 9, 446, 1, 'Villamedianilla'),
(7927, 9, 447, 7, 'Villamiel de la Sierra'),
(7928, 9, 448, 3, 'Villangómez'),
(7929, 9, 449, 6, 'Villanueva de Argaño'),
(7930, 9, 450, 9, 'Villanueva de Carazo'),
(7931, 9, 451, 6, 'Villanueva de Gumiel'),
(7932, 9, 454, 2, 'Villanueva de Teba'),
(7933, 9, 455, 5, 'Villaquirán de la Puebla'),
(7934, 9, 456, 8, 'Villaquirán de los Infantes'),
(7935, 9, 458, 0, 'Villariezo'),
(7936, 9, 460, 7, 'Villasandino'),
(7937, 9, 463, 5, 'Villasur de Herreros'),
(7938, 9, 464, 0, 'Villatuelda'),
(7939, 9, 466, 6, 'Villaverde del Monte'),
(7940, 9, 467, 2, 'Villaverde-Mogina'),
(7941, 9, 471, 2, 'Villayerno Morquillas'),
(7942, 9, 472, 7, 'Villazopeque'),
(7943, 9, 473, 3, 'Villegas'),
(7944, 9, 476, 4, 'Villoruebo'),
(7945, 9, 478, 6, 'Vizcaínos'),
(7946, 9, 480, 3, 'Zael'),
(7947, 9, 482, 5, 'Zarzosa de Río Pisuerga'),
(7948, 9, 483, 1, 'Zazuar'),
(7949, 9, 485, 9, 'Zuñeda'),
(7950, 1, 901, 5, 'Iruña Oka/Iruña de Oca'),
(7951, 2, 901, 0, 'Pozo Cañada'),
(7952, 3, 901, 6, 'Poblets, els'),
(7953, 4, 901, 1, 'Tres Villas, Las'),
(7954, 5, 901, 4, 'San Juan de Gredos'),
(7955, 6, 901, 7, 'Valdelacalzada'),
(7956, 7, 901, 3, 'Ariany'),
(7957, 8, 901, 9, 'Rupit i Pruit'),
(7958, 9, 901, 2, 'Quintanilla del Agua y Tordueles'),
(7959, 10, 901, 6, 'Rosalejo'),
(7960, 11, 901, 3, 'Benalup-Casas Viejas'),
(7961, 12, 901, 8, 'Alquerías del Niño Perdido'),
(7962, 13, 901, 4, 'Robledo, El'),
(7963, 15, 901, 2, 'Cariño'),
(7964, 16, 901, 5, 'Campos del Paraíso'),
(7965, 17, 901, 1, 'Cruïlles,  Monells i Sant Sadurní de l\'Heura'),
(7966, 18, 901, 7, 'Taha, La'),
(7967, 19, 901, 0, 'Semillas'),
(7968, 20, 901, 4, 'Mendaro'),
(7969, 22, 901, 6, 'Valle de Hecho'),
(7970, 23, 901, 2, 'Cárcheles'),
(7971, 24, 901, 7, 'Villamanín'),
(7972, 25, 901, 0, 'Vall de Cardós'),
(7973, 27, 901, 9, 'Baralla'),
(7974, 28, 901, 5, 'Lozoyuela-Navas-Sieteiglesias'),
(7975, 29, 901, 8, 'Torremolinos'),
(7976, 30, 901, 2, 'Santomera'),
(7977, 31, 901, 9, 'Barañain'),
(7978, 34, 901, 5, 'Osorno la Mayor'),
(7979, 36, 901, 1, 'Illa de Arousa, A'),
(7980, 38, 901, 3, 'Pinar de El Hierro, El'),
(7981, 40, 901, 0, 'Ortigosa del Monte'),
(7982, 41, 901, 7, 'Cañada Rosal'),
(7983, 43, 901, 8, 'Deltebre'),
(7984, 45, 901, 6, 'Santo Domingo-Caudilla'),
(7985, 48, 901, 1, 'Derio'),
(7986, 50, 901, 7, 'Biel'),
(7987, 1, 902, 0, 'Lantarón'),
(7988, 3, 902, 1, 'Pilar de la Horadada'),
(7989, 4, 902, 6, 'Ejido, El'),
(7990, 5, 902, 9, 'Santa María del Cubillo'),
(7991, 6, 902, 2, 'Pueblonuevo del Guadiana'),
(7992, 7, 902, 8, 'Migjorn Gran, Es'),
(7993, 8, 902, 4, 'Vilanova del Vallès'),
(7994, 9, 902, 7, 'Valle de Santibáñez'),
(7995, 10, 902, 1, 'Vegaviana'),
(7996, 11, 902, 8, 'San José del Valle'),
(7997, 12, 902, 3, 'Sant Joan de Moró'),
(7998, 13, 902, 9, 'Ruidera'),
(7999, 16, 902, 0, 'Valdetórtola'),
(8000, 17, 902, 6, 'Forallac'),
(8001, 18, 902, 2, 'Valle, El'),
(8002, 20, 902, 9, 'Lasarte-Oria'),
(8003, 22, 902, 1, 'Puente la Reina de Jaca'),
(8004, 23, 902, 7, 'Bedmar y Garcíez'),
(8005, 24, 902, 2, 'Villaornate y Castro'),
(8006, 25, 902, 5, 'Sant Martí de Riucorb'),
(8007, 27, 902, 4, 'Burela'),
(8008, 28, 902, 0, 'Puentes Viejas'),
(8009, 29, 902, 3, 'Villanueva de la Concepción'),
(8010, 30, 902, 7, 'Alcázares, Los'),
(8011, 31, 902, 4, 'Berrioplano/Berriobeiti'),
(8012, 34, 902, 0, 'Valle del Retortillo'),
(8013, 40, 902, 5, 'Cozuelos de Fuentidueña'),
(8014, 41, 902, 2, 'Isla Mayor'),
(8015, 43, 902, 3, 'Sant Jaume d\'Enveja'),
(8016, 46, 902, 4, 'Gátova'),
(8017, 48, 902, 6, 'Erandio'),
(8018, 50, 902, 2, 'Marracos'),
(8019, 3, 903, 7, 'Montesinos, Los'),
(8020, 4, 903, 2, 'Mojonera, La'),
(8021, 5, 903, 5, 'Diego del Carpio'),
(8022, 8, 903, 0, 'Sant Julià de Cerdanyola'),
(8023, 9, 903, 3, 'Villarcayo de Merindad de Castilla la Vieja'),
(8024, 10, 903, 7, 'Alagón del Río'),
(8025, 13, 903, 5, 'Arenales de San Gregorio'),
(8026, 16, 903, 6, 'Valeras, Las'),
(8027, 17, 903, 2, 'Sant Julià del Llor i Bonmatí'),
(8028, 18, 903, 8, 'Nevada'),
(8029, 20, 903, 5, 'Astigarraga'),
(8030, 22, 903, 7, 'San Miguel del Cinca'),
(8031, 23, 903, 3, 'Villatorres'),
(8032, 25, 903, 1, 'Guingueta d\'Àneu, La'),
(8033, 28, 903, 6, 'Tres Cantos'),
(8034, 31, 903, 0, 'Berriozar'),
(8035, 34, 903, 6, 'Loma de Ucieza'),
(8036, 40, 903, 1, 'Marazoleja'),
(8037, 41, 903, 8, 'Cuervo de Sevilla, El'),
(8038, 43, 903, 9, 'Camarles'),
(8039, 46, 903, 0, 'San Antonio de Benagéber'),
(8040, 48, 903, 2, 'Loiu'),
(8041, 50, 903, 8, 'Villamayor de Gállego'),
(8042, 3, 904, 2, 'San Isidro'),
(8043, 5, 904, 0, 'Santiago del Tormes'),
(8044, 8, 904, 5, 'Badia del Vallès'),
(8045, 9, 904, 8, 'Valle de las Navas'),
(8046, 13, 904, 0, 'Llanos del Caudillo'),
(8047, 16, 904, 1, 'Fuentenava de Jábaga'),
(8048, 18, 904, 3, 'Alpujarra de la Sierra'),
(8049, 20, 904, 0, 'Baliarrain'),
(8050, 22, 904, 2, 'Sotonera, La'),
(8051, 23, 904, 8, 'Santiago-Pontones'),
(8052, 25, 904, 6, 'Castell de Mur'),
(8053, 31, 904, 5, 'Irurtzun'),
(8054, 34, 904, 1, 'Pernía, La'),
(8055, 40, 904, 6, 'Navas de Riofrío'),
(8056, 43, 904, 4, 'Aldea, L\''),
(8057, 46, 904, 5, 'Benicull de Xúquer'),
(8058, 48, 904, 7, 'Sondika'),
(8059, 5, 905, 3, 'Villanueva de Ávila'),
(8060, 8, 905, 8, 'Palma de Cervelló, La'),
(8061, 9, 905, 1, 'Valle de Sedano'),
(8062, 16, 905, 4, 'Arcas del Villar'),
(8063, 18, 905, 6, 'Gabias, Las'),
(8064, 20, 905, 3, 'Orendain'),
(8065, 22, 905, 5, 'Lupiñén-Ortilla'),
(8066, 23, 905, 1, 'Arroyo del Ojanco'),
(8067, 25, 905, 9, 'Ribera d\'Ondara'),
(8068, 31, 905, 8, 'Beriáin'),
(8069, 40, 905, 9, 'Cuevas de Provanco'),
(8070, 43, 905, 7, 'Salou'),
(8071, 48, 905, 0, 'Zamudio'),
(8072, 9, 906, 4, 'Merindad de Río Ubierna'),
(8073, 16, 906, 7, 'Valdecolmenas, Los'),
(8074, 18, 906, 9, 'Guajares, Los'),
(8075, 20, 906, 6, 'Altzaga'),
(8076, 22, 906, 8, 'Santa María de Dulcis'),
(8077, 25, 906, 2, 'Valls d\'Aguilar, Les'),
(8078, 31, 906, 1, 'Orkoien'),
(8079, 40, 906, 2, 'San Cristóbal de Segovia'),
(8080, 43, 906, 0, 'Ampolla, L\''),
(8081, 48, 906, 3, 'Forua'),
(8082, 9, 907, 0, 'Alfoz de Quintanadueñas'),
(8083, 18, 907, 5, 'Valle del Zalabí'),
(8084, 20, 907, 2, 'Gaztelu'),
(8085, 22, 907, 4, 'Aínsa-Sobrarbe'),
(8086, 25, 907, 8, 'Torrefeta i Florejacs'),
(8087, 31, 907, 7, 'Zizur Mayor/Zizur Nagusia'),
(8088, 43, 907, 6, 'Canonja, La'),
(8089, 48, 907, 9, 'Kortezubi'),
(8090, 9, 908, 6, 'Valle de Losa'),
(8091, 16, 908, 9, 'Pozorrubielos de la Mancha'),
(8092, 18, 908, 1, 'Villamena'),
(8093, 22, 908, 0, 'Hoz y Costean'),
(8094, 25, 908, 4, 'Fígols i Alinyà'),
(8095, 31, 908, 3, 'Lekunberri'),
(8096, 48, 908, 5, 'Murueta'),
(8097, 16, 909, 2, 'Sotorribas'),
(8098, 18, 909, 4, 'Morelábor'),
(8099, 22, 909, 3, 'Vencillón'),
(8100, 25, 909, 7, 'Vansa i Fórnols, La'),
(8101, 48, 909, 8, 'Nabarniz'),
(8102, 16, 910, 6, 'Villar y Velasco'),
(8103, 18, 910, 8, 'Pinar, El'),
(8104, 25, 910, 1, 'Josa i Tuixén'),
(8105, 48, 910, 2, 'Iurreta'),
(8106, 18, 911, 5, 'Vegas del Genil'),
(8107, 25, 911, 8, 'Plans de Sió, Els'),
(8108, 48, 911, 9, 'Ajangiz'),
(8109, 18, 912, 0, 'Cuevas del Campo'),
(8110, 25, 912, 3, 'Gimenells i el Pla de la Font'),
(8111, 48, 912, 4, 'Alonsotegi'),
(8112, 18, 913, 6, 'Zagra'),
(8113, 25, 913, 9, 'Riu de Cerdanya'),
(8114, 48, 913, 0, 'Zierbena'),
(8115, 48, 914, 5, 'Arratzu'),
(8116, 48, 915, 8, 'Ziortza-Bolibar');

-- --------------------------------------------------------

--
-- Estructura de tabla para la tabla `preferencias`
--

CREATE TABLE `preferencias` (
  `id` int(11) NOT NULL,
  `users_id` int(11) DEFAULT NULL,
  `preferencia` mediumtext COLLATE utf8_unicode_ci,
  `dato` mediumtext COLLATE utf8_unicode_ci
) ENGINE=InnoDB DEFAULT CHARSET=utf8 COLLATE=utf8_unicode_ci;

-- --------------------------------------------------------

--
-- Estructura de tabla para la tabla `provincia`
--

CREATE TABLE `provincia` (
  `id_ccaa` int(10) UNSIGNED DEFAULT NULL,
  `ID` int(10) UNSIGNED NOT NULL,
  `provincia` tinytext COLLATE utf8_unicode_ci NOT NULL,
  `especial` int(11) NOT NULL,
  `correo_notificaciones` tinytext COLLATE utf8_unicode_ci NOT NULL
) ENGINE=InnoDB DEFAULT CHARSET=utf8 COLLATE=utf8_unicode_ci;

--
-- Volcado de datos para la tabla `provincia`
--

INSERT INTO `provincia` (`id_ccaa`, `ID`, `provincia`, `especial`, `correo_notificaciones`) VALUES
(16, 1, 'Alava', 0, ''),
(8, 2, 'albacete', 0, ''),
(10, 3, 'alicante', 0, ''),
(1, 4, 'almería', 0, ''),
(7, 5, 'ávila', 0, ''),
(11, 6, 'badajoz', 0, ''),
(4, 7, 'islas baleares', 0, ''),
(9, 8, 'barcelona', 0, ''),
(7, 9, 'burgos', 0, ''),
(11, 10, 'cáceres', 0, ''),
(1, 11, 'cádiz', 0, ''),
(10, 12, 'castellón', 0, ''),
(8, 13, 'ciudad real', 0, ''),
(1, 14, 'córdoba', 0, ''),
(12, 15, 'coruña', 0, ''),
(8, 16, 'cuenca', 0, ''),
(9, 17, 'girona', 0, ''),
(1, 18, 'granada', 0, ''),
(8, 19, 'guadalajara', 0, ''),
(16, 20, 'guipúzcoa', 0, ''),
(1, 21, 'huelva', 0, ''),
(2, 22, 'huesca', 0, ''),
(1, 23, 'jaén', 0, ''),
(7, 24, 'león', 0, ''),
(9, 25, 'lleida', 0, ''),
(17, 26, 'la rioja', 0, ''),
(12, 27, 'lugo', 0, ''),
(13, 28, 'madrid', 0, ''),
(1, 29, 'málaga', 0, ''),
(14, 30, 'murcia', 0, ''),
(15, 31, 'navarra', 0, ''),
(12, 32, 'ourense', 0, ''),
(3, 33, 'asturias', 0, ''),
(7, 34, 'palencia', 0, ''),
(5, 35, 'las palmas', 0, ''),
(12, 36, 'pontevedra', 0, ''),
(7, 37, 'salamanca', 0, ''),
(5, 38, 'santa cruz de tenerife', 0, ''),
(6, 39, 'cantabria', 0, ''),
(7, 40, 'segovia', 0, ''),
(1, 41, 'sevilla', 0, ''),
(2, 42, 'soria', 0, ''),
(9, 43, 'tarragona', 0, ''),
(2, 44, 'teruel', 0, ''),
(8, 45, 'toledo', 0, ''),
(10, 46, 'valencia', 0, ''),
(7, 47, 'valladolid', 0, ''),
(16, 48, 'vizcaya', 0, ''),
(7, 49, 'zamora', 0, ''),
(2, 50, 'zaragoza', 0, ''),
(18, 51, 'ceuta', 0, ''),
(19, 52, 'melilla', 0, '');

-- --------------------------------------------------------

--
-- Estructura de tabla para la tabla `users`
--

CREATE TABLE `users` (
  `id` int(11) NOT NULL,
  `id_ccaa` int(10) UNSIGNED DEFAULT NULL,
  `id_municipio` smallint(5) UNSIGNED DEFAULT NULL,
  `id_provincia` int(10) UNSIGNED DEFAULT NULL,
  `role` varchar(20) COLLATE utf8_unicode_ci NOT NULL,
  `email` varchar(255) COLLATE utf8_unicode_ci NOT NULL,
  `name` varchar(255) COLLATE utf8_unicode_ci NOT NULL,
  `surname` varchar(255) COLLATE utf8_unicode_ci NOT NULL,
  `password` varchar(255) COLLATE utf8_unicode_ci NOT NULL,
  `nick` varchar(50) COLLATE utf8_unicode_ci DEFAULT NULL,
  `bio` varchar(255) COLLATE utf8_unicode_ci DEFAULT NULL,
  `is_active` tinyint(1) DEFAULT '0',
  `image` varchar(255) COLLATE utf8_unicode_ci DEFAULT NULL,
  `nif` tinytext COLLATE utf8_unicode_ci,
  `nivel_usuario` int(11) NOT NULL DEFAULT '1',
  `nivel_acceso` smallint(6) NOT NULL DEFAULT '10',
  `fecha_ultima` datetime DEFAULT NULL,
  `codigo_rec` tinytext COLLATE utf8_unicode_ci,
  `bloqueo` char(2) COLLATE utf8_unicode_ci NOT NULL DEFAULT 'no',
  `razon_bloqueo` tinytext COLLATE utf8_unicode_ci,
  `fecha_control` datetime DEFAULT NULL
) ENGINE=InnoDB DEFAULT CHARSET=utf8 COLLATE=utf8_unicode_ci;

--
-- Volcado de datos para la tabla `users`
--

INSERT INTO `users` (`id`, `id_ccaa`, `id_municipio`, `id_provincia`, `role`, `email`, `name`, `surname`, `password`, `nick`, `bio`, `is_active`, `image`, `nif`, `nivel_usuario`, `nivel_acceso`, `fecha_ultima`, `codigo_rec`, `bloqueo`, `razon_bloqueo`, `fecha_control`) VALUES
(1, 13, 3535, 28, 'ROLE_SUPER_ADMIN', 'info@demokratian.org', 'Carlos', 'Salgado', '$2y$06$FSAmAVo4RNUiHSoZRaKdru0Y8FUYS70RA74EIO8VIIkm0w.fqlJ1i', 'csalgadow', 'biografia', 0, NULL, '00043252', 1, 10, NULL, NULL, 'no', NULL, NULL);

-- --------------------------------------------------------

--
-- Estructura de tabla para la tabla `valida_inscritos`
--

CREATE TABLE `valida_inscritos` (
  `users_id` int(11) DEFAULT NULL,
  `id` int(11) NOT NULL,
  `inscritos_ID` int(10) UNSIGNED DEFAULT NULL
) ENGINE=InnoDB DEFAULT CHARSET=utf8 COLLATE=utf8_unicode_ci;

--
-- Índices para tablas volcadas
--

--
-- Indices de la tabla `acciones`
--
ALTER TABLE `acciones`
  ADD PRIMARY KEY (`id`);

--
-- Indices de la tabla `actividad`
--
ALTER TABLE `actividad`
  ADD PRIMARY KEY (`id`);

--
-- Indices de la tabla `actividad_user`
--
ALTER TABLE `actividad_user`
  ADD PRIMARY KEY (`id`),
  ADD KEY `IDX_8883840D7B00651C` (`status`),
  ADD KEY `users_id` (`users_id`),
  ADD KEY `actividad_id` (`actividad_id`);

--
-- Indices de la tabla `categories`
--
ALTER TABLE `categories`
  ADD PRIMARY KEY (`id`);

--
-- Indices de la tabla `ccaa`
--
ALTER TABLE `ccaa`
  ADD PRIMARY KEY (`ID`);

--
-- Indices de la tabla `entries`
--
ALTER TABLE `entries`
  ADD PRIMARY KEY (`id`),
  ADD KEY `fk_entries_categories1_idx` (`category_id`),
  ADD KEY `fk_entries_users1_idx` (`user_id`) USING BTREE;

--
-- Indices de la tabla `inscritos`
--
ALTER TABLE `inscritos`
  ADD PRIMARY KEY (`ID`),
  ADD UNIQUE KEY `ID_UNIQUE` (`ID`);

--
-- Indices de la tabla `inscritos_acciones`
--
ALTER TABLE `inscritos_acciones`
  ADD PRIMARY KEY (`id`),
  ADD KEY `status` (`status`) USING BTREE,
  ADD KEY `inscritos_ID` (`inscritos_ID`) USING BTREE;

--
-- Indices de la tabla `inscritos_images`
--
ALTER TABLE `inscritos_images`
  ADD PRIMARY KEY (`id`),
  ADD UNIQUE KEY `id_UNIQUE` (`id`),
  ADD KEY `fk_inscritos_images_inscritos1_idx` (`inscritos_ID`);

--
-- Indices de la tabla `municipios`
--
ALTER TABLE `municipios`
  ADD PRIMARY KEY (`id_municipio`),
  ADD KEY `fk_municipios_provincia1_idx` (`id_provincia`);

--
-- Indices de la tabla `preferencias`
--
ALTER TABLE `preferencias`
  ADD PRIMARY KEY (`id`),
  ADD KEY `fk_preferencias_users1_idx` (`users_id`);

--
-- Indices de la tabla `provincia`
--
ALTER TABLE `provincia`
  ADD PRIMARY KEY (`ID`),
  ADD KEY `fk_provincia_ccaa1_idx` (`id_ccaa`);

--
-- Indices de la tabla `users`
--
ALTER TABLE `users`
  ADD PRIMARY KEY (`id`),
  ADD UNIQUE KEY `users_uniques_fields` (`email`,`nick`),
  ADD KEY `fk_users_provincia1_idx` (`id_provincia`),
  ADD KEY `fk_users_municipios1_idx` (`id_municipio`),
  ADD KEY `fk_users_ccaa1_idx` (`id_ccaa`);

--
-- Indices de la tabla `valida_inscritos`
--
ALTER TABLE `valida_inscritos`
  ADD PRIMARY KEY (`id`),
  ADD UNIQUE KEY `ID_UNIQUE` (`id`),
  ADD KEY `fk_inscritos_has_users_users1_idx` (`users_id`),
  ADD KEY `fk_inscritos_has_users_inscritos1_idx` (`inscritos_ID`);

--
-- AUTO_INCREMENT de las tablas volcadas
--

--
-- AUTO_INCREMENT de la tabla `acciones`
--
ALTER TABLE `acciones`
  MODIFY `id` int(255) NOT NULL AUTO_INCREMENT, AUTO_INCREMENT=4;

--
-- AUTO_INCREMENT de la tabla `actividad`
--
ALTER TABLE `actividad`
  MODIFY `id` int(11) NOT NULL AUTO_INCREMENT;

--
-- AUTO_INCREMENT de la tabla `actividad_user`
--
ALTER TABLE `actividad_user`
  MODIFY `id` int(11) NOT NULL AUTO_INCREMENT;

--
-- AUTO_INCREMENT de la tabla `categories`
--
ALTER TABLE `categories`
  MODIFY `id` int(11) NOT NULL AUTO_INCREMENT, AUTO_INCREMENT=10;

--
-- AUTO_INCREMENT de la tabla `ccaa`
--
ALTER TABLE `ccaa`
  MODIFY `ID` int(10) UNSIGNED NOT NULL AUTO_INCREMENT, AUTO_INCREMENT=20;

--
-- AUTO_INCREMENT de la tabla `entries`
--
ALTER TABLE `entries`
  MODIFY `id` int(11) NOT NULL AUTO_INCREMENT, AUTO_INCREMENT=104;

--
-- AUTO_INCREMENT de la tabla `inscritos`
--
ALTER TABLE `inscritos`
  MODIFY `ID` int(10) UNSIGNED NOT NULL AUTO_INCREMENT;

--
-- AUTO_INCREMENT de la tabla `inscritos_acciones`
--
ALTER TABLE `inscritos_acciones`
  MODIFY `id` int(10) UNSIGNED NOT NULL AUTO_INCREMENT;

--
-- AUTO_INCREMENT de la tabla `inscritos_images`
--
ALTER TABLE `inscritos_images`
  MODIFY `id` int(10) UNSIGNED NOT NULL AUTO_INCREMENT;

--
-- AUTO_INCREMENT de la tabla `preferencias`
--
ALTER TABLE `preferencias`
  MODIFY `id` int(11) NOT NULL AUTO_INCREMENT;

--
-- AUTO_INCREMENT de la tabla `users`
--
ALTER TABLE `users`
  MODIFY `id` int(11) NOT NULL AUTO_INCREMENT, AUTO_INCREMENT=2;

--
-- AUTO_INCREMENT de la tabla `valida_inscritos`
--
ALTER TABLE `valida_inscritos`
  MODIFY `id` int(11) NOT NULL AUTO_INCREMENT;

--
-- Restricciones para tablas volcadas
--

--
-- Filtros para la tabla `actividad_user`
--
ALTER TABLE `actividad_user`
  ADD CONSTRAINT `FK_8883840D67B3B43D` FOREIGN KEY (`users_id`) REFERENCES `users` (`id`),
  ADD CONSTRAINT `FK_8883840D7B00651C` FOREIGN KEY (`status`) REFERENCES `actividad` (`id`);

--
-- Filtros para la tabla `entries`
--
ALTER TABLE `entries`
  ADD CONSTRAINT `FK_2DF8B3C512469DE2` FOREIGN KEY (`category_id`) REFERENCES `categories` (`id`),
  ADD CONSTRAINT `FK_2DF8B3C5A76ED395` FOREIGN KEY (`user_id`) REFERENCES `users` (`id`);

--
-- Filtros para la tabla `inscritos_acciones`
--
ALTER TABLE `inscritos_acciones`
  ADD CONSTRAINT `inscritos_acciones_ibfk_1` FOREIGN KEY (`status`) REFERENCES `acciones` (`id`),
  ADD CONSTRAINT `inscritos_acciones_ibfk_2` FOREIGN KEY (`inscritos_ID`) REFERENCES `inscritos` (`ID`);

--
-- Filtros para la tabla `inscritos_images`
--
ALTER TABLE `inscritos_images`
  ADD CONSTRAINT `FK_BBF4793181F68998` FOREIGN KEY (`inscritos_ID`) REFERENCES `inscritos` (`ID`);

--
-- Filtros para la tabla `municipios`
--
ALTER TABLE `municipios`
  ADD CONSTRAINT `FK_BBFAB58653AF4E34` FOREIGN KEY (`id_provincia`) REFERENCES `provincia` (`ID`);

--
-- Filtros para la tabla `preferencias`
--
ALTER TABLE `preferencias`
  ADD CONSTRAINT `FK_A7DE718967B3B43D` FOREIGN KEY (`users_id`) REFERENCES `users` (`id`);

--
-- Filtros para la tabla `provincia`
--
ALTER TABLE `provincia`
  ADD CONSTRAINT `FK_D39AF2138F35E5A2` FOREIGN KEY (`id_ccaa`) REFERENCES `ccaa` (`ID`);

--
-- Filtros para la tabla `users`
--
ALTER TABLE `users`
  ADD CONSTRAINT `FK_1483A5E953AF4E34` FOREIGN KEY (`id_provincia`) REFERENCES `provincia` (`ID`),
  ADD CONSTRAINT `FK_1483A5E97EAD49C7` FOREIGN KEY (`id_municipio`) REFERENCES `municipios` (`id_municipio`),
  ADD CONSTRAINT `FK_1483A5E98F35E5A2` FOREIGN KEY (`id_ccaa`) REFERENCES `ccaa` (`ID`);

--
-- Filtros para la tabla `valida_inscritos`
--
ALTER TABLE `valida_inscritos`
  ADD CONSTRAINT `FK_9D3AAC2B67B3B43D` FOREIGN KEY (`users_id`) REFERENCES `users` (`id`),
  ADD CONSTRAINT `FK_9D3AAC2B81F68998` FOREIGN KEY (`inscritos_ID`) REFERENCES `inscritos` (`ID`);
COMMIT;

/*!40101 SET CHARACTER_SET_CLIENT=@OLD_CHARACTER_SET_CLIENT */;
/*!40101 SET CHARACTER_SET_RESULTS=@OLD_CHARACTER_SET_RESULTS */;
/*!40101 SET COLLATION_CONNECTION=@OLD_COLLATION_CONNECTION */;
